gene,mendelian,drug_target
7SK,False,False
A1BG,False,False
A1CF,False,False
A2M,False,False
A2ML1,False,False
A3GALT2,False,False
AACS,False,False
AADAC,False,False
AADACL2,False,False
AADACL4,False,False
AADAT,False,False
AAGAB,False,False
AANAT,False,False
AARD,False,False
AARS1,False,False
AASDH,False,False
AASDHPPT,False,False
AASS,False,False
ABAT,False,True
ABCA1,False,False
ABCA10,False,False
ABCA12,False,False
ABCA13,False,False
ABCA2,False,False
ABCA3,False,False
ABCA4,False,False
ABCA5,False,False
ABCA7,False,False
ABCB1,False,False
ABCB10,False,False
ABCB11,False,False
ABCB4,False,False
ABCB5,False,False
ABCB6,False,False
ABCB7,False,False
ABCB9,False,False
ABCC1,False,False
ABCC10,False,False
ABCC11,False,False
ABCC12,False,False
ABCC2,False,False
ABCC3,False,False
ABCC4,False,False
ABCC5,False,False
ABCC6,False,False
ABCC8,True,True
ABCC9,False,False
ABCD1,False,False
ABCD2,False,False
ABCD3,False,False
ABCD4,False,False
ABCE1,False,False
ABCF1,False,False
ABCG1,False,False
ABCG2,False,False
ABCG4,False,False
ABCG5,False,False
ABCG8,False,False
ABHD1,False,False
ABHD10,False,False
ABHD11,False,False
ABHD12,False,False
ABHD12B,False,False
ABHD13,False,False
ABHD14B,False,False
ABHD15,False,False
ABHD16A,False,False
ABHD17A,False,False
ABHD17B,False,False
ABHD17C,False,False
ABHD18,False,False
ABHD2,False,False
ABHD3,False,False
ABHD5,False,False
ABHD6,False,False
ABHD8,False,False
ABI1,False,False
ABI2,False,False
ABI3,False,False
ABI3BP,False,False
ABL1,False,True
ABL2,False,False
ABLIM1,False,False
ABLIM3,False,False
ABO,False,False
ABR,False,False
ABRA,False,False
ABRAXAS1,False,False
ABT1,False,False
ABTB1,False,False
ABTB2,False,False
ABTB3,False,False
ACAA1,False,False
ACAA2,False,False
ACACA,False,True
ACACB,False,True
ACAD10,False,False
ACAD11,False,False
ACAD8,False,False
ACAD9,False,False
ACADL,False,False
ACADM,False,False
ACADS,True,False
ACADSB,False,False
ACADVL,True,False
ACAN,False,False
ACAP1,False,False
ACAP2,False,False
ACAT1,False,False
ACAT2,False,False
ACBD3,False,False
ACBD5,False,False
ACBD6,False,False
ACBD7,False,False
ACCS,False,False
ACCSL,False,False
ACD,False,False
ACE,False,True
ACE2,False,False
ACER1,False,False
ACER2,False,False
ACHE,False,True
ACKR1,False,False
ACKR2,False,False
ACKR3,False,False
ACKR4,False,False
ACKR5,False,False
ACLY,False,True
ACMSD,False,False
ACO1,False,False
ACO2,False,False
ACOD1,False,False
ACOT1,False,False
ACOT11,False,False
ACOT12,False,False
ACOT13,False,False
ACOT2,False,False
ACOT4,False,False
ACOT7,False,False
ACOT8,False,False
ACOX1,False,False
ACOX2,False,False
ACOX3,False,False
ACOXL,False,False
ACP1,False,False
ACP2,False,False
ACP3,False,False
ACP4,False,False
ACP5,False,False
ACP6,False,False
ACP7,False,False
ACR,False,False
ACSBG1,False,False
ACSF2,False,False
ACSF3,False,False
ACSL1,False,False
ACSL3,False,False
ACSL4,False,False
ACSL5,False,False
ACSL6,False,False
ACSM3,False,False
ACSM5,False,False
ACSS1,False,False
ACSS2,False,False
ACSS3,False,False
ACTA1,False,False
ACTA2,False,False
ACTB,False,False
ACTBL2,False,False
ACTG1,False,False
ACTL7A,False,False
ACTL7B,False,False
ACTL8,False,False
ACTMAP,False,False
ACTN1,False,False
ACTN2,False,False
ACTN3,False,False
ACTN4,False,False
ACTR10,False,False
ACTR1A,False,False
ACTR2,False,False
ACTR3,False,False
ACTR3B,False,False
ACVR1,False,False
ACVR1B,False,False
ACVR1C,False,False
ACVR2A,False,False
ACVR2B,False,True
ACVRL1,False,False
ACY1,False,False
ACY3,False,False
ACYP1,False,False
ACYP2,False,False
ADA,False,False
ADA2,False,False
ADAD1,False,False
ADAM10,False,False
ADAM11,False,False
ADAM12,False,False
ADAM15,False,False
ADAM17,False,False
ADAM19,False,False
ADAM22,False,False
ADAM23,False,False
ADAM28,False,False
ADAM30,False,False
ADAM32,False,False
ADAM33,False,False
ADAM7,False,False
ADAM8,False,False
ADAM9,False,False
ADAMDEC1,False,False
ADAMTS1,False,False
ADAMTS12,False,False
ADAMTS13,False,False
ADAMTS14,False,False
ADAMTS15,False,False
ADAMTS16,False,False
ADAMTS17,False,False
ADAMTS18,False,False
ADAMTS19,False,False
ADAMTS2,False,False
ADAMTS20,False,False
ADAMTS4,False,False
ADAMTS5,False,False
ADAMTS6,False,False
ADAMTS7,False,False
ADAMTS8,False,False
ADAMTS9,True,False
ADAMTS9-AS2,False,False
ADAMTSL1,False,False
ADAMTSL2,False,False
ADAMTSL3,False,False
ADAMTSL4,False,False
ADAP2,False,False
ADAR,False,False
ADARB1,False,False
ADARB2,False,False
ADAT1,False,False
ADCK1,False,False
ADCK2,False,False
ADCK5,False,False
ADCY1,False,False
ADCY10,False,False
ADCY2,False,False
ADCY3,False,False
ADCY4,False,False
ADCY5,False,False
ADCY6,False,False
ADCY8,False,False
ADCY9,False,False
ADCYAP1,False,False
ADCYAP1R1,False,False
ADD1,False,False
ADD2,False,False
ADD3,False,False
ADGRA1,False,False
ADGRA2,False,False
ADGRB1,False,False
ADGRB2,False,False
ADGRB3,False,False
ADGRB3-DT,False,False
ADGRE1,False,False
ADGRE2,False,False
ADGRE5,False,False
ADGRF1,False,False
ADGRF3,False,False
ADGRF5,False,False
ADGRG1,False,False
ADGRG2,False,False
ADGRG3,False,False
ADGRG4,False,False
ADGRG6,False,False
ADGRG7,False,False
ADGRL1,False,False
ADGRL2,False,False
ADGRL3,False,False
ADGRL4,False,False
ADGRV1,False,False
ADH1A,False,False
ADH1B,False,False
ADH1C,False,False
ADH4,False,False
ADH5,False,False
ADH6,False,False
ADHFE1,False,False
ADI1,False,False
ADIG,False,False
ADIPOQ,False,False
ADIPOR1,False,False
ADIPOR2,False,False
ADISSP,False,False
ADK,False,False
ADM,False,False
ADM2,False,False
ADNP,False,False
ADNP2,False,False
ADO,False,False
ADORA1,False,True
ADORA2A,False,True
ADORA2A-AS1,False,False
ADORA2B,False,True
ADORA3,False,True
ADPRH,False,False
ADPRS,False,False
ADRA1A,False,True
ADRA1B,False,True
ADRA1D,False,True
ADRA2A,False,True
ADRA2B,False,True
ADRA2C,False,True
ADRB1,False,True
ADRB2,False,True
ADRB3,False,True
ADRM1,False,False
ADSL,False,False
ADTRP,False,False
AEBP1,False,False
AFAP1,False,False
AFAP1L2,False,False
AFDN,False,False
AFF1,False,False
AFF2,False,False
AFF3,False,False
AFG2A,False,False
AFG3L2,False,False
AFM,False,False
AFMID,False,False
AFP,False,False
AFTPH,False,False
AGA,False,False
AGAP1,False,False
AGAP2,False,False
AGAP3,False,False
AGAP4,False,False
AGAP5,False,False
AGBL1,False,False
AGBL2,False,False
AGBL3,False,False
AGBL4,False,False
AGBL5,False,False
AGER,False,False
AGFG1,False,False
AGFG2,False,False
AGGF1,False,False
AGK,False,False
AGL,False,False
AGMAT,False,False
AGMO,False,False
AGO1,False,False
AGO2,False,False
AGPAT1,False,False
AGPAT2,True,False
AGPAT3,False,False
AGPAT5,False,False
AGPS,False,False
AGR2,False,False
AGR3,False,False
AGRN,False,False
AGRP,False,False
AGT,False,False
AGTPBP1,False,False
AGTR1,False,True
AGTR2,False,False
AGTRAP,False,False
AGXT,False,False
AGXT2,False,False
AHCY,False,False
AHCYL1,False,False
AHCYL2,False,False
AHI1,True,False
AHNAK,False,False
AHNAK2,False,False
AHR,False,False
AHRR,False,False
AHSA1,False,False
AHSG,False,False
AHSP,False,False
AICDA,False,False
AIDA,False,False
AIF1,False,False
AIF1L,False,False
AIFM1,False,False
AIFM2,False,False
AIFM3,False,False
AIG1,False,False
AIM2,False,False
AIMP1,False,False
AIP,False,False
AIPL1,False,False
AIRE,False,False
AIRN,False,False
AJAP1,False,False
AK1,False,False
AK2,False,False
AK3,False,False
AK4,False,False
AK4P3,False,False
AK5,False,False
AK7,False,False
AK9,False,False
AKAP1,False,False
AKAP11,False,False
AKAP12,False,False
AKAP13,False,False
AKAP19,False,False
AKAP3,False,False
AKAP5,False,False
AKAP6,False,False
AKAP8L,False,False
AKIP1,False,False
AKIRIN1,False,False
AKNA,False,False
AKNAD1,False,False
AKR1A1,False,False
AKR1B1,False,True
AKR1B10,False,False
AKR1B15,False,False
AKR1C1,False,False
AKR1C2,False,False
AKR1C3,False,False
AKR1D1,False,False
AKT1,False,False
AKT1S1,False,False
AKT2,True,False
AKT3,False,False
AKTIP,False,False
ALAD,False,False
ALAS1,False,False
ALAS2,False,False
ALB,False,False
ALCAM,False,False
ALDH16A1,False,False
ALDH18A1,False,False
ALDH1A1,False,False
ALDH1A2,True,False
ALDH1A3,False,False
ALDH1B1,False,False
ALDH1L1,False,False
ALDH2,False,False
ALDH3A1,False,False
ALDH3A2,False,False
ALDH3B1,False,False
ALDH3B2,False,False
ALDH4A1,False,False
ALDH5A1,False,False
ALDH6A1,False,False
ALDH7A1,False,False
ALDH9A1,False,False
ALDOA,False,False
ALDOB,False,False
ALDOC,False,False
ALG10,False,False
ALG10B,False,False
ALG14,False,False
ALG2,False,False
ALG5,False,False
ALG6,False,False
ALG8,False,False
ALK,False,False
ALKAL2,False,False
ALKBH1,False,False
ALKBH3,False,False
ALKBH5,False,False
ALKBH7,False,False
ALLC,False,False
ALMS1,True,False
ALMS1P1,False,False
ALOX12,False,False
ALOX12B,False,False
ALOX15,False,False
ALOX15B,False,False
ALOX5,False,False
ALOX5AP,False,False
ALPG,False,False
ALPI,False,False
ALPK1,False,False
ALPK3,False,False
ALPL,False,False
ALPP,False,False
ALX1,False,False
ALX3,False,False
ALX4,False,False
ALYREF,False,False
AMACR,False,False
AMBN,False,False
AMBP,False,False
AMBRA1,False,False
AMD1,False,False
AMELX,False,False
AMER1,False,False
AMER3,False,False
AMFR,False,False
AMH,False,False
AMHR2,False,False
AMIGO2,False,False
AMIGO3,False,False
AMN,False,False
AMN1,False,False
AMOT,False,False
AMOTL1,False,False
AMOTL2,False,False
AMPD1,False,False
AMPD2,False,False
AMPD3,False,False
AMPH,False,False
AMT,False,False
AMY1A,False,False
AMY1B,False,False
AMY1C,False,False
AMY2A,False,True
AMY2B,False,False
AMZ1,False,False
ANAPC1,False,False
ANAPC10,False,False
ANAPC4,False,False
ANAPC5,False,False
ANAPC7,False,False
ANG,True,False
ANGEL1,False,False
ANGPT1,False,False
ANGPT2,False,False
ANGPT4,False,False
ANGPTL1,False,False
ANGPTL2,False,False
ANGPTL3,False,True
ANGPTL4,True,False
ANGPTL5,False,False
ANGPTL6,False,False
ANGPTL7,False,False
ANGPTL8,True,False
ANHX,False,False
ANK1,False,False
ANK2,False,False
ANK3,False,False
ANKAR,False,False
ANKDD1B,False,False
ANKEF1,False,False
ANKFY1,False,False
ANKH,False,False
ANKIB1,False,False
ANKK1,False,False
ANKLE1,False,False
ANKLE2,False,False
ANKRD1,False,False
ANKRD10,False,False
ANKRD11,False,False
ANKRD12,False,False
ANKRD13A,False,False
ANKRD13C-DT,False,False
ANKRD17,False,False
ANKRD18B,False,False
ANKRD2,False,False
ANKRD20A4P,False,False
ANKRD23,False,False
ANKRD26,False,False
ANKRD27,False,False
ANKRD28,False,False
ANKRD30A,False,False
ANKRD31,False,False
ANKRD34B,False,False
ANKRD36,False,False
ANKRD39,False,False
ANKRD42,False,False
ANKRD46,False,False
ANKRD49,False,False
ANKRD50,False,False
ANKRD52,False,False
ANKRD55,False,False
ANKRD6,False,False
ANKRD65,False,False
ANKRD7,False,False
ANKRD9,False,False
ANKS1A,False,False
ANKS1B,False,False
ANKS4B,False,False
ANKS6,False,False
ANLN,False,False
ANO1,False,False
ANO2,False,False
ANO3,False,False
ANO5,False,False
ANO6,False,False
ANOS1,False,False
ANPEP,False,False
ANTXR1,False,False
ANTXR2,False,False
ANXA1,False,False
ANXA10,False,False
ANXA11,False,False
ANXA2,False,False
ANXA2R,False,False
ANXA3,False,False
ANXA4,False,False
ANXA5,False,False
ANXA6,False,False
ANXA7,False,False
ANXA8,False,False
AOAH,False,False
AOC1,False,False
AOC2,False,False
AOC3,False,False
AOPEP,False,False
AOX1,False,False
AP1M2,False,False
AP1S1,False,False
AP1S2,False,False
AP2A1,False,False
AP2A2,False,False
AP2B1,False,False
AP2M1,False,False
AP2S1,False,False
AP3B1,False,False
AP3B2,False,False
AP3D1,False,False
AP3M1,False,False
AP3S1,False,False
AP3S2,False,False
AP4B1,False,False
AP4E1,False,False
AP5B1,False,False
AP5S1,False,False
AP5Z1,False,False
APAF1,False,False
APBA1,False,False
APBA2,False,False
APBA3,False,False
APBB1IP,False,False
APBB2,False,False
APC,False,False
APC2,False,False
APCDD1,False,False
APCS,False,False
APEH,False,False
APELA,False,False
APEX1,False,False
APEX2,False,False
APH1A,False,False
APH1B,False,False
API5,False,False
APIP,False,False
APLF,False,False
APLN,False,False
APLNR,False,True
APLP2,False,False
APMAP,False,False
APOA1,False,False
APOA2,False,False
APOA4,False,False
APOA5,False,False
APOB,False,True
APOBEC2,False,False
APOBEC3A,False,False
APOBEC3B,False,False
APOBEC4,False,False
APOBR,False,False
APOC1,False,False
APOC1P1,False,False
APOC2,False,False
APOC3,False,True
APOC4,False,False
APOD,False,False
APOE,False,False
APOF,False,False
APOH,False,False
APOL1,False,False
APOL2,False,False
APOL3,False,False
APOL4,False,False
APOL5,False,False
APOL6,False,False
APOLD1,False,False
APOM,False,False
APOO,False,False
APP,False,False
APPAT,False,False
APPL1,True,False
APPL2,False,False
APRT,False,False
AQP1,False,False
AQP10,False,False
AQP11,False,False
AQP2,False,False
AQP3,False,False
AQP4,False,False
AQP5,False,False
AQP6,False,False
AQP7,False,False
AQP7B,False,False
AQP7P3,False,False
AQP8,False,False
AQP9,False,False
AQR,False,False
AR,False,True
ARAF,False,False
ARAP1,False,False
ARAP3,False,False
ARB2A,False,False
ARC,False,False
ARCN1,False,False
AREG,False,False
AREL1,False,False
ARF1,False,False
ARF4,False,False
ARF5,False,False
ARF6,False,False
ARFGAP3,False,False
ARFGEF2,False,False
ARFGEF3,False,False
ARFIP2,False,False
ARFRP1,False,False
ARG1,False,False
ARG2,False,False
ARGLU1,False,False
ARHGAP1,False,False
ARHGAP11A,False,False
ARHGAP12,False,False
ARHGAP15,False,False
ARHGAP18,False,False
ARHGAP19,False,False
ARHGAP20,False,False
ARHGAP21,False,False
ARHGAP22,False,False
ARHGAP24,False,False
ARHGAP25,False,False
ARHGAP26,False,False
ARHGAP27,False,False
ARHGAP28,False,False
ARHGAP29,False,False
ARHGAP31,False,False
ARHGAP32,False,False
ARHGAP35,False,False
ARHGAP36,False,False
ARHGAP39,False,False
ARHGAP42,False,False
ARHGAP44,False,False
ARHGDIA,False,False
ARHGDIB,False,False
ARHGEF1,False,False
ARHGEF10,False,False
ARHGEF11,False,False
ARHGEF12,False,False
ARHGEF16,False,False
ARHGEF26,False,False
ARHGEF28,False,False
ARHGEF3,False,False
ARHGEF39,False,False
ARHGEF4,False,False
ARHGEF6,False,False
ARHGEF7,False,False
ARHGEF9,False,False
ARID1A,False,False
ARID1B,False,False
ARID2,False,False
ARID3A,False,False
ARID3B,False,False
ARID4A,False,False
ARID4B,False,False
ARID5B,False,False
ARIH2,False,False
ARL11,False,False
ARL13B,False,False
ARL14,False,False
ARL14EP,False,False
ARL15,False,False
ARL17A,False,False
ARL17B,False,False
ARL2,False,False
ARL3,False,False
ARL4A,False,False
ARL4C,False,False
ARL4D,False,False
ARL5B,False,False
ARL6,False,False
ARL6IP1,False,False
ARL6IP4,False,False
ARL6IP5,False,False
ARL6IP6,False,False
ARLN,False,False
ARMC1,False,False
ARMC10,False,False
ARMC5,False,False
ARMC7,False,False
ARMC9,True,False
ARMCX3,False,False
ARMH2,False,False
ARMH4,False,False
ARMS2,False,False
ARNT,False,False
ARNT2,False,False
ARPC1B,False,False
ARPC2,False,False
ARPC3,False,False
ARPC4,False,False
ARPC5,False,False
ARPIN,False,False
ARPP19,False,False
ARPP21,False,False
ARR3,False,False
ARRB1,False,False
ARRB2,False,False
ARRDC1,False,False
ARRDC2,False,False
ARRDC3,False,False
ARRDC4,False,False
ARRDC5,False,False
ARSA,False,False
ARSB,False,False
ARSD,False,False
ARSG,False,False
ARSI,False,False
ARSL,False,False
ART1,False,False
ART3,False,False
ART4,False,False
ARTN,False,False
ARV1,False,False
ARVCF,False,False
ARX,False,False
AS3MT,False,False
ASAH1,False,False
ASAH2,False,False
ASAP1,False,False
ASB1,False,False
ASB10,False,False
ASB14,True,False
ASB15,False,False
ASB3,False,False
ASB4,False,False
ASB7,False,False
ASB8,False,False
ASCC1,False,False
ASCC2,False,False
ASCC3,False,False
ASCL1,False,False
ASCL2,False,False
ASCL4,False,False
ASF1A,False,False
ASGR1,False,True
ASH1L,False,False
ASH2L,False,False
ASIC1,False,False
ASIC2,False,False
ASIC3,False,False
ASIC5,False,False
ASIP,False,False
ASL,False,False
ASNS,False,False
ASNSD1,False,False
ASPA,False,False
ASPG,False,False
ASPH,False,False
ASPM,False,False
ASPN,False,False
ASPNAT,False,False
ASPSCR1,False,False
ASRGL1,False,False
ASS1,False,False
ASTE1,False,False
ASTL,False,False
ASTN1,False,False
ASTN2,False,False
ASXL1,True,False
ASXL2,False,False
ASXL3,False,False
ASZ1,False,False
ATAD1,False,False
ATAD2,False,False
ATAD3C,False,False
ATAD5,False,False
ATAT1,False,False
ATCAY,False,False
ATE1,False,False
ATF1,False,False
ATF2,False,False
ATF3,False,False
ATF4,False,False
ATF5,False,False
ATF6,False,False
ATF6B,False,False
ATF7IP,False,False
ATG10,False,False
ATG12,False,False
ATG13,False,False
ATG14,False,False
ATG16L1,False,False
ATG16L2,False,False
ATG3,False,False
ATG4A,False,False
ATG4B,False,False
ATG4C,False,False
ATG4D,False,False
ATG5,False,False
ATG7,False,False
ATG9A,False,False
ATG9B,False,False
ATIC,False,False
ATL2,False,False
ATM,False,False
ATMIN,False,False
ATN1,False,False
ATOH1,False,False
ATOH7,False,False
ATOH8,False,False
ATOSA,False,False
ATOX1,False,False
ATP10A,False,False
ATP10D,False,False
ATP11A,False,False
ATP11B,False,False
ATP11C,False,False
ATP12A,False,False
ATP13A1,False,False
ATP13A2,False,False
ATP13A3,False,False
ATP1A1,False,True
ATP1A2,True,True
ATP1A3,False,True
ATP1A4,False,True
ATP1B1,False,True
ATP1B2,False,True
ATP1B3,False,True
ATP2A1,False,False
ATP2A2,False,False
ATP2A3,False,False
ATP2B1,False,False
ATP2B2,False,False
ATP2B3,False,False
ATP2B4,False,False
ATP2C1,False,False
ATP4A,False,True
ATP4B,False,True
ATP5F1A,False,False
ATP5F1B,False,False
ATP5F1C,False,False
ATP5F1D,False,False
ATP5F1E,False,False
ATP5IF1,False,False
ATP5IF1-AS1,False,False
ATP5MC1,False,False
ATP5MC2,False,False
ATP5MC3,False,False
ATP5ME,False,False
ATP5MF,False,False
ATP5MF-PTCD1,False,False
ATP5MG,False,False
ATP5MGL,False,False
ATP5MK,False,False
ATP5PB,False,False
ATP5PD,False,False
ATP5PF,False,False
ATP5PO,False,False
ATP6AP1,False,False
ATP6AP2,False,False
ATP6V0A1,False,False
ATP6V0A4,False,False
ATP6V0B,False,False
ATP6V0C,False,False
ATP6V0D1,False,False
ATP6V0D2,False,False
ATP6V0E1,False,False
ATP6V1A,False,False
ATP6V1B1,False,False
ATP6V1B2,False,False
ATP6V1C1,False,False
ATP6V1D,False,False
ATP6V1E2,False,False
ATP6V1G1,False,False
ATP6V1G2,False,False
ATP6V1G3,False,False
ATP6V1H,False,False
ATP7A,False,False
ATP7B,False,False
ATP8A1,False,False
ATP8A2,False,False
ATP8B1,False,False
ATP8B2,False,False
ATP8B3,False,False
ATP9A,False,False
ATP9B,False,False
ATR,False,False
ATRAID,False,False
ATRIP,False,False
ATRN,False,False
ATRNL1,False,False
ATRX,False,False
ATXN1,False,False
ATXN10,False,False
ATXN2,False,False
ATXN2L,False,False
ATXN3,False,False
ATXN7,False,False
ATXN7L1,False,False
ATXN7L3B,False,False
AUH,False,False
AURKA,False,False
AURKB,False,False
AUTS2,False,False
AVEN,False,False
AVIL,False,False
AVL9,False,False
AVP,False,False
AVPR1A,False,False
AVPR1B,False,False
AVPR2,False,False
AWAT1,False,False
AWAT2,False,False
AXIN1,False,False
AXIN2,False,False
AXL,False,False
AZGP1,False,False
AZI2,False,False
AZIN1,False,False
AZU1,False,False
B2M,False,False
B3GALNT1,False,False
B3GALNT2,False,False
B3GALT1,False,False
B3GALT2,False,False
B3GALT4,False,False
B3GALT5,False,False
B3GAT1,False,False
B3GAT2,False,False
B3GAT3,False,False
B3GLCT,False,False
B3GNT2,False,False
B3GNT3,False,False
B3GNT5,False,False
B4GALNT1,False,False
B4GALNT3,False,False
B4GALT1,False,False
B4GALT2,False,False
B4GALT5,False,False
B4GALT6,False,False
B9D1,False,False
B9D2,False,False
BAAT,False,False
BABAM1,False,False
BABAM2,False,False
BACC1,False,False
BACE1,False,False
BACE2,False,False
BACH1,False,False
BACH2,False,False
BAD,False,False
BAG1,False,False
BAG2,False,False
BAG3,False,False
BAG4,False,False
BAG5,False,False
BAG6,False,False
BAIAP2,False,False
BAIAP2L1,False,False
BAIAP2L2,False,False
BAIAP3,False,False
BAK1,False,False
BAMBI,False,False
BANCR,False,False
BANF1,False,False
BANK1,False,False
BANP,False,False
BAP1,False,False
BARHL1,False,False
BARHL2,False,False
BARX1,False,False
BARX2,False,False
BASP1,False,False
BATF,False,False
BATF2,False,False
BATF3,False,False
BAX,False,False
BAZ1A,False,False
BAZ1B,False,False
BAZ2A,False,False
BAZ2B,False,False
BBC3,False,False
BBIP1,False,False
BBLN,False,False
BBOX1,False,False
BBS1,False,False
BBS10,False,False
BBS12,False,False
BBS2,False,False
BBS4,False,False
BBS5,False,False
BBS7,False,False
BBS9,False,False
BBX,False,False
BCAM,False,False
BCAN,False,False
BCAP31,False,False
BCAR1,False,False
BCAR3,False,False
BCAS2,False,False
BCAS3,False,False
BCAS4,False,False
BCAT1,False,False
BCAT2,False,False
BCCIP,False,False
BCDIN3D,False,False
BCHE,False,False
BCKDHA,False,False
BCKDHB,False,False
BCKDK,False,False
BCL10,False,False
BCL11A,False,False
BCL11B,False,False
BCL2,False,False
BCL2A1,False,False
BCL2L1,False,False
BCL2L10,False,False
BCL2L11,False,False
BCL2L13,False,False
BCL2L14,False,False
BCL2L15,False,False
BCL2L2,False,False
BCL3,False,False
BCL6,False,False
BCL7B,False,False
BCL7C,False,False
BCL9,False,False
BCLAF3,False,False
BCO1,False,False
BCO2,False,False
BCOR,False,False
BCORL1,False,False
BCR,False,True
BCS1L,False,False
BCYRN1,False,False
BDH1,False,False
BDH2,False,False
BDKRB1,False,False
BDKRB2,False,False
BDNF,False,False
BDP1,False,False
BECN1,False,False
BECN2,False,False
BEGAIN,False,False
BEND3,False,False
BEND4,False,False
BEND7,False,False
BEST1,False,False
BEST3,False,False
BEX1,False,False
BEX3,False,False
BFSP1,False,False
BFSP2,False,False
BGLAP,False,False
BGN,False,False
BHLHA15,False,False
BHLHE22,False,False
BHLHE40,False,False
BHLHE41,False,False
BHMT,False,False
BHMT2,False,False
BICC1,False,False
BICD1,False,False
BICD2,False,False
BICRA,False,False
BID,False,False
BIK,False,False
BIN1,False,False
BIN3,False,False
BIRC2,False,False
BIRC3,False,False
BIRC5,False,False
BIRC6,False,False
BIVM,False,False
BIVM-ERCC5,False,False
BKGD,False,False
BLCAP,False,False
BLID,False,False
BLK,True,False
BLM,False,False
BLNK,False,False
BLOC1S1,False,False
BLOC1S2,False,False
BLOC1S3,False,False
BLOC1S4,False,False
BLOC1S6,False,False
BLTP1,False,False
BLTP2,False,False
BLTP3A,False,False
BLTP3B,False,False
BLVRA,False,False
BLVRB,False,False
BMAL1,False,False
BMAL2,False,False
BMERB1,False,False
BMF,False,False
BMI1,False,False
BMP1,False,False
BMP10,False,False
BMP15,False,False
BMP2,False,False
BMP2K,False,False
BMP3,False,False
BMP4,False,False
BMP5,False,False
BMP6,False,False
BMP7,False,False
BMP8A,False,False
BMP8B,False,False
BMPER,False,False
BMPR1A,False,False
BMPR1B,False,False
BMPR2,False,False
BMS1P20,False,False
BMS1P4,False,False
BMX,False,True
BNC1,False,False
BNC2,False,False
BNIP3,False,False
BNIP3L,False,False
BOC,False,False
BOD1L1,False,False
BOD1L2,False,False
BOLA1,False,False
BOLA3,False,False
BOLL,False,False
BOP1,False,False
BORA,False,False
BORCS7,False,False
BORCS8,False,False
BPGM,False,False
BPI,False,False
BPIFA1,False,False
BPIFA2,False,False
BPIFA3,False,False
BPIFB1,False,False
BPIFB4,False,False
BPIFB6,False,False
BPNT1,False,False
BPNT2,False,False
BPTF,False,False
BRAF,False,True
BRAP,False,False
BRAT1,False,False
BRCA1,False,False
BRCA2,False,False
BRD10,False,False
BRD2,False,True
BRD3,False,True
BRD3OS,False,False
BRD4,False,True
BRD7,False,False
BRD9,False,False
BRDT,False,True
BRF1,False,False
BRF2,False,False
BRI3,False,False
BRINP3,False,False
BRIP1,False,False
BRIX1,False,False
BRS3,False,False
BRSK1,False,False
BRSK2,False,False
BRWD1,False,False
BSCL2,True,False
BSG,False,False
BSN,True,False
BSND,False,False
BSPH1,False,False
BST1,False,False
BST2,False,False
BSX,False,False
BTAF1,False,False
BTBD1,False,False
BTBD10,False,False
BTBD16,False,False
BTBD3,False,False
BTBD8,False,False
BTBD9,False,False
BTC,False,False
BTD,False,False
BTF3,False,False
BTG1,False,False
BTG2,False,False
BTG3,False,False
BTG4,False,False
BTK,False,True
BTLA,False,False
BTN2A1,False,False
BTN2A2,False,False
BTN3A1,False,False
BTN3A2,False,False
BTN3A3,False,False
BTNL2,False,False
BTNL9,False,False
BTRC,False,False
BUB1,False,False
BUB1B,False,False
BUB1B-PAK6,False,False
BUB3,False,False
BUD13,False,False
BUD23,False,False
BYSL,False,False
C10orf67,False,False
C10orf71,False,False
C10orf90,False,False
C11orf21,False,False
C11orf40,False,False
C11orf58,False,False
C11orf65,False,False
C11orf86,False,False
C11orf96,False,False
C11orf97,False,False
C12orf42,False,False
C12orf43,True,False
C14orf180,False,False
C14orf39,False,False
C15orf61,False,False
C16orf46,False,False
C16orf78,False,False
C16orf82,False,False
C16orf90,False,False
C17orf100,False,False
C17orf107,False,False
C17orf58,False,False
C17orf78,False,False
C19orf12,False,False
C1D,False,False
C1GALT1,False,False
C1GALT1C1,False,False
C1GALT1C1L,False,False
C1QA,False,False
C1QB,False,False
C1QBP,False,False
C1QC,False,False
C1QL1,False,False
C1QL3,False,False
C1QTNF1,False,False
C1QTNF12,False,False
C1QTNF2,False,False
C1QTNF3,False,False
C1QTNF4,False,False
C1QTNF5,False,False
C1QTNF6,False,False
C1QTNF7,False,False
C1QTNF8,False,False
C1QTNF9,False,False
C1QTNF9B,False,False
C1R,False,False
C1RL,False,False
C1S,False,False
C1orf105,False,False
C1orf141,False,False
C1orf185,False,False
C1orf21,False,False
C1orf216,False,False
C1orf56,False,False
C1orf94,False,False
C2,True,False
C20orf144,False,False
C21orf58,False,False
C21orf91,False,False
C2CD2L,False,False
C2CD4A,False,False
C2CD4B,False,False
C2CD5,False,False
C2orf15,False,False
C2orf76,False,False
C2orf78,False,False
C3,False,False
C3AR1,False,False
C3orf38,False,False
C3orf49,False,False
C3orf62,False,False
C3orf70,False,False
C4A,False,False
C4B,False,False
C4BPA,False,False
C4BPB,False,False
C4orf50,False,False
C5,False,True
C5AR1,False,False
C5AR2,False,False
C5orf15,False,False
C5orf22,False,False
C5orf24,False,False
C5orf47,False,False
C5orf52,False,False
C5orf63,False,False
C6,False,False
C6orf118,False,False
C6orf120,False,False
C6orf15,False,False
C6orf58,False,False
C6orf62,False,False
C7,False,False
C7orf33,False,False
C8A,False,False
C8orf34,False,False
C8orf44-SGK3,False,False
C8orf48,False,False
C8orf58,False,False
C8orf74,False,False
C8orf88,False,False
C9,False,False
C9orf152,False,False
C9orf153,False,False
C9orf72,False,False
CA1,False,True
CA10,False,False
CA11,False,False
CA12,False,True
CA13,False,False
CA14,False,False
CA2,False,True
CA3,False,False
CA4,False,True
CA5A,False,False
CA6,False,False
CA7,False,True
CA8,False,False
CA9,False,False
CAAP1,False,False
CAB39,False,False
CABCOCO1,False,False
CABIN1,False,False
CABLES1,False,False
CABP1,False,False
CABP2,False,False
CABP4,False,False
CABP5,False,False
CABP7,False,False
CACHD1,False,False
CACNA1A,False,False
CACNA1B,False,False
CACNA1C,False,True
CACNA1D,False,True
CACNA1E,False,False
CACNA1F,False,True
CACNA1G,False,False
CACNA1H,False,False
CACNA1I,False,False
CACNA1S,False,True
CACNA2D1,False,False
CACNA2D2,False,False
CACNA2D3,False,False
CACNA2D4,False,False
CACNB2,False,False
CACNB3,False,False
CACNB4,False,False
CACNG3,False,False
CACNG4,False,False
CACNG5,False,False
CACUL1,False,False
CACYBP,False,False
CAD,False,False
CADM1,False,False
CADM2,False,False
CADM3,False,False
CADPS,False,False
CADPS2,False,False
CAGE1,False,False
CALB1,False,False
CALB2,False,False
CALCA,False,False
CALCB,False,False
CALCOCO1,False,False
CALCOCO2,False,False
CALCR,False,True
CALCRL,False,False
CALD1,False,False
CALHM1,False,False
CALHM2,False,False
CALM1,False,False
CALM2,False,False
CALM3,False,False
CALML3,False,False
CALML4,False,False
CALML5,False,False
CALN1,False,False
CALR,False,False
CALU,False,False
CAMK1,False,False
CAMK1D,False,False
CAMK1G,False,False
CAMK2A,False,False
CAMK2B,False,False
CAMK2D,False,False
CAMK2G,False,False
CAMK2N1,False,False
CAMK2N2,False,False
CAMK4,False,False
CAMKK1,False,False
CAMKK2,False,False
CAMKMT,False,False
CAMKV,False,False
CAMP,False,False
CAMSAP1,False,False
CAMSAP2,False,False
CAMSAP3,False,False
CAMTA1,False,False
CAND1,False,False
CAND2,False,False
CANX,False,False
CAP1,False,False
CAP2,False,False
CAPG,False,False
CAPN1,False,False
CAPN10,True,False
CAPN11,False,False
CAPN12,False,False
CAPN13,False,False
CAPN14,False,False
CAPN2,False,False
CAPN3,False,False
CAPN5,False,False
CAPN8,False,False
CAPN9,False,False
CAPNS1,False,False
CAPNS2,False,False
CAPS,False,False
CAPS2,False,False
CAPSL,False,False
CAPZA1,False,False
CAPZA2,False,False
CAPZB,False,False
CARD10,False,False
CARD14,False,False
CARD16,False,False
CARD6,False,False
CARD8,False,False
CARD9,False,False
CARHSP1,False,False
CARM1,False,False
CARMIL1,False,False
CARMIL2,False,False
CARMIL3,False,False
CARMN,False,False
CARNS1,False,False
CARS1,False,False
CARS2,True,False
CARTPT,False,False
CASC11,False,False
CASC15,False,False
CASC19,False,False
CASC2,False,False
CASC3,False,False
CASC8,False,False
CASK,False,False
CASP1,False,True
CASP10,False,True
CASP12,False,True
CASP14,False,True
CASP2,False,True
CASP3,False,True
CASP4,False,True
CASP5,False,True
CASP6,False,True
CASP7,False,True
CASP8,False,True
CASP8AP2,False,False
CASP9,False,True
CASQ1,False,False
CASQ2,False,False
CASR,False,False
CAST,False,False
CASTOR2,False,False
CASZ1,False,False
CAT,False,False
CATIP,False,False
CATSPER1,False,False
CATSPER2,False,False
CATSPER4,False,False
CAV1,True,False
CAV2,False,False
CAV3,False,False
CAVIN1,True,False
CAVIN2,False,False
CAVIN4,False,False
CBARP,False,False
CBFA2T2,False,False
CBFA2T3,False,False
CBFB,False,False
CBL,False,False
CBLB,False,False
CBLC,False,False
CBLIF,False,False
CBLL1,False,False
CBLN1,False,False
CBLN2,False,False
CBLN4,False,False
CBR1,False,False
CBR3,False,False
CBS,False,False
CBX1,False,False
CBX3,False,False
CBX3P2,False,False
CBX3P7,False,False
CBX4,False,False
CBX5,False,False
CBX6,False,False
CBX7,False,False
CBX8,False,False
CC2D2A,False,False
CCAR2,False,False
CCBE1,False,False
CCDC102A,False,False
CCDC102B,False,False
CCDC107,False,False
CCDC12,False,False
CCDC120,False,False
CCDC122,False,False
CCDC126,False,False
CCDC13,False,False
CCDC134,False,False
CCDC136,False,False
CCDC14,False,False
CCDC141,False,False
CCDC144A,False,False
CCDC144NL,False,False
CCDC146,False,False
CCDC148-AS1,False,False
CCDC149,False,False
CCDC154,False,False
CCDC158,False,False
CCDC17,False,False
CCDC170,False,False
CCDC171,False,False
CCDC184,False,False
CCDC192,False,False
CCDC195,False,False
CCDC196,False,False
CCDC198,False,False
CCDC25,False,False
CCDC28B,False,False
CCDC3,False,False
CCDC32,False,False
CCDC33,False,False
CCDC34,False,False
CCDC39,False,False
CCDC40,False,False
CCDC42,False,False
CCDC47,False,False
CCDC50,False,False
CCDC51,False,False
CCDC57,False,False
CCDC59,False,False
CCDC6,False,False
CCDC60,False,False
CCDC62,False,False
CCDC63,False,False
CCDC66,False,False
CCDC68,False,False
CCDC69,False,False
CCDC7,False,False
CCDC71L,False,False
CCDC73,False,False
CCDC77,False,False
CCDC80,False,False
CCDC82,False,False
CCDC83,False,False
CCDC85A,False,False
CCDC85C,False,False
CCDC88A,False,False
CCDC88B,False,False
CCDC88C,False,False
CCDC90B,False,False
CCDC91,False,False
CCDC92,False,False
CCDC93,False,False
CCDC97,False,False
CCDC9B,False,False
CCER1,False,False
CCER2,False,False
CCHCR1,False,False
CCK,False,False
CCKAR,False,True
CCKBR,False,True
CCL1,False,False
CCL11,False,False
CCL13,False,False
CCL14,False,False
CCL15,False,False
CCL16,False,False
CCL17,False,False
CCL18,False,False
CCL19,False,False
CCL2,False,False
CCL20,False,False
CCL21,False,False
CCL22,False,False
CCL23,False,False
CCL24,False,False
CCL25,False,False
CCL26,False,False
CCL27,False,False
CCL28,False,False
CCL3,False,False
CCL3L3,False,False
CCL4,False,False
CCL4L2,False,False
CCL5,False,False
CCL7,False,False
CCL8,False,False
CCM2,False,False
CCM2L,False,False
CCN1,False,False
CCN2,False,True
CCN3,False,False
CCN4,False,False
CCN5,False,False
CCN6,False,False
CCNA2,False,False
CCNB1,False,False
CCNB2,False,False
CCNC,False,False
CCND1,False,False
CCND2,False,False
CCND3,False,False
CCNE1,False,False
CCNE2,False,False
CCNG1,False,False
CCNG2,False,False
CCNH,False,False
CCNI,False,False
CCNJL,False,False
CCNL1,False,False
CCNL2,False,False
CCNQ,False,False
CCNT2,False,False
CCNY,False,False
CCP110,False,False
CCPG1,False,False
CCR1,False,True
CCR10,False,False
CCR2,False,True
CCR3,False,False
CCR4,False,False
CCR5,False,True
CCR6,False,False
CCR7,False,False
CCR8,False,False
CCR9,False,False
CCRL2,False,False
CCS,False,False
CCSER1,False,False
CCSER2,False,False
CCT3,False,False
CCT4,False,False
CCT5,False,False
CCT6A,False,False
CCT7,False,False
CCT8,False,False
CCT8L1P,False,False
CCT8L2,False,False
CCZ1,False,False
CCZ1B,False,False
CD101,False,False
CD109,False,False
CD14,False,False
CD151,False,False
CD160,False,False
CD163,False,False
CD163L1,False,False
CD164,False,False
CD177,False,False
CD180,False,False
CD19,False,True
CD1A,False,False
CD1B,False,False
CD1C,False,False
CD1D,False,False
CD2,False,True
CD200,False,False
CD200R1,False,False
CD207,False,False
CD209,False,False
CD22,False,False
CD226,False,False
CD24,False,False
CD244,False,False
CD247,False,False
CD248,False,False
CD27,False,False
CD27-AS1,False,False
CD274,False,False
CD276,False,False
CD28,False,True
CD2AP,False,False
CD2BP2,False,False
CD300C,False,False
CD300E,False,False
CD300LB,False,False
CD300LG,False,False
CD302,False,False
CD320,False,False
CD33,False,False
CD34,False,False
CD36,True,False
CD37,False,False
CD38,False,False
CD3D,False,True
CD3E,False,True
CD3G,False,True
CD4,False,True
CD40,False,True
CD40LG,False,True
CD44,False,False
CD46,False,False
CD46P1,False,False
CD47,False,False
CD48,False,False
CD5,False,False
CD52,False,True
CD53,False,False
CD55,False,False
CD58,False,False
CD59,False,False
CD5L,False,False
CD6,False,True
CD63,False,False
CD68,False,False
CD69,False,False
CD7,False,False
CD70,False,True
CD72,False,False
CD74,False,False
CD79A,False,False
CD79B,False,False
CD80,False,True
CD81,False,False
CD82,False,False
CD83,False,False
CD84,False,False
CD86,False,True
CD8A,False,False
CD8B,False,False
CD9,False,False
CD93,False,False
CD96,False,False
CD99,False,False
CD99P1,False,False
CDA,False,False
CDADC1,False,False
CDAN1,False,False
CDC123,False,False
CDC14A,False,False
CDC14B,False,False
CDC14C,False,False
CDC20,False,False
CDC23,False,False
CDC25A,False,False
CDC25B,False,False
CDC25C,False,False
CDC26,False,False
CDC27,False,False
CDC34,False,False
CDC37,False,False
CDC37L1,False,False
CDC37P1,False,False
CDC42,False,False
CDC42BPA,False,False
CDC42EP3,False,False
CDC42SE1,False,False
CDC42SE2,False,False
CDC45,False,False
CDC50A,False,False
CDC50B,False,False
CDC5L,False,False
CDC6,False,False
CDC7,False,False
CDC73,False,False
CDCA2,False,False
CDCA3,False,False
CDCA7,False,False
CDCA7L,False,False
CDCA8,False,False
CDCP1,False,False
CDH1,False,False
CDH10,False,False
CDH13,False,False
CDH15,False,False
CDH16,False,False
CDH17,False,False
CDH18,False,False
CDH2,False,False
CDH22,False,False
CDH23,False,False
CDH3,False,False
CDH4,False,False
CDH5,False,False
CDH6,False,False
CDH7,False,False
CDH8,False,False
CDH9,False,False
CDHR2,False,False
CDHR3,False,False
CDHR4,False,False
CDHR5,False,False
CDIN1,False,False
CDIPT,False,False
CDK1,False,False
CDK10,False,False
CDK11A,False,False
CDK11B,False,False
CDK12,False,False
CDK13,False,False
CDK17,False,False
CDK18,False,False
CDK19,False,False
CDK2,False,False
CDK20,False,False
CDK2AP1,False,False
CDK4,False,False
CDK5,False,False
CDK5R1,False,False
CDK5R2,False,False
CDK5RAP1,False,False
CDK5RAP2,False,False
CDK5RAP3,False,False
CDK6,False,False
CDK7,False,False
CDK8,False,False
CDK9,False,False
CDKAL1,True,False
CDKL1,False,False
CDKL2,False,False
CDKL3,False,False
CDKL5,False,False
CDKN1A,False,False
CDKN1B,False,False
CDKN1C,False,False
CDKN2A,False,False
CDKN2A-AS1,False,False
CDKN2AIP,False,False
CDKN2B,False,False
CDKN2B-AS1,False,False
CDKN2C,False,False
CDKN2D,False,False
CDKN3,False,False
CDNF,False,False
CDO1,False,False
CDON,False,False
CDR1,False,False
CDR2,False,False
CDR2L,False,False
CDRT15,False,False
CDRT4,False,False
CDS1,False,False
CDS2,False,False
CDSN,False,False
CDT1,False,False
CDV3,False,False
CDX1,False,False
CDX2,False,False
CEACAM1,False,False
CEACAM16,False,False
CEACAM21,False,False
CEACAM3,False,False
CEACAM4,False,False
CEACAM5,False,False
CEACAM6,False,False
CEACAM7,False,False
CEACAM8,False,False
CEBPA,False,False
CEBPB,False,False
CEBPD,False,False
CEBPG,False,False
CEBPZ,False,False
CECR2,False,False
CEL,True,False
CELA2A,True,False
CELA2B,False,False
CELA3A,False,False
CELA3B,True,False
CELF1,False,False
CELF2,False,False
CELF4,False,False
CELSR1,False,False
CELSR2,False,False
CELSR3,True,False
CEMIP2,False,False
CEMP1,False,False
CENPA,False,False
CENPB,False,False
CENPE,False,False
CENPF,False,False
CENPH,False,False
CENPI,False,False
CENPO,False,False
CENPQ,False,False
CENPT,False,False
CENPU,False,False
CENPW,False,False
CENPX,False,False
CEP112,False,False
CEP120,False,False
CEP126,False,False
CEP135,False,False
CEP15,False,False
CEP152,False,False
CEP162,False,False
CEP170,False,False
CEP19,False,False
CEP192,False,False
CEP250,False,False
CEP290,False,False
CEP295,False,False
CEP41,False,False
CEP43,False,False
CEP44,False,False
CEP55,False,False
CEP57,False,False
CEP57L1,False,False
CEP68,False,False
CEP70,False,False
CEP76,False,False
CEP78,False,False
CEP83,False,False
CEPT1,False,False
CER1,False,False
CERK,False,False
CERKL,True,False
CERS1,False,False
CERS2,False,False
CERS4,False,False
CERS6,False,False
CERT1,False,False
CES1,False,False
CES1P1,False,False
CES2,False,False
CES3,False,False
CES5A,False,False
CETN2,False,False
CETP,False,True
CFAP126,False,False
CFAP210,False,False
CFAP221,False,False
CFAP251,False,False
CFAP298,False,False
CFAP410,False,False
CFAP418,False,False
CFAP44,False,False
CFAP53,False,False
CFAP54,False,False
CFAP58,False,False
CFAP61,False,False
CFAP69,False,False
CFAP70,False,False
CFAP73,False,False
CFAP77,False,False
CFAP91,False,False
CFAP92,False,False
CFAP97,False,False
CFAP99,False,False
CFB,True,False
CFC1,False,False
CFC1B,False,False
CFD,False,False
CFDP1,False,False
CFH,False,False
CFHR1,False,False
CFHR2,False,False
CFHR4,False,False
CFHR5,False,False
CFI,False,False
CFL1,False,False
CFL2,False,False
CFLAR,False,False
CFP,False,False
CFTR,False,True
CGA,False,False
CGAS,False,False
CGB1,False,False
CGB2,False,False
CGB3,False,False
CGB5,False,False
CGB7,False,False
CGB8,False,False
CGGBP1,False,False
CGNL1,False,False
CGREF1,False,False
CH25H,False,False
CHAC1,False,False
CHAC2,False,False
CHAD,False,False
CHADL,False,False
CHAF1A,False,False
CHAF1B,False,False
CHAMP1,False,False
CHAT,False,False
CHCHD1,False,False
CHCHD10,False,False
CHCHD2,False,False
CHCHD2P9,False,False
CHCHD3,False,False
CHCHD4,False,False
CHCHD7,False,False
CHCT1,False,False
CHD1,False,False
CHD1L,False,False
CHD2,False,False
CHD3,False,False
CHD4,False,False
CHD5,False,False
CHD6,False,False
CHD7,False,False
CHD8,True,False
CHD9,False,False
CHD9NB,False,False
CHDH,False,False
CHEK1,False,False
CHEK2,False,False
CHERP,False,False
CHFR,False,False
CHGA,False,False
CHGB,False,False
CHI3L1,False,False
CHI3L2,False,False
CHIA,False,False
CHID1,False,False
CHIT1,False,False
CHKA,False,False
CHKB,False,False
CHL1,False,False
CHLSN,False,False
CHM,False,False
CHMP1A,False,False
CHMP2B,False,False
CHMP3,False,False
CHMP4B,False,False
CHMP5,False,False
CHMP6,False,False
CHMP7,False,False
CHN1,False,False
CHN2,False,False
CHORDC1,False,False
CHP1,False,False
CHPF,False,False
CHPT1,False,False
CHRAC1,False,False
CHRD,False,False
CHRDL1,False,False
CHRDL2,False,False
CHRFAM7A,False,False
CHRM1,False,True
CHRM2,False,True
CHRM3,False,True
CHRM4,False,True
CHRM5,False,True
CHRNA1,False,True
CHRNA2,False,False
CHRNA3,False,True
CHRNA4,False,True
CHRNA5,False,False
CHRNA6,False,False
CHRNA7,False,True
CHRNA9,False,False
CHRNB1,False,True
CHRNB2,False,True
CHRNB4,False,True
CHRND,False,True
CHRNE,False,True
CHRNG,False,True
CHST1,False,False
CHST10,False,False
CHST11,False,False
CHST12,False,False
CHST14,False,False
CHST15,False,False
CHST2,False,False
CHST3,False,False
CHST4,False,False
CHST6,False,False
CHST8,False,False
CHST9,False,False
CHSY1,False,False
CHTF8,False,False
CHTOP,False,False
CHUK,False,False
CHURC1,False,False
CIAO1,False,False
CIAO2A,False,False
CIAPIN1,False,False
CIART,False,False
CIB1,False,False
CIB2,False,False
CIBAR1,False,False
CIC,False,False
CIDEA,False,False
CIDEB,False,False
CIDEC,False,False
CIITA,False,False
CILK1,False,False
CILP,False,False
CILP2,False,False
CIMAP1C,False,False
CIMAP1D,False,False
CINP,False,False
CIP2A,False,False
CIRBP,False,False
CIROZ,False,False
CIRSR,False,False
CISD1,False,False
CISD2,False,False
CISD3,False,False
CISH,False,False
CIT,False,False
CITED2,False,False
CITED4,False,False
CKAP2,False,False
CKAP4,False,False
CKB,False,False
CKLF,False,False
CKM,False,False
CKMT1A,False,False
CKMT1B,False,False
CKMT2,False,False
CKS1B,False,False
CKS2,False,False
CLASP1,False,False
CLC,False,False
CLCA1,False,False
CLCA2,False,False
CLCC1,False,False
CLCF1,False,False
CLCN1,False,False
CLCN2,False,False
CLCN3,False,False
CLCN5,False,False
CLCN7,False,False
CLCNKA,False,False
CLCNKB,False,False
CLDN1,False,False
CLDN10,False,False
CLDN11,False,False
CLDN12,False,False
CLDN14,False,False
CLDN15,False,False
CLDN16,False,False
CLDN17,False,False
CLDN18,False,False
CLDN19,False,False
CLDN2,False,False
CLDN20,False,False
CLDN23,False,False
CLDN3,False,False
CLDN4,False,False
CLDN5,False,False
CLDN6,False,False
CLDN7,False,False
CLDN8,False,False
CLDN9,False,False
CLDND1,False,False
CLDND2,False,False
CLEC10A,False,False
CLEC11A,False,False
CLEC12A,False,False
CLEC14A,False,False
CLEC16A,True,False
CLEC18B,False,False
CLEC1A,False,False
CLEC1B,False,False
CLEC2B,False,False
CLEC2D,False,False
CLEC3A,False,False
CLEC3B,False,False
CLEC4A,False,False
CLEC4C,False,False
CLEC4D,False,False
CLEC4E,False,False
CLEC4F,False,False
CLEC4M,False,False
CLEC6A,False,False
CLEC7A,False,False
CLEC9A,False,False
CLECL1,False,False
CLGN,False,False
CLHC1,False,False
CLIC1,False,False
CLIC4,False,False
CLIC5,False,False
CLIC6,False,False
CLINT1,False,False
CLIP1,False,False
CLIP2,False,False
CLIP3,False,False
CLIP4,False,False
CLK1,False,False
CLK2,False,False
CLMB,False,False
CLMP,False,False
CLN3,False,False
CLN5,False,False
CLN6,False,False
CLN8,False,False
CLNK,False,False
CLNS1A,False,False
CLOCK,False,False
CLP1,False,False
CLPB,False,False
CLPP,False,False
CLPS,False,False
CLPTM1,False,False
CLPTM1L,False,False
CLPX,False,False
CLRN1,False,False
CLRN2,False,False
CLSTN1,False,False
CLSTN2,False,False
CLTA,False,False
CLTC,False,False
CLTCL1,False,False
CLTRN,False,False
CLU,False,False
CLUH,False,False
CLVS2,False,False
CLYBL,False,False
CMA1,False,False
CMAHP,False,False
CMAS,False,False
CMBL,False,False
CMC1,False,False
CMIP,False,False
CMKLR1,False,False
CMKLR2,False,False
CMPK1,False,False
CMPK2,False,False
CMTM6,False,False
CMTR1,False,False
CMTR2,False,False
CMYA5,False,False
CNBD1,False,False
CNBP,False,False
CNDP1,False,False
CNDP2,False,False
CNFN,False,False
CNGA1,False,False
CNGA2,False,False
CNGA3,False,False
CNGB1,False,False
CNIH2,False,False
CNIH4,False,False
CNKSR1,False,False
CNKSR2,False,False
CNKSR3,False,False
CNMD,False,False
CNN1,False,False
CNN2,False,False
CNNM1,False,False
CNNM2,False,False
CNOT1,False,False
CNOT3,False,False
CNOT6,False,False
CNOT6L,False,False
CNOT7,False,False
CNP,False,False
CNPY2,False,False
CNR1,False,True
CNR2,False,False
CNRIP1,False,False
CNST,False,False
CNTF,False,False
CNTFR,False,False
CNTLN,False,False
CNTN1,False,False
CNTN2,False,False
CNTN3,False,False
CNTN4,False,False
CNTN5,False,False
CNTN6,False,False
CNTNAP1,False,False
CNTNAP2,False,False
CNTNAP4,False,False
CNTNAP5,False,False
CNTRL,False,False
COA1,False,False
COA6,False,False
COA8,False,False
COASY,False,False
COBL,False,False
COBLL1,False,False
COG2,False,False
COG3,False,False
COG4,False,False
COG5,False,False
COG6,False,False
COIL,False,False
COL10A1,False,False
COL11A1,False,False
COL11A2,False,False
COL12A1,False,False
COL13A1,False,False
COL14A1,False,False
COL15A1,False,False
COL17A1,False,False
COL18A1,False,False
COL1A1,False,False
COL1A2,False,False
COL20A1,False,False
COL21A1,False,False
COL22A1,False,False
COL24A1,False,False
COL25A1,False,False
COL26A1,False,False
COL27A1,False,False
COL28A1,False,False
COL2A1,False,False
COL3A1,False,False
COL4A1,False,False
COL4A2,False,False
COL4A3,False,False
COL4A4,False,False
COL4A5,False,False
COL4A6,False,False
COL5A1,False,False
COL5A3,False,False
COL6A1,False,False
COL6A2,False,False
COL6A3,False,False
COL6A5,False,False
COL6A6,False,False
COL7A1,False,False
COL8A1,False,False
COL8A2,False,False
COL9A2,False,False
COL9A3,False,False
COLEC10,False,False
COLEC11,False,False
COLEC12,False,False
COLGALT1,False,False
COLGALT2,False,False
COLQ,False,False
COMMD1,False,False
COMMD2,False,False
COMMD3,False,False
COMMD3-BMI1,False,False
COMMD4,False,False
COMMD5,False,False
COMMD6,False,False
COMMD7,False,False
COMP,False,False
COMT,False,False
COMTD1,False,False
COP1,False,False
COPA,False,False
COPB1,False,False
COPB2,False,False
COPG1,False,False
COPG2,False,False
COPRS,False,False
COPS2,False,False
COPS3,False,False
COPS4,False,False
COPS5,False,False
COPS8,False,False
COPZ2,False,False
COQ10A,False,False
COQ10B,False,False
COQ2,False,False
COQ4,False,False
COQ6,False,False
COQ7,False,False
COQ8A,False,False
COQ8B,False,False
COQ9,False,False
CORIN,False,False
CORO1A,False,False
CORO1B,False,False
CORO1C,False,False
CORO2A,False,False
CORO2B,False,False
CORO7,False,False
CORT,False,False
COTL1,False,False
COX10,False,False
COX11,False,False
COX14,False,False
COX17,False,False
COX19,False,False
COX4I1,False,False
COX4I2,False,False
COX5A,False,False
COX5B,False,False
COX5BP7,False,False
COX6A1,False,False
COX6A2,False,False
COX6C,False,False
COX7A1,False,False
COX7A2,False,False
COX7B,False,False
COX7B2,False,False
COX7C,False,False
COX8A,False,False
COX8BP,False,False
COXFA4,False,True
COXFA4L2,False,True
CP,False,False
CPA1,False,False
CPA2,False,False
CPA3,False,False
CPA4,False,False
CPA5,False,False
CPA6,False,False
CPAP,False,False
CPB1,False,False
CPB2,False,False
CPD,False,False
CPE,False,False
CPEB1,False,False
CPEB2,False,False
CPEB2-DT,False,False
CPEB3,False,False
CPEB4,False,False
CPED1,False,False
CPHXL,False,False
CPHXL2,False,False
CPLANE1,False,False
CPLANE2,False,False
CPLX1,False,False
CPLX2,False,False
CPM,False,False
CPN1,False,False
CPN2,False,False
CPNE1,False,False
CPNE3,False,False
CPNE4,False,False
CPNE6,False,False
CPNE7,False,False
CPNE8,False,False
CPP,False,False
CPPED1,False,False
CPQ,False,False
CPS1,False,False
CPSF1,False,False
CPSF2,False,False
CPSF3,False,False
CPSF4,False,False
CPSF6,False,False
CPT1A,False,False
CPT1B,False,True
CPT1C,False,False
CPT2,False,True
CPTP,False,False
CPVL,False,False
CPXCR1,False,False
CPXM1,False,False
CPXM2,False,False
CPZ,False,False
CR1,False,False
CR1L,False,False
CR2,False,False
CRABP1,False,False
CRABP2,False,False
CRACR2A,False,False
CRADD,False,False
CRAT,False,False
CRB1,False,False
CRB2,False,False
CRB3,False,False
CRBN,False,False
CRCP,False,False
CRCT1,False,False
CREB1,False,False
CREB3,False,False
CREB3L1,False,False
CREB3L2,False,False
CREB3L3,False,False
CREB3L4,False,False
CREB5,False,False
CREBBP,False,False
CREBRF,False,False
CREBZF,False,False
CREG1,False,False
CREG2,False,False
CRELD1,False,False
CRELD2,False,False
CREM,False,False
CRH,False,False
CRHBP,False,False
CRHR1,False,False
CRHR2,False,False
CRIM1,False,False
CRIP1,False,False
CRIP2,False,False
CRIPTO,False,False
CRIPTO3,False,False
CRIPTOP4,False,False
CRISP1,False,False
CRISP2,False,False
CRISP3,False,False
CRISPLD1,False,False
CRISPLD2,False,False
CRK,False,False
CRKL,False,False
CRLF1,False,False
CRLF2,False,False
CRLF3,False,False
CRLS1,False,False
CRMA,False,False
CRMP1,False,False
CRNDE,False,False
CRNKL1,False,False
CRNN,False,False
CROCC,False,False
CROT,False,False
CRP,False,False
CRPPA,False,False
CRTAC1,False,False
CRTAM,False,False
CRTC1,False,False
CRTC2,False,False
CRTC3,False,False
CRX,False,False
CRY1,False,False
CRY2,False,False
CRYAA,False,False
CRYAB,False,False
CRYBA1,False,False
CRYBA2,False,False
CRYBA4,False,False
CRYBB1,False,False
CRYBB2,False,False
CRYBB3,False,False
CRYBG3,False,False
CRYGB,False,False
CRYGC,False,False
CRYGD,False,False
CRYGS,False,False
CRYL1,False,False
CRYM,False,False
CRYZ,False,False
CRYZL2P,False,False
CS,False,False
CSAD,False,False
CSE1L,False,False
CSF1,False,False
CSF1R,False,True
CSF2,False,True
CSF2RA,False,True
CSF2RB,False,True
CSF3,False,False
CSF3R,False,True
CSGALNACT1,False,False
CSH1,False,False
CSH2,False,False
CSHL1,False,False
CSK,False,False
CSMD1,False,False
CSMD2,False,False
CSMD3,False,False
CSN1S1,False,False
CSN2,False,False
CSN3,False,False
CSNK1A1,False,False
CSNK1A1L,False,False
CSNK1D,False,False
CSNK1G2,False,False
CSNK1G3,False,False
CSNK2A1,False,False
CSNK2A2,False,False
CSNK2A3,False,False
CSNK2B,False,False
CSP1,False,False
CSPG4,False,False
CSRNP2,False,False
CSRNP3,False,False
CSRP1,False,False
CSRP2,False,False
CSRP3,False,False
CST1,False,False
CST2,False,False
CST3,False,False
CST4,False,False
CST5,False,False
CST6,False,False
CST7,False,False
CST8,False,False
CST9,False,False
CSTA,False,False
CSTB,False,False
CSTF1,False,False
CSTF3,False,False
CSTPP1,False,False
CT83,False,False
CTAGE1,False,False
CTBP1,False,False
CTBP2,False,False
CTCF,False,False
CTCFL,False,False
CTDNEP1,False,False
CTDP1,False,False
CTDSPL,False,False
CTDSPL2,False,False
CTF1,False,False
CTH,False,False
CTHRC1,False,False
CTIF,False,False
CTLA4,False,False
CTNNA1,False,False
CTNNA2,False,False
CTNNA3,False,False
CTNNAL1,False,False
CTNNB1,False,False
CTNNBIP1,False,False
CTNNBL1,False,False
CTNND1,False,False
CTNND2,False,False
CTNS,False,False
CTRB1,False,False
CTRB2,False,False
CTRC,False,False
CTRL,False,False
CTSA,False,False
CTSB,False,False
CTSC,False,False
CTSD,False,False
CTSE,False,False
CTSF,False,False
CTSG,False,False
CTSH,False,False
CTSK,False,False
CTSL,False,False
CTSO,False,False
CTSS,False,False
CTSV,False,False
CTSW,False,False
CTSZ,False,False
CTTN,False,False
CTTNBP2,False,False
CTU2,False,False
CTXN3,False,False
CUBN,False,False
CUEDC1,False,False
CUL1,False,False
CUL2,False,False
CUL3,False,False
CUL4A,False,False
CUL4B,False,False
CUL5,False,False
CUL7,False,False
CUL9,False,False
CUTA,False,False
CUTC,False,False
CUX1,False,False
CUX2,False,False
CWC15,False,False
CWC22,False,False
CWC27,False,False
CWF19L1,False,False
CWH43,False,False
CX3CL1,False,False
CX3CR1,False,False
CXADR,False,False
CXCL1,False,False
CXCL10,False,True
CXCL11,False,False
CXCL12,False,False
CXCL13,False,False
CXCL14,False,False
CXCL16,False,False
CXCL17,False,False
CXCL2,False,False
CXCL3,False,False
CXCL5,False,False
CXCL6,False,False
CXCL8,False,True
CXCL9,False,False
CXCR1,False,True
CXCR2,False,True
CXCR3,False,False
CXCR4,False,True
CXCR5,False,False
CXCR6,False,False
CXXC4,False,False
CXXC5,False,False
CYB561,False,False
CYB561A3,False,False
CYB561D2,False,False
CYB5A,False,False
CYB5B,False,False
CYB5D2,False,False
CYB5R3,False,False
CYB5R4,False,False
CYBA,False,False
CYBB,False,False
CYC1,False,False
CYCS,False,False
CYCSP42,False,False
CYFIP1,False,False
CYGB,False,False
CYP11A1,False,True
CYP11B1,False,True
CYP11B2,False,True
CYP17A1,False,True
CYP19A1,False,True
CYP1A1,False,False
CYP1A2,False,False
CYP1B1,False,False
CYP21A1P,False,False
CYP21A2,False,False
CYP24A1,False,False
CYP26A1,False,False
CYP26B1,False,False
CYP26C1,False,False
CYP27A1,False,False
CYP27B1,False,False
CYP2A13,False,False
CYP2A6,False,False
CYP2B6,False,False
CYP2B7P,False,False
CYP2C18,False,False
CYP2C19,False,False
CYP2C23P,False,False
CYP2C8,False,False
CYP2C9,False,False
CYP2D6,False,False
CYP2E1,False,False
CYP2F1,False,False
CYP2J2,False,False
CYP2R1,False,False
CYP2W1,False,False
CYP3A4,False,False
CYP3A43,False,False
CYP3A5,False,False
CYP46A1,False,False
CYP4A11,False,False
CYP4A22,False,False
CYP4B1,False,False
CYP4F11,False,False
CYP4F12,False,False
CYP4F2,False,False
CYP4F22,False,False
CYP4F24P,False,False
CYP4F3,False,False
CYP4F8,False,False
CYP4V2,False,False
CYP4X1,False,False
CYP51A1,False,False
CYP7A1,False,False
CYP7B1,False,False
CYP8B1,False,False
CYRIA,False,False
CYRIB,False,False
CYS1,False,False
CYSLTR1,False,True
CYTH1,False,False
CYTH2,False,False
CYTH3,False,False
CYTH4,False,False
CYTIP,False,False
CYTL1,False,False
CYTOR,False,False
DAAM1,False,False
DAAM2,False,False
DAB1,False,False
DAB2,False,False
DAB2IP,False,False
DACH1,False,False
DACT1,False,False
DACT2,False,False
DAG1,False,False
DAGLA,False,False
DAGLB,False,False
DALRD3,False,False
DANCR,False,False
DAND5,False,False
DAO,False,False
DAOA,False,False
DAP,False,False
DAP3,False,False
DAPK1,False,False
DAPK2,False,False
DAPK3,False,False
DAPL1,False,False
DAPP1,False,False
DARS1,False,False
DARS2,False,False
DAW1,False,False
DAXX,False,False
DAZAP1,False,False
DAZAP2,False,False
DBH,False,False
DBI,False,False
DBIL5P,False,False
DBN1,False,False
DBNDD1,False,False
DBNL,False,False
DBP,False,False
DBT,False,False
DBX1,False,False
DBX2,False,False
DCAF1,False,False
DCAF11,False,False
DCAF12,False,False
DCAF16,False,False
DCAF17,False,False
DCAF4,False,False
DCAF4L2,False,False
DCAF5,False,False
DCAF6,False,False
DCAF7,False,False
DCBLD1,False,False
DCC,False,False
DCD,False,False
DCDC1,False,False
DCDC2,False,False
DCHS1,False,False
DCHS2,False,False
DCK,False,False
DCLK1,False,False
DCLK2,False,False
DCLK3,False,False
DCLRE1B,False,False
DCN,False,False
DCP1B,False,False
DCP2,False,False
DCPH1,False,False
DCPS,False,False
DCSTAMP,False,False
DCT,False,False
DCTD,False,False
DCTN1,False,False
DCTN2,False,False
DCTN5,False,False
DCTN6,False,False
DCUN1D4,False,False
DCUN1D5,False,False
DCX,False,False
DCXR,False,False
DDA1,False,False
DDAH1,False,False
DDAH2,False,False
DDB1,False,False
DDB2,False,False
DDC,False,True
DDHD2,False,False
DDI1,False,False
DDI2,False,False
DDIAS,False,False
DDIT3,False,False
DDIT4,False,False
DDIT4L,False,False
DDO,False,False
DDOST,False,False
DDR1,False,False
DDR2,False,False
DDRGK1,False,False
DDT,False,False
DDX1,False,False
DDX11,False,False
DDX17,False,False
DDX18,False,False
DDX20,False,False
DDX21,False,False
DDX24,False,False
DDX31,False,False
DDX39B,False,False
DDX3X,False,False
DDX3Y,False,False
DDX4,False,False
DDX41,False,False
DDX5,False,False
DDX50,False,False
DDX52,False,False
DDX54,False,False
DDX55,False,False
DDX59,False,False
DDX60,False,False
DDX60L,False,False
DEAF1,False,False
DECR1,False,False
DECR2,False,False
DEDD,False,False
DEF6,False,False
DEFA1,False,False
DEFA3,False,False
DEFA4,False,False
DEFA5,False,False
DEFA6,False,False
DEFB1,False,False
DEFB108D,False,False
DEFB115,False,False
DEFB124,False,False
DEFB130A,False,False
DEFB134,False,False
DEGS1,False,False
DEGS2,False,False
DEK,False,False
DELE1,False,False
DEMA1,False,False
DENND1A,False,False
DENND1B,False,False
DENND2B,False,False
DENND2C,False,False
DENND3,False,False
DENND4C,False,False
DENND5B,False,False
DENND6A,False,False
DENR,False,False
DEPDC5,False,False
DEPP1,False,False
DEPTOR,False,False
DERL1,False,False
DERL2,False,False
DERL3,False,False
DES,False,False
DET1,False,False
DEUP1,False,False
DEXI,False,False
DFFA,False,False
DGAT1,False,False
DGAT2,False,False
DGCR2,False,False
DGCR5,False,False
DGCR8,False,False
DGKA,False,False
DGKB,False,False
DGKD,False,False
DGKE,False,False
DGKG,False,False
DGKH,False,False
DGKI,False,False
DGKQ,False,False
DGKZ,False,False
DGUOK,False,False
DHCR24,False,False
DHCR7,False,False
DHCR7-DT,False,False
DHDH,False,False
DHFR,False,False
DHFR2,False,False
DHFRP2,False,False
DHH,False,False
DHODH,False,False
DHPS,False,False
DHRS11,False,False
DHRS2,False,False
DHRS3,False,False
DHRS4,False,False
DHRS7,False,False
DHRS7B,False,False
DHRS9,False,False
DHTKD1,False,False
DHX15,False,False
DHX30,False,False
DHX32,False,False
DHX35,False,False
DHX36,False,False
DHX37,False,False
DHX38,False,False
DHX58,False,False
DHX8,False,False
DHX9,False,False
DIABLO,False,False
DIAPH1,False,False
DIAPH3,False,False
DICER1,False,False
DIDO1,False,False
DIMT1,False,False
DIO1,False,False
DIO2,False,False
DIO3,False,False
DIP2A,False,False
DIP2B,False,False
DIPK1A,False,False
DIRAS2,False,False
DIRC3,False,False
DIS3L2,False,False
DISC1,False,False
DISP1,False,False
DISP2,False,False
DISP3,False,False
DKC1,False,False
DKK1,False,False
DKK2,False,False
DKK3,False,False
DKK4,False,False
DKKL1,False,False
DLAT,False,False
DLC1,False,False
DLD,False,False
DLEU7,False,False
DLG1,False,False
DLG2,False,False
DLG3,False,False
DLG4,False,False
DLG5,False,False
DLGAP1,False,False
DLGAP2,False,False
DLGAP3,False,False
DLGAP4,False,False
DLGAP5,False,False
DLK1,False,False
DLK2,False,False
DLL1,False,False
DLL3,False,False
DLL4,False,False
DLST,False,False
DLX1,False,False
DLX3,False,False
DLX4,False,False
DLX5,False,False
DLX6,False,False
DMAC1,False,False
DMAC2,False,False
DMAC2L,False,False
DMAP1,False,False
DMBT1,False,False
DMBX1,False,False
DMC1,False,False
DMD,False,False
DMGDH,False,False
DMP1,False,False
DMPK,False,False
DMRT1,False,False
DMRT2,False,False
DMRT3,False,False
DMRTA1,False,False
DMRTA2,False,False
DMWD,False,False
DMXL2,False,False
DNA2,False,False
DNAAF11,False,False
DNAAF3,False,False
DNAAF4,False,False
DNAAF9,False,False
DNAH10,False,False
DNAH10OS,False,False
DNAH11,False,False
DNAH12,False,False
DNAH17,False,False
DNAH2,False,False
DNAH5,False,False
DNAH7,False,False
DNAH8,False,False
DNAH9,False,False
DNAI1,False,False
DNAI3,False,False
DNAJA1,False,False
DNAJA2,False,False
DNAJA3,False,False
DNAJA4,False,False
DNAJB1,False,False
DNAJB11,False,False
DNAJB3,False,False
DNAJB3P,False,False
DNAJB4,False,False
DNAJB5,False,False
DNAJB6,False,False
DNAJB7,False,False
DNAJB9,False,False
DNAJC1,False,False
DNAJC10,False,False
DNAJC11,False,False
DNAJC13,False,False
DNAJC14,False,False
DNAJC15,False,False
DNAJC17,False,False
DNAJC19,False,False
DNAJC2,False,False
DNAJC21,False,False
DNAJC22,False,False
DNAJC24,False,False
DNAJC27,False,False
DNAJC3,False,False
DNAJC30,False,False
DNAJC5,False,False
DNAJC5G,False,False
DNAJC6,False,False
DNAJC7,False,False
DNAL1,False,False
DNASE1,False,False
DNASE1L1,False,False
DNASE1L2,False,False
DNASE1L3,False,False
DNASE2,False,False
DNER,False,False
DNLZ,False,False
DNM1,False,False
DNM1L,False,False
DNM2,False,False
DNM3,False,False
DNM3OS,False,False
DNMT1,False,False
DNMT3A,False,False
DNMT3B,False,False
DNMT3L,False,False
DNPEP,False,False
DNTT,False,False
DOC2A,False,False
DOC2B,False,False
DOCK1,False,False
DOCK10,False,False
DOCK11,False,False
DOCK2,False,False
DOCK3,False,False
DOCK4,False,False
DOCK5,False,False
DOCK6,False,False
DOCK7,False,False
DOCK8,False,False
DOCK9,False,False
DOK1,False,False
DOK3,False,False
DOK5,False,False
DOK6,False,False
DORIP1,False,False
DOT1L,False,False
DPAGT1,False,False
DPEP1,False,False
DPEP2,False,False
DPF3,False,False
DPH5,False,False
DPH6,False,False
DPM1,False,False
DPM2,False,False
DPP10,False,False
DPP3,False,False
DPP4,False,True
DPP6,False,False
DPP7,False,False
DPP8,False,False
DPP9,False,False
DPT,False,False
DPY19L3,False,False
DPY19L4,False,False
DPY30,False,False
DPYD,False,False
DPYS,False,False
DPYSL2,False,False
DPYSL3,False,False
DPYSL5,False,False
DQX1,False,False
DR1,False,False
DRAM1,False,False
DRAP1,False,False
DRC1,False,False
DRC10,False,False
DRC3,False,False
DRC5,False,False
DRC7,False,False
DRD1,False,False
DRD2,False,True
DRD3,False,True
DRD4,False,True
DRD5,False,False
DRG2,False,False
DRGX,False,False
DRICH1,False,False
DROSHA,False,False
DSC1,False,False
DSC2,False,False
DSCAM,False,False
DSCAML1,False,False
DSCC1,False,False
DSCR8,False,False
DSEL,False,False
DSG1,False,False
DSG2,False,False
DSG3,False,False
DSG4,False,False
DSP,False,False
DSP-AS1,False,False
DSPP,False,False
DST,False,False
DSTN,False,False
DSTYK,False,False
DTD1,False,False
DTL,False,False
DTNA,False,False
DTNB,False,False
DTNBP1,False,False
DTWD1,False,False
DTX1,False,False
DTX3L,False,False
DTX4,False,False
DUOX1,False,False
DUOX2,False,False
DUOXA2,False,False
DUS2,False,False
DUSP1,False,False
DUSP10,False,False
DUSP12,False,False
DUSP13A,False,False
DUSP13B,False,False
DUSP14,False,False
DUSP16,False,False
DUSP2,False,False
DUSP22,False,False
DUSP26,False,False
DUSP3,False,False
DUSP4,False,False
DUSP5,False,False
DUSP6,False,False
DUSP7,False,False
DUSP8,False,False
DUSP9,False,False
DUT,False,False
DUXAP10,False,False
DUXB,False,False
DVL1,False,False
DVL2,False,False
DXO,False,False
DYM,False,False
DYNC1H1,False,False
DYNC1I1,False,False
DYNC1I2,False,False
DYNC2H1,False,False
DYNC2LI1,False,False
DYNLL1,False,False
DYNLRB1,False,False
DYNLRB2,False,False
DYNLT1,False,False
DYNLT2,False,False
DYNLT3,False,False
DYRK1A,False,False
DYRK1B,False,False
DYRK2,False,False
DYRK3,False,False
DYRK4,False,False
DYSF,False,False
DZIP1,False,False
DZIP1L,False,False
E2F1,False,False
E2F2,False,False
E2F3,False,False
E2F4,False,False
E2F5,False,False
E2F6,False,False
E2F8,False,False
E4F1,False,False
EAF2,False,False
EAPP,False,False
EBAG9,False,False
EBF1,False,False
EBF2,False,False
EBF3,False,False
EBF4,False,False
EBI3,False,False
EBNA1BP2,False,False
EBP,False,False
EBPL,False,False
ECD,False,False
ECE1,False,True
ECE2,False,False
ECH1,False,False
ECHDC1,False,False
ECHDC3,False,False
ECHS1,False,False
ECI2,False,False
ECM1,False,False
ECM2,False,False
ECRG4,False,False
ECSCR,False,False
ECT2,False,False
EDA,False,False
EDA2R,False,False
EDAR,False,False
EDARADD,False,False
EDC3,False,False
EDDM3A,False,False
EDEM1,False,False
EDEM2,True,False
EDEM3,False,False
EDF1,False,False
EDIL3,False,False
EDN1,False,False
EDN2,False,False
EDN3,False,False
EDNRA,False,True
EDNRB,False,True
EEA1,False,False
EED,False,False
EEF1A1,False,False
EEF1A2,False,False
EEF1D,False,False
EEF1G,False,False
EEF2,False,False
EEF2K,False,False
EEIG2,False,False
EEPD1,False,False
EFCAB10,False,False
EFCAB11,False,False
EFCAB14,False,False
EFCAB5,False,False
EFCAB6,False,False
EFCAB7,False,False
EFEMP1,False,False
EFEMP2,False,False
EFHC1,False,False
EFHD2,False,False
EFL1,False,False
EFNA1,False,False
EFNA4,False,False
EFNA5,False,False
EFNB1,False,False
EFNB2,False,False
EFNB3,False,False
EFR3A,False,False
EFR3B,False,False
EFS,False,False
EFTUD2,False,False
EGF,False,False
EGFL6,False,False
EGFL8,False,False
EGFLAM,False,False
EGFR,False,False
EGLN1,False,False
EGLN2,False,False
EGLN3,False,False
EGR1,False,False
EGR2,False,False
EGR3,False,False
EHBP1,False,False
EHBP1L1,False,False
EHD1,False,False
EHD2,False,False
EHD3,False,False
EHD4,False,False
EHF,False,False
EHHADH,False,False
EHMT1,False,False
EHMT2,False,False
EI24,False,False
EID1,False,False
EID2B,False,False
EIF1,False,False
EIF1AD,False,False
EIF1AY,False,False
EIF2A,False,False
EIF2AK1,False,False
EIF2AK2,False,False
EIF2AK3,True,False
EIF2AK4,False,False
EIF2B1,False,False
EIF2B2,False,False
EIF2B3,False,False
EIF2B4,False,False
EIF2B5,False,False
EIF2D,False,False
EIF2S1,False,False
EIF2S2,False,False
EIF2S2P3,False,False
EIF2S3,True,False
EIF3A,False,False
EIF3B,False,False
EIF3C,False,False
EIF3CL,False,False
EIF3D,False,False
EIF3E,False,False
EIF3F,False,False
EIF3G,False,False
EIF3H,False,False
EIF3I,False,False
EIF3K,False,False
EIF3M,False,False
EIF4A1,False,False
EIF4A2,False,False
EIF4A3,False,False
EIF4B,False,False
EIF4E,False,False
EIF4E3,False,False
EIF4EBP1,False,False
EIF4EBP2,False,False
EIF4ENIF1,False,False
EIF4G1,False,False
EIF4G2,False,False
EIF4G3,False,False
EIF4H,False,False
EIF5,False,False
EIF5A,False,False
EIF5A2,False,False
EIF5AL1,False,False
EIF6,False,False
EIPR1,False,False
ELAC1,False,False
ELAC2,False,False
ELANE,False,True
ELAPOR1,False,False
ELAVL1,False,False
ELAVL2,False,False
ELAVL3,False,False
ELAVL4,False,False
ELF1,False,False
ELF2,False,False
ELF3,False,False
ELF4,False,False
ELF5,False,False
ELFN1,False,False
ELFN2,False,False
ELK1,False,False
ELK3,False,False
ELL,False,False
ELL2,False,False
ELL2P1,False,False
ELMO1,False,False
ELMO2,False,False
ELMOD1,False,False
ELMOD2,False,False
ELMOD3,False,False
ELN,False,False
ELOA,False,False
ELOB,False,False
ELOC,False,False
ELOVL2,False,False
ELOVL2-AS1,False,False
ELOVL3,False,False
ELOVL4,False,False
ELOVL5,False,False
ELOVL6,False,False
ELP1,False,False
ELP2,False,False
ELP3,False,False
ELP5,False,False
ELP6,False,False
EMB,False,False
EMC1,False,False
EMC2,False,False
EMC7,False,False
EMC8,False,False
EMCN,False,False
EMD,False,False
EMG1,False,False
EMILIN1,False,False
EMILIN2,False,False
EMILIN3,False,False
EML1,False,False
EML2,False,False
EML4,False,False
EML5,False,False
EML6,False,False
EMP1,False,False
EMP2,False,False
EMP3,False,False
EMSY,False,False
EMX2,False,False
EN1,False,False
EN2,False,False
ENAH,False,False
ENAM,False,False
ENC1,False,False
ENDOD1,False,False
ENDOG,False,False
ENDOU,False,False
ENDOV,False,False
ENG,False,False
ENGASE,False,False
ENHO,False,False
ENKUR,False,False
ENO1,False,False
ENO2,False,False
ENO3,False,False
ENO4,False,False
ENOX1,False,False
ENPEP,False,False
ENPP1,True,False
ENPP2,False,False
ENPP3,False,False
ENPP5,False,False
ENPP7,False,False
ENSA,False,False
ENSG00000184441,False,False
ENSG00000203334,False,False
ENSG00000205959,False,False
ENSG00000206356,False,False
ENSG00000223804,False,False
ENSG00000225032,False,False
ENSG00000230928,False,False
ENSG00000232450,False,False
ENSG00000235615,False,False
ENSG00000235862,False,False
ENSG00000236543,False,False
ENSG00000237378,False,False
ENSG00000251605,False,False
ENSG00000252329,False,False
ENSG00000254051,False,False
ENSG00000264490,False,False
ENSG00000265179,False,False
ENSG00000268531,False,False
ENSG00000269846,False,False
ENSG00000270299,False,False
ENSG00000272977,False,False
ENSG00000273387,False,False
ENSG00000273428,False,False
ENSG00000273957,False,False
ENSG00000274276,False,False
ENSG00000275367,False,False
ENSG00000279072,False,False
ENSG00000279096,False,False
ENSG00000279284,False,False
ENSG00000279324,False,False
ENSG00000279774,False,False
ENSG00000279851,False,False
ENSG00000280225,False,False
ENSG00000280371,False,False
ENSG00000280486,False,False
ENSG00000282936,False,False
ENSG00000284612,False,False
ENSG00000284779,False,False
ENSG00000284874,False,False
ENSG00000285043,False,False
ENSG00000285566,False,False
ENSG00000285976,False,False
ENSG00000286224,False,False
ENSG00000287562,False,False
ENSG00000287839,False,False
ENSG00000288009,False,False
ENSG00000288644,False,False
ENSG00000288654,False,False
ENSG00000288661,False,False
ENSG00000288914,False,False
ENSG00000289325,False,False
ENSG00000289360,False,False
ENSG00000289490,False,False
ENSG00000289653,False,False
ENSG00000289763,False,False
ENSG00000289764,False,False
ENSG00000291312,False,False
ENSG00000292259,False,False
ENSG00000293444,False,False
ENSG00000293570,False,False
ENSG00000293584,False,False
ENSG00000300510,False,False
ENSG00000310561,False,False
ENSG00000310604,False,False
ENSG00000310650,False,False
ENTPD1,False,False
ENTPD3,False,False
ENTPD5,False,False
ENTPD8,False,False
ENTR1,False,False
ENTREP1,False,False
ENTREP2,False,False
ENTREP3,False,False
ENY2,False,False
EOLA1-DT,False,False
EOLA2-DT,False,False
EOMES,False,False
EP300,False,False
EP400,False,False
EPAS1,False,False
EPB41,False,False
EPB41L1,False,False
EPB41L3,False,False
EPB41L4A,False,False
EPB41L4B,False,False
EPB41L5,False,False
EPB42,False,False
EPC2,False,False
EPCAM,False,False
EPDR1,False,False
EPG5,False,False
EPGN,False,False
EPHA1,False,False
EPHA2,False,False
EPHA3,False,False
EPHA4,False,False
EPHA5,False,False
EPHA6,False,False
EPHA7,False,False
EPHB1,False,False
EPHB2,False,False
EPHB3,False,False
EPHB4,False,False
EPHB6,False,False
EPHX1,False,False
EPHX2,False,False
EPHX4,False,False
EPM2A,False,False
EPM2AIP1,False,False
EPN1,False,False
EPO,False,False
EPOR,False,True
EPPK1,False,False
EPRS1,False,False
EPS8L2,False,False
EPX,False,False
EPYC,False,False
EQTN,False,False
ERAL1,False,False
ERAP1,False,False
ERAP2,False,False
ERAS,False,False
ERBB2,False,False
ERBB3,False,False
ERBB4,False,False
ERBIN,False,False
ERC1,False,False
ERC2,False,False
ERCC1,False,False
ERCC2,False,False
ERCC3,False,False
ERCC4,False,False
ERCC5,False,False
ERCC6,False,False
ERCC6L,False,False
ERCC6L2,False,False
ERCC8,False,False
EREG,False,False
ERF,False,False
ERFE,False,False
ERG,False,False
ERGIC2,False,False
ERGIC3,False,False
ERH,False,False
ERI1,False,False
ERICH1,False,False
ERICH2,False,False
ERICH6B,False,False
ERLEC1,False,False
ERLIN1,False,False
ERLIN2,False,False
ERLN,False,False
ERMAP,False,False
ERMARD,False,False
ERMN,False,False
ERMP1,False,False
ERN1,False,False
ERO1A,False,False
ERO1B,False,False
ERP27,False,False
ERP29,False,False
ERP44,False,False
ERRFI1,False,False
ERV3-1,False,False
ERVE-5,False,False
ERVFRD-1,False,False
ERVK-28,False,False
ERVMER34-1,False,False
ERVV-2,False,False
ERVW-1,False,True
ESAM,False,False
ESCO1,False,False
ESD,False,False
ESF1,False,False
ESM1,False,False
ESPN,False,False
ESPNL,False,False
ESR1,False,True
ESR2,False,True
ESRP1,False,False
ESRRA,False,False
ESRRB,False,False
ESRRG,False,False
ESX1,False,False
ESYT1,False,False
ESYT3,False,False
ETAA1,False,False
ETF1,False,False
ETFA,False,False
ETFB,False,False
ETFBKMT,False,False
ETFDH,False,False
ETNPPL,False,False
ETS1,False,False
ETS2,False,False
ETV1,False,False
ETV2,False,False
ETV3,False,False
ETV3L,False,False
ETV4,False,False
ETV5,False,False
ETV6,False,False
EVA1A,False,False
EVA1B,False,False
EVA1C,False,False
EVC,False,False
EVC2,False,False
EVI2A,False,False
EVI2B,False,False
EVI5,False,False
EVI5L,False,False
EVL,False,False
EVPL,False,False
EVX2,False,False
EXD2,False,False
EXD3,False,False
EXO1,False,False
EXOC2,False,False
EXOC3,False,False
EXOC3-AS1,False,False
EXOC3L1,False,False
EXOC3L2,False,False
EXOC4,False,False
EXOC6,False,False
EXOC6B,False,False
EXOC7,False,False
EXOC8,False,False
EXOG,False,False
EXOSC1,False,False
EXOSC10,False,False
EXOSC3,False,False
EXOSC4,False,False
EXOSC5,False,False
EXOSC7,False,False
EXOSC8,False,False
EXT1,False,False
EXT2,False,False
EXTL3,False,False
EYA1,False,False
EYA2,False,False
EYS,False,False
EZH1,False,False
EZH2,False,False
EZR,False,False
F10,False,True
F11,False,False
F11R,False,False
F12,False,False
F13A1,False,False
F2,False,True
F2R,False,False
F2RL1,False,False
F2RL2,False,False
F2RL3,False,False
F3,False,False
F5,False,False
F7,False,False
F8,False,False
F8A1,False,False
F9,False,False
FA2H,False,False
FAAH,False,True
FAAH2,False,False
FAAP20,False,False
FABP1,False,False
FABP2,False,False
FABP3,False,False
FABP4,False,False
FABP5,False,False
FABP6,False,False
FABP7,False,False
FABP9,False,False
FADD,False,False
FADS1,False,False
FADS2,False,False
FADS3,False,False
FADS6,False,False
FAF1,False,False
FAH,False,False
FAIM2,False,False
FAM107B,False,False
FAM110A,False,False
FAM110C,False,False
FAM114A2,False,False
FAM117B,False,False
FAM120B,False,False
FAM120C,False,False
FAM135A,False,False
FAM135B,False,False
FAM13A,False,False
FAM13B,False,False
FAM151B,False,False
FAM153CP,False,False
FAM161A,False,False
FAM163A,False,False
FAM163B,False,False
FAM167A,True,False
FAM171B,False,False
FAM174A,False,False
FAM174B,False,False
FAM177A1,False,False
FAM180B,False,False
FAM181B,False,False
FAM184A,False,False
FAM184B,False,False
FAM185A,False,False
FAM186B,False,False
FAM209A,False,False
FAM209B,False,False
FAM20A,False,False
FAM20B,False,False
FAM20C,False,False
FAM215A,False,False
FAM216B,False,False
FAM219B,False,False
FAM221A,False,False
FAM221B,False,False
FAM222A,False,False
FAM227B,False,False
FAM229B,False,False
FAM234A,False,False
FAM237B,False,False
FAM241A,False,False
FAM241B,False,False
FAM24A,False,False
FAM25C,False,False
FAM30A,False,False
FAM32A,False,False
FAM3A,False,False
FAM3B,False,False
FAM3C,False,False
FAM3D,False,False
FAM47E,False,False
FAM50A,False,False
FAM53A,False,False
FAM53B,False,False
FAM76A,False,False
FAM78B,False,False
FAM81B,False,False
FAM85B,False,False
FAM86B2,False,False
FAM90A1,False,False
FAM90A8,False,False
FAM91A1,False,False
FAN1,False,False
FANCA,False,False
FANCB,False,False
FANCC,False,False
FANCD2,False,False
FANCE,False,False
FANCF,False,False
FANCL,False,False
FANCM,False,False
FAP,False,False
FAR1,False,False
FAR2,False,False
FARP1,False,False
FARP2,False,False
FARS2,False,False
FARSA,False,False
FAS,False,False
FASLG,False,False
FASN,False,False
FASTK,False,False
FASTKD1,False,False
FAT1,False,False
FAT2,False,False
FAT3,False,False
FAT4,False,False
FAU,False,False
FBH1,False,False
FBL,False,False
FBLIM1,False,False
FBLL1,False,False
FBLN1,False,False
FBLN2,False,False
FBLN5,False,False
FBLN7,False,False
FBN1,False,False
FBN2,False,False
FBN3,False,False
FBP1,False,False
FBP2,False,False
FBRSL1,False,False
FBXL12,False,False
FBXL13,False,False
FBXL15,False,False
FBXL17,False,False
FBXL18,False,False
FBXL2,False,False
FBXL22,False,False
FBXL3,False,False
FBXL4,False,False
FBXL5,False,False
FBXL9P,False,False
FBXO10,False,False
FBXO11,False,False
FBXO17,False,False
FBXO2,False,False
FBXO21,False,False
FBXO22,False,False
FBXO28,False,False
FBXO3,False,False
FBXO30,False,False
FBXO31,False,False
FBXO32,False,False
FBXO36,False,False
FBXO38,False,False
FBXO4,False,False
FBXO46,False,False
FBXO48,False,False
FBXO5,False,False
FBXO6,False,False
FBXO8,False,False
FBXO9,False,False
FBXW10B,False,False
FBXW12,False,False
FBXW4,False,False
FBXW7,False,False
FBXW8,False,False
FCAMR,False,False
FCAR,False,False
FCER1G,False,False
FCER2,False,False
FCF1,False,False
FCGBP,False,False
FCGR1A,False,False
FCGR1CP,False,False
FCGR2A,False,False
FCGR2B,False,True
FCGR2C,False,False
FCGR3A,False,False
FCGR3B,False,False
FCGRT,False,False
FCHO1,False,False
FCHSD2,False,False
FCMR,False,False
FCN1,False,False
FCN2,False,False
FCN3,False,False
FCRL1,False,False
FCRL2,False,False
FCRL3,False,False
FCRL4,False,False
FCRL5,False,False
FCRL6,False,False
FDCSP,False,False
FDFT1,False,True
FDPS,False,True
FDX1,False,False
FDX2,False,False
FECH,False,False
FEM1B,False,False
FEN1,False,False
FENDRR,False,False
FER,False,False
FER1L4,False,False
FERMT1,False,False
FERMT2,False,False
FERMT3,False,False
FERRY3,False,False
FES,False,False
FETUB,False,False
FEV,False,False
FEZ1,False,False
FEZ2,False,False
FEZF1,False,False
FEZF2,False,False
FFAR1,False,True
FFAR2,False,False
FFAR3,False,False
FFAR4,False,False
FGA,False,False
FGB,False,False
FGD2,False,False
FGD5,False,False
FGF1,False,True
FGF10,False,False
FGF11,False,False
FGF12,False,False
FGF13,False,False
FGF16,False,False
FGF18,False,False
FGF19,False,False
FGF2,False,False
FGF20,False,False
FGF21,False,False
FGF22,False,False
FGF23,False,False
FGF3,False,False
FGF4,False,False
FGF5,False,False
FGF6,False,False
FGF7,False,False
FGF8,False,False
FGF9,False,False
FGFBP1,False,False
FGFBP3,False,False
FGFR1,False,False
FGFR1OP2,False,False
FGFR2,False,False
FGFR3,False,False
FGFR4,False,True
FGFRL1,False,False
FGG,False,False
FGL1,False,False
FGL2,False,False
FGR,False,False
FH,False,False
FHAD1,False,False
FHIP1B,False,False
FHIP2B,False,False
FHIT,False,False
FHL1,False,False
FHL2,False,False
FHL3,False,False
FHL5,False,False
FHOD3,False,False
FIBCD1,False,False
FIBIN,False,False
FICD,True,False
FIG4,False,False
FIGLA,False,False
FIGN,False,False
FIGNL1,False,False
FIRRM,False,False
FIS1,False,False
FITM2,False,False
FJX1,False,False
FKBP10,False,False
FKBP11,False,False
FKBP14,False,False
FKBP1A,False,True
FKBP1B,False,False
FKBP1C,False,False
FKBP2,False,False
FKBP4,False,False
FKBP5,False,False
FKBP8,False,False
FKBP9,False,False
FKBPL,False,False
FKRP,False,False
FKTN,False,False
FLCN,False,False
FLG,False,False
FLI1,False,False
FLICR,False,False
FLII,False,False
FLNA,False,False
FLNB,False,False
FLNC,False,False
FLOT1,False,False
FLOT2,False,False
FLT1,False,True
FLT3,False,True
FLT3LG,False,False
FLT4,False,True
FLVCR1,False,False
FLVCR2,False,False
FMC1,False,False
FMN1,False,False
FMNL1,False,False
FMNL2,False,False
FMO1,False,False
FMO3,False,False
FMO4,False,False
FMO5,False,False
FMOD,False,False
FMR1,False,False
FMR1NB,False,False
FN1,False,False
FN3K,False,False
FN3KRP,False,False
FNBP4,False,False
FNDC1,False,False
FNDC3B,False,False
FNDC4,False,False
FNDC5,False,False
FNIP1,False,False
FNIP2,False,False
FNTA,False,False
FNTB,False,False
FOCAD,False,False
FOLH1,False,False
FOLR1,False,False
FOLR2,False,False
FOLR3,False,False
FOS,False,False
FOSB,False,False
FOSL1,False,False
FOSL2,False,False
FOXA1,False,False
FOXA2,False,False
FOXA3,False,False
FOXB1,False,False
FOXB2,False,False
FOXC1,False,False
FOXC2,False,False
FOXD1,False,False
FOXD2,False,False
FOXD3,False,False
FOXD4,False,False
FOXE1,False,False
FOXE3,False,False
FOXF1,False,False
FOXF2,False,False
FOXG1,False,False
FOXH1,False,False
FOXI1,False,False
FOXI3,False,False
FOXJ1,False,False
FOXJ2,False,False
FOXK1,False,False
FOXK2,False,False
FOXL1,False,False
FOXL2,False,False
FOXM1,False,False
FOXN1,False,False
FOXN2,False,False
FOXN3,False,False
FOXO1,False,False
FOXO3,False,False
FOXO4,False,False
FOXO6,False,False
FOXP1,False,False
FOXP2,False,False
FOXP3,True,False
FOXQ1,False,False
FOXR2,False,False
FOXRED2,False,False
FPGS,False,False
FPGT,False,False
FPGT-TNNI3K,False,False
FPR1,False,False
FPR2,False,False
FPR3,False,False
FRA10AC1,False,False
FRAS1,False,False
FRAT1,False,False
FRAT2,False,False
FREM1,False,False
FREM2,False,False
FRG2C,False,False
FRK,False,False
FRMD1,False,False
FRMD3,False,False
FRMD4A,False,False
FRMD4B,False,False
FRMD5,False,False
FRMD6,False,False
FRMD8,False,False
FRMPD2,False,False
FRRS1,False,False
FRRS1L,False,False
FRS2,False,False
FRS3,False,False
FRYL,False,False
FRZB,False,False
FSCB,False,False
FSCN1,False,False
FSCN2,False,False
FSCN3,False,False
FSD1,False,False
FSD1L,False,False
FSD2,False,False
FSHB,False,False
FSHR,False,False
FSIP1,False,False
FSIP2,False,False
FST,False,False
FSTL1,False,False
FSTL3,False,False
FSTL4,False,False
FSTL5,False,False
FTCD,False,False
FTH1,False,False
FTL,False,False
FTMT,False,False
FTO,False,False
FTSJ1,False,False
FTX,False,False
FUBP1,False,False
FUBP3,False,False
FUCA1,False,False
FUCA2,False,False
FUNDC1,False,False
FUOM,False,False
FURIN,False,False
FUS,False,False
FUT1,False,False
FUT2,False,False
FUT3,False,False
FUT4,False,False
FUT6,False,False
FUT8,False,False
FUZ,False,False
FXN,False,False
FXR1,False,False
FXR2,False,False
FXYD1,False,False
FXYD2,False,True
FXYD3,False,False
FXYD4,False,False
FXYD5,False,False
FYB1,False,False
FYCO1,False,False
FYN,False,False
FZD2,False,False
FZD3,False,False
FZD4,False,False
FZD5,False,False
FZD7,False,False
FZD8,False,False
FZD9,False,False
G0S2,False,False
G3BP1,False,False
G3BP2,False,False
G6PC1,False,False
G6PC2,False,False
G6PC3,False,False
G6PD,False,False
GAA,False,True
GAB1,False,False
GAB2,False,False
GAB3,False,False
GABARAP,False,False
GABARAPL1,False,False
GABARAPL2,False,False
GABBR1,False,False
GABBR2,False,False
GABPA,False,False
GABPB1,False,False
GABRA1,False,True
GABRA2,False,True
GABRA3,False,True
GABRA4,False,True
GABRA5,False,True
GABRA6,False,True
GABRB1,False,True
GABRB2,False,True
GABRB3,False,True
GABRD,False,True
GABRE,False,True
GABRG1,False,True
GABRG2,False,True
GABRG3,False,True
GABRP,False,True
GABRQ,False,True
GABRR1,False,False
GAD1,False,False
GAD2,False,False
GADD45A,False,False
GADD45B,False,False
GADD45G,False,False
GADD45GIP1,False,False
GAK,False,False
GAL,False,False
GAL3ST1,False,False
GAL3ST3,False,False
GAL3ST4,False,False
GALC,False,False
GALE,False,False
GALK1,False,False
GALK2,False,False
GALM,False,False
GALNS,False,False
GALNT1,False,False
GALNT10,False,False
GALNT11,False,False
GALNT12,False,False
GALNT13,False,False
GALNT14,False,False
GALNT16,False,False
GALNT17,False,False
GALNT18,False,False
GALNT2,False,False
GALNT3,False,False
GALNT4,False,False
GALNT5,False,False
GALNT6,False,False
GALNT7,False,False
GALNT9,False,False
GALP,False,False
GALR1,False,False
GALR2,False,False
GALT,False,False
GAN,False,False
GANAB,False,False
GANC,False,False
GAP43,False,False
GAPDH,False,False
GAPDHS,False,False
GAPLINC,False,False
GAPT,False,False
GAREM1,False,False
GARIN1A,False,False
GARIN1B,False,False
GARIN6,False,False
GARNL3,False,False
GARS1,False,False
GART,False,False
GAS1,False,False
GAS2,False,False
GAS2L1,False,False
GAS2L3,False,False
GAS5,False,False
GAS6,False,False
GAS7,False,False
GASK1A,False,False
GASK1B,False,False
GAST,False,False
GATA1,False,False
GATA2,False,False
GATA3,False,False
GATA4,True,False
GATA5,False,False
GATA6,True,False
GATAD1,False,False
GATAD2A,False,False
GATC,False,False
GATD3,False,False
GATM,False,False
GBA1,False,False
GBA1LP,False,False
GBA2,False,False
GBA3,False,False
GBE1,False,False
GBF1,False,False
GBP1,False,False
GBP2,False,False
GBP4,False,False
GBP5,False,False
GBP6,False,False
GBX1,False,False
GBX2,False,False
GC,False,False
GCA,False,False
GCAT,False,False
GCC1,False,False
GCC2,False,False
GCDH,False,False
GCFC2,False,False
GCG,False,False
GCGR,False,True
GCH1,False,False
GCK,True,True
GCKR,False,False
GCLC,False,False
GCLM,False,False
GCM1,False,False
GCM2,False,False
GCN1,False,False
GCNA,False,False
GCNT1,False,False
GCNT2,False,False
GCNT3,False,False
GCNT7,False,False
GCSH,False,False
GDA,False,False
GDAP1,False,False
GDAP1L1,False,False
GDE1,False,False
GDF1,False,False
GDF10,False,False
GDF11,False,False
GDF15,False,False
GDF2,False,False
GDF3,False,False
GDF5,False,False
GDF6,False,False
GDF7,False,False
GDF9,False,False
GDI1,False,False
GDI2,False,False
GDNF,False,False
GDPD1,False,False
GDPD2,False,False
GDPD4,False,False
GEM,False,False
GEMIN4,False,False
GEN1,False,False
GET1,False,False
GET3,False,False
GET4,False,False
GFAP,False,False
GFER,False,False
GFI1,False,False
GFI1B,False,False
GFM1,False,False
GFM2,False,False
GFOD1,False,False
GFOD2,False,False
GFPT1,False,False
GFPT2,False,False
GFRA1,False,False
GFRA2,False,False
GFRA3,False,False
GFRAL,False,False
GFUS,False,False
GFY,False,False
GGA2,False,False
GGA3,False,False
GGACT,False,False
GGCT,False,False
GGCX,False,False
GGNBP2,False,False
GGPS1,False,False
GGT1,False,False
GGT5,False,False
GGT6,False,False
GGT7,False,False
GGTA2P,False,False
GGTLC1,False,False
GH1,False,False
GH2,True,False
GHDC,False,False
GHITM,False,False
GHR,False,True
GHRH,False,False
GHRHR,False,True
GHRL,False,False
GHRLOS,False,False
GHSR,False,True
GIGYF1,True,False
GIGYF2,False,False
GIMAP1,False,False
GIMAP4,False,False
GIMAP5,False,False
GIMAP6,False,False
GIMAP7,False,False
GIMAP8,False,False
GIN1,False,False
GINM1,False,False
GINS2,False,False
GINS4,False,False
GIP,False,False
GIPC1,False,False
GIPR,False,True
GIT1,False,False
GIT2,False,False
GJA1,False,False
GJA10,False,False
GJA3,False,False
GJA4,False,False
GJA5,False,False
GJA8,False,False
GJB1,False,False
GJB2,False,False
GJB3,False,False
GJB4,False,False
GJB5,False,False
GJB6,False,False
GJC1,False,False
GJD2,False,False
GK,False,False
GK2,False,False
GK3,False,False
GK5,False,False
GKAP1,False,False
GKN1,False,False
GLA,False,False
GLB1,False,False
GLCCI1,False,False
GLCE,False,False
GLDC,False,False
GLDN,False,False
GLI1,False,False
GLI2,False,False
GLI3,False,False
GLIPR1,False,False
GLIPR1L1,False,False
GLIPR2,False,False
GLIS1,False,False
GLIS2,False,False
GLIS3,True,False
GLMP,False,False
GLO1,False,False
GLOD4,False,False
GLP1R,True,True
GLP2R,False,False
GLRA1,False,True
GLRA3,False,False
GLRB,False,True
GLRX,False,False
GLRX2,False,False
GLRX3,False,False
GLRX5,False,False
GLS,False,False
GLS2,False,False
GLT1D1,False,False
GLT6D1,False,False
GLT8D1,False,False
GLTP,False,False
GLUD1,True,False
GLUD2,False,False
GLUL,False,False
GLYAT,False,False
GLYATL1,False,False
GLYATL3,False,False
GLYR1,False,False
GM2A,False,False
GMCL1,False,False
GMDS,False,False
GMEB1,False,False
GMEB2,False,False
GMFB,False,False
GMNN,False,False
GMPPA,False,False
GMPPB,False,False
GMPS,False,False
GNA11,False,False
GNA12,False,False
GNA15,False,False
GNAI1,False,False
GNAI2,False,False
GNAI3,False,False
GNAL,False,False
GNAO1,False,False
GNAQ,False,False
GNAS,False,False
GNAS-AS1,False,False
GNAT1,False,False
GNAT2,False,False
GNAT3,False,False
GNAZ,False,False
GNB1,False,False
GNB2,False,False
GNB3,False,False
GNB4,False,False
GNB5,False,False
GNE,False,False
GNG11,False,False
GNG12,False,False
GNG13,False,False
GNG2,False,False
GNG3,True,False
GNG4,False,False
GNG5,False,False
GNG5B,False,False
GNG7,False,False
GNG8,False,False
GNGT1,False,False
GNGT2,False,False
GNL1,False,False
GNL3,False,False
GNL3L,False,False
GNLY,False,False
GNMT,False,False
GNPAT,False,False
GNPDA1,False,False
GNPDA2,False,False
GNPNAT1,False,False
GNPTAB,False,False
GNPTG,False,False
GNRH1,False,False
GNRH2,False,False
GNRHR,False,True
GNS,False,False
GOLGA1,False,False
GOLGA2,False,False
GOLGA3,False,False
GOLGA4,False,False
GOLGA5,False,False
GOLGA6A,False,False
GOLGA6L4,False,False
GOLGA6L6,False,False
GOLGA6L9,False,False
GOLGA7,False,False
GOLGA8CP,False,False
GOLGA8J,False,False
GOLGB1,False,False
GOLIM4,False,False
GOLM1,False,False
GOLPH3,False,False
GOLPH3L,False,False
GOLT1A,False,False
GOLT1B,False,False
GOPC,False,False
GORAB,False,False
GORASP2,False,False
GOSR2,False,False
GOT1,False,False
GOT2,False,False
GP1BA,False,False
GP1BB,False,False
GP2,False,False
GP5,False,False
GP6,False,False
GP9,False,False
GPA33,False,False
GPAA1,False,False
GPAM,False,False
GPAT3,False,False
GPAT4,False,False
GPATCH11,False,False
GPBAR1,False,False
GPBP1,False,False
GPBP1L1,False,False
GPC1,False,False
GPC3,False,False
GPC4,False,False
GPC5,False,False
GPC6,False,False
GPCPD1,False,False
GPD1,False,False
GPD1L,False,False
GPD2,True,True
GPER1,False,False
GPHA2,False,False
GPHB5,False,False
GPHN,False,False
GPHRA,False,False
GPHRB,False,False
GPI,False,False
GPIHBP1,False,False
GPLD1,False,False
GPM6A,False,False
GPN1,False,False
GPNMB,False,False
GPR101,False,False
GPR107,False,False
GPR119,False,True
GPR12,False,False
GPR132,False,False
GPR135,False,False
GPR137,False,False
GPR137B,False,False
GPR139,False,False
GPR142,False,False
GPR143,False,False
GPR146,False,False
GPR149,False,False
GPR15,False,False
GPR151,False,False
GPR152,False,False
GPR155,False,False
GPR158,False,False
GPR161,False,False
GPR162,False,False
GPR17,False,False
GPR171,False,False
GPR176,False,False
GPR18,False,False
GPR180,False,False
GPR183,False,False
GPR19,False,False
GPR21,False,False
GPR22,False,False
GPR25,False,False
GPR26,False,False
GPR27,False,False
GPR3,False,False
GPR31,False,False
GPR32,False,False
GPR35,False,False
GPR37,False,False
GPR37L1,False,False
GPR39,False,False
GPR4,False,False
GPR45,False,False
GPR50,False,False
GPR55,False,False
GPR6,False,False
GPR61,False,False
GPR63,False,False
GPR65,False,False
GPR68,False,False
GPR75,False,False
GPR78,False,False
GPR82,False,False
GPR83,False,False
GPR84,False,True
GPR88,False,False
GPRASP1,False,False
GPRC5A,False,False
GPRC5B,False,False
GPRC5C,False,False
GPRC6A,False,False
GPRIN2,False,False
GPRIN3,False,False
GPS1,False,False
GPS2,False,False
GPSM1,False,False
GPSM2,False,False
GPSM3,False,False
GPT,False,False
GPT2,False,False
GPX1,False,False
GPX2,False,False
GPX3,False,False
GPX4,False,False
GPX6,False,False
GPX7,False,False
GPX8,False,False
GRAMD1A,False,False
GRAMD1C,False,False
GRAMD2A,False,False
GRAMD2B,False,False
GRAP,False,False
GRAP2,False,False
GRB10,False,False
GRB14,True,False
GRB2,False,False
GRB7,False,False
GREB1L,False,False
GREM1,False,False
GREM2,False,False
GRHL1,False,False
GRHL2,False,False
GRHL3,False,False
GRHPR,False,False
GRIA1,False,True
GRIA2,False,True
GRIA3,False,True
GRIA4,False,True
GRID1,False,False
GRID2,False,False
GRID2IP,False,False
GRIFIN,False,False
GRIK1,False,True
GRIK2,False,True
GRIK3,False,True
GRIK4,False,True
GRIK5,False,True
GRIN1,False,True
GRIN2A,False,True
GRIN2B,False,True
GRIN2C,False,True
GRIN2D,False,True
GRIN3A,False,True
GRIN3B,False,True
GRIP1,False,False
GRIPAP1,False,False
GRK1,False,False
GRK2,False,False
GRK3,False,False
GRK4,False,False
GRK5,False,False
GRK6,False,False
GRM1,False,False
GRM2,False,False
GRM3,False,False
GRM4,False,False
GRM5,False,False
GRM6,False,False
GRM7,False,False
GRM8,False,False
GRN,False,False
GRP,False,False
GRPEL2,False,False
GRPR,False,False
GRSF1,False,False
GRWD1,False,False
GRXCR1,False,False
GRXCR2,False,False
GSAP,False,False
GSC,False,False
GSDMA,False,False
GSDMB,False,False
GSDMD,False,False
GSDME,False,False
GSE1,False,False
GSK3A,False,False
GSK3B,False,False
GSN,False,False
GSR,False,False
GSS,False,False
GSTA1,False,False
GSTA2,False,False
GSTA3,False,False
GSTA4,False,False
GSTA5,False,False
GSTCD,False,False
GSTK1,False,False
GSTM1,False,False
GSTM2,False,False
GSTM3,False,False
GSTM4,False,False
GSTM5,False,False
GSTO1,False,False
GSTO2,False,False
GSTP1,False,False
GSTT2,False,False
GSTZ1,False,False
GTF2A1,False,False
GTF2B,False,False
GTF2E1,False,False
GTF2F2,False,False
GTF2H1,False,False
GTF2I,False,False
GTF2IRD1,False,False
GTF2IRD2,False,False
GTF2IRD2B,False,False
GTF3A,False,False
GTF3AP5,False,False
GTF3C2,False,False
GTF3C5,False,False
GTPBP1,False,False
GTPBP10,False,False
GTPBP4,False,False
GTSCR1,False,False
GUCA1A,False,False
GUCA1B,False,False
GUCA2A,False,False
GUCA2B,False,False
GUCY1A1,False,True
GUCY1A2,False,True
GUCY1B1,False,True
GUCY1B2,False,False
GUCY2C,False,False
GUCY2D,False,False
GUF1,False,False
GULOP,False,False
GULP1,False,False
GUSB,False,False
GUSBP17,False,False
GVQW3,False,False
GXYLT1,False,False
GXYLT2,False,False
GYG1,False,False
GYG2,False,False
GYPA,False,False
GYPB,False,False
GYPC,False,False
GYPE,False,False
GYS1,False,False
GYS2,False,False
GZMA,False,False
GZMB,False,False
GZMH,False,False
GZMK,False,False
GZMM,False,False
H1-0,False,False
H1-10,False,False
H1-10-AS1,False,False
H1-2,False,False
H1-4,False,False
H1-5,False,False
H1-7,False,False
H1-8,False,False
H19,False,False
H2AC11,False,False
H2AC12,False,False
H2AC14,False,False
H2AC21,False,False
H2AX,False,False
H2AZ2,False,False
H2BC12L,False,False
H2BC15,False,False
H2BC21,False,False
H2BC4,False,False
H3-3B,False,False
H3-4,False,False
H3-5,False,False
H4C11,False,False
H4C3,False,False
H6PD,False,False
HAAO,False,False
HABP2,False,False
HABP4,False,False
HACD2,False,False
HACD3,False,False
HACD4,False,False
HACE1,False,False
HACL1,False,False
HACL2,False,False
HADH,True,False
HADHA,False,False
HADHB,False,False
HAGH,False,False
HAL,False,False
HAMP,False,False
HAND1,False,False
HAND2,False,False
HAND2-AS1,False,False
HAO1,False,False
HAO2,False,False
HAP1,False,False
HAPLN1,False,False
HAPLN2,False,False
HAPLN3,False,False
HAPLN4,False,False
HAR1A,False,False
HARS1,False,False
HARS2,False,False
HAS1,False,False
HAS2,False,False
HAS3,False,False
HAT1,False,False
HAUS3,False,False
HAUS6,False,False
HAUS7,False,False
HAVCR1,False,False
HAVCR2,False,False
HAX1,False,False
HBA1,False,False
HBA2,False,False
HBB,False,False
HBD,False,False
HBE1,False,False
HBEGF,False,False
HBG1,False,False
HBG2,False,False
HBP1,False,False
HBQ1,False,False
HBS1L,False,False
HCAR1,False,False
HCAR2,False,False
HCAR3,False,False
HCFC1,False,False
HCFC2,False,False
HCG11,False,False
HCG18,False,False
HCG22,False,False
HCG25,False,False
HCG27,False,False
HCG9,False,False
HCK,False,False
HCLS1,False,False
HCN1,False,False
HCN2,True,False
HCN3,False,False
HCN4,False,True
HCP5,False,False
HCRT,False,False
HCRTR1,False,False
HCRTR2,False,False
HDAC1,False,True
HDAC10,False,True
HDAC11,False,True
HDAC2,False,True
HDAC3,False,True
HDAC4,False,True
HDAC5,False,True
HDAC6,False,True
HDAC7,False,True
HDAC8,False,True
HDAC9,False,True
HDC,False,False
HDDC2,False,False
HDDC3,False,False
HDGF,False,False
HDGFL2,False,False
HDGFL3,False,False
HDLBP,False,False
HEATR4,False,False
HEATR5B,False,False
HEBP1,False,False
HECA,False,False
HECTD1,False,False
HECTD2,False,False
HECTD2-AS1,False,False
HECTD3,False,False
HECTD4,True,False
HECW1,False,False
HECW2,False,False
HEG1,False,False
HELB,False,False
HELLS,False,False
HELQ,False,False
HELZ2,False,False
HEMGN,False,False
HEMK1,False,False
HEMK2,False,False
HEPH,False,False
HEPHL1,False,False
HERC1,False,False
HERC2,False,False
HERC3,False,False
HERC5,False,False
HERC6,False,False
HERPUD1,False,False
HERPUD2,False,False
HES1,False,False
HES2,False,False
HES3,False,False
HES4,False,False
HES6,False,False
HESX1,False,False
HEXA,False,False
HEXB,False,False
HEXIM1,False,False
HEXIM2,False,False
HEY1,False,False
HEY2,False,False
HEYL,False,False
HFE,False,False
HFM1,False,False
HGD,False,False
HGF,False,False
HGFAC,False,False
HGH1,False,False
HHAT,False,False
HHATL,False,False
HHEX,False,False
HHIP,False,False
HHIPL1,False,False
HHLA2,False,False
HIBADH,False,False
HIBCH,False,False
HIC1,False,False
HIC2,False,False
HIF1A,False,False
HIF1AN,False,False
HIF3A,False,False
HIGD1A,False,False
HILPDA,False,False
HINFP,False,False
HINT1,False,False
HINT2,False,False
HINT3,False,False
HIP1,False,False
HIP1R,False,False
HIPK1,False,False
HIPK2,False,False
HIPK3,False,False
HIRA,False,False
HIRIP3,False,False
HIVEP2,False,False
HIVEP3,False,False
HJV,False,False
HK1,False,False
HK2,False,False
HK3,False,False
HKDC1,False,False
HLA-A,False,False
HLA-B,False,False
HLA-C,False,False
HLA-DMA,False,False
HLA-DMB,False,False
HLA-DOA,False,False
HLA-DOB,False,False
HLA-DPA1,False,False
HLA-DPB1,True,False
HLA-DPB2,False,False
HLA-DQA1,False,False
HLA-DQA2,False,False
HLA-DQB1,False,False
HLA-DQB2,False,False
HLA-DRA,False,False
HLA-DRB1,False,False
HLA-DRB5,False,False
HLA-DRB6,False,False
HLA-E,False,False
HLA-F,False,False
HLA-G,False,False
HLA-L,False,False
HLA-P,False,False
HLA-S,False,False
HLA-T,False,False
HLF,False,False
HLTF,False,False
HLX,False,False
HM13,False,False
HMBOX1,False,False
HMBS,False,False
HMCES,False,False
HMCN1,False,False
HMCN2,False,False
HMG20A,False,False
HMGA1,False,False
HMGA2,False,False
HMGB1,False,False
HMGB1P46,False,False
HMGB2,False,False
HMGCL,False,False
HMGCR,False,True
HMGCS1,False,False
HMGCS2,False,False
HMGN1,False,False
HMGN2,False,False
HMGN2P46,False,False
HMGN3,False,False
HMGXB4,False,False
HMHB1,False,False
HMMR,False,False
HMOX1,False,False
HMOX2,False,False
HMSD,False,False
HMX1,False,False
HMX2,False,False
HMX3,False,False
HNF1A,True,False
HNF1A-AS1,False,False
HNF1B,True,False
HNF4A,True,False
HNF4G,False,False
HNMT,False,False
HNRNPA0,False,False
HNRNPA1,False,False
HNRNPA1L3,False,False
HNRNPA2B1,False,False
HNRNPA3,False,False
HNRNPAB,False,False
HNRNPC,False,False
HNRNPD,False,False
HNRNPDL,False,False
HNRNPF,False,False
HNRNPH2,False,False
HNRNPK,False,False
HNRNPL,False,False
HNRNPLL,False,False
HNRNPM,False,False
HNRNPR,False,False
HNRNPU,False,False
HOATZ,False,False
HOGA1,False,False
HOMER1,False,False
HOMER2,False,False
HOMER3,False,False
HOOK2,False,False
HOPX,False,False
HORMAD1,False,False
HORMAD2,False,False
HOTAIR,False,False
HOTAIRM1,False,False
HOTTIP,False,False
HOXA1,False,False
HOXA10,False,False
HOXA11,False,False
HOXA13,False,False
HOXA2,False,False
HOXA3,False,False
HOXA4,False,False
HOXA5,False,False
HOXA7,False,False
HOXA9,False,False
HOXB1,False,False
HOXB13,False,False
HOXB2,False,False
HOXB3,False,False
HOXB4,False,False
HOXB5,False,False
HOXB7,False,False
HOXB9,False,False
HOXC-AS2,False,False
HOXC10,False,False
HOXC12,False,False
HOXC13,False,False
HOXC4,False,False
HOXC5,False,False
HOXC6,False,False
HOXC8,False,False
HOXD11,False,False
HOXD12,False,False
HOXD13,False,False
HOXD3,False,False
HOXD4,False,False
HOXD8,False,False
HP,False,False
HPCA,False,False
HPCAL1,False,False
HPCAL4,False,False
HPD,False,False
HPGD,False,False
HPGDS,False,False
HPN,False,False
HPR,False,False
HPRT1,False,False
HPS1,False,False
HPSE,False,False
HPSE2,False,False
HPX,False,False
HR,False,False
HRAS,False,False
HRC,False,False
HRG,False,False
HRH1,False,True
HRH2,False,False
HRH3,False,True
HRH4,False,False
HRK,False,False
HRNR,False,False
HS1BP3,False,False
HS2ST1,False,False
HS3ST1,False,False
HS3ST2,False,False
HS3ST3A1,False,False
HS3ST3B1,False,False
HS3ST4,False,False
HS3ST5,False,False
HS6ST1,False,False
HS6ST2,False,False
HS6ST3,False,False
HSBP1,False,False
HSCB,False,False
HSD11B1,False,True
HSD11B2,False,False
HSD17B1,False,False
HSD17B10,False,False
HSD17B11,False,False
HSD17B12,False,False
HSD17B13,False,False
HSD17B14,False,False
HSD17B2,False,False
HSD17B3,False,False
HSD17B4,False,False
HSD17B6,False,False
HSD17B7,False,False
HSD17B8,False,False
HSD3B1,False,False
HSD3B2,False,False
HSD3B7,False,False
HSDL2,False,False
HSF1,False,False
HSF2,False,False
HSF2BP,False,False
HSF4,False,False
HSP90AA1,False,False
HSP90AA2P,False,False
HSP90AA4P,False,False
HSP90AB1,False,False
HSP90B1,False,False
HSP90B2P,False,False
HSPA12A,False,False
HSPA12B,False,False
HSPA14,False,False
HSPA1A,False,False
HSPA1B,False,False
HSPA1L,False,False
HSPA2,False,False
HSPA4,False,False
HSPA4L,False,False
HSPA5,False,False
HSPA6,False,False
HSPA7,False,False
HSPA8,False,False
HSPA9,False,False
HSPB1,False,False
HSPB2,False,False
HSPB3,False,False
HSPB6,False,False
HSPB7,False,False
HSPB8,False,False
HSPBP1,False,False
HSPD1,False,False
HSPE1,False,False
HSPG2,False,False
HSPH1,False,False
HTATIP2,False,False
HTATSF1,False,False
HTD2,False,False
HTN1,False,False
HTR1A,False,False
HTR1B,False,False
HTR1D,False,False
HTR1E,False,False
HTR1F,False,False
HTR2A,False,True
HTR2B,False,False
HTR2C,False,True
HTR3A,False,True
HTR3B,False,False
HTR4,False,True
HTR5A,False,False
HTR6,False,False
HTR7,False,False
HTRA1,False,False
HTRA2,False,False
HTRA3,False,False
HTT,False,False
HULC,False,False
HUNK,False,False
HUWE1,False,False
HVCN1,False,False
HYAL1,False,False
HYAL2,False,False
HYAL3,False,False
HYCC1,False,False
HYDIN,False,False
HYLS1,False,False
HYMAI,True,False
HYOU1,False,False
IAH1,False,False
IAPP,False,False
IARS1,False,False
IARS2,False,False
IBSP,False,False
IBTK,False,False
ICA1,False,False
ICA1L,False,False
ICAM1,False,False
ICAM2,False,False
ICAM3,False,False
ICAM4,False,False
ICAM5,False,False
ICE2,False,False
ICOS,False,False
ICOSLG,False,False
ID1,False,False
ID2,False,False
ID3,False,False
ID4,False,False
IDE,False,False
IDH1,False,False
IDH2,False,False
IDH3A,False,False
IDI1,False,False
IDI2,False,False
IDNK,False,False
IDO1,False,False
IDO2,False,False
IDS,False,False
IDUA,False,False
IER2,False,False
IER3,False,False
IER3IP1,False,False
IER5,False,False
IER5L,False,False
IFFO1,False,False
IFI16,False,False
IFI27,False,False
IFI30,False,False
IFI35,False,False
IFI44,False,False
IFI44L,False,False
IFI6,False,False
IFIH1,False,False
IFIT1,False,False
IFIT2,False,False
IFIT3,False,False
IFITM1,False,False
IFITM2,False,False
IFITM3,False,False
IFITM4P,False,False
IFITM5,False,False
IFNA1,False,False
IFNA10,False,False
IFNA14,False,False
IFNA16,False,False
IFNA17,False,False
IFNA2,False,False
IFNA21,False,False
IFNA4,False,False
IFNA5,False,False
IFNA8,False,False
IFNAR1,False,True
IFNAR2,False,True
IFNB1,False,False
IFNG,False,True
IFNGR1,False,False
IFNGR2,False,False
IFNK,False,False
IFNL1,False,False
IFNL2,False,False
IFNL3,False,False
IFNL4,False,False
IFNLR1,False,False
IFNW1,False,False
IFT140,False,False
IFT172,False,False
IFT25,False,False
IFT27,False,False
IFT38,False,False
IFT43,False,False
IFT46,False,False
IFT52,False,False
IFT57,False,False
IFT70A,False,False
IFT70B,False,False
IFT74,False,False
IFT80,False,False
IFT81,False,False
IFT88,False,False
IGF1,False,False
IGF1R,False,True
IGF2,True,False
IGF2-AS,False,False
IGF2BP1,False,False
IGF2BP2,False,False
IGF2BP3,False,False
IGF2R,False,False
IGFALS,False,False
IGFBP1,False,False
IGFBP2,False,False
IGFBP3,False,False
IGFBP4,False,False
IGFBP5,False,False
IGFBP6,False,False
IGFBP7,False,False
IGFBPL1,False,False
IGFN1,False,False
IGHA1,False,False
IGHA2,False,False
IGHD,False,False
IGHE,False,False
IGHG1,False,False
IGHG2,False,False
IGHG3,False,False
IGHM,False,False
IGHMBP2,False,False
IGHV1-2,False,False
IGHV1OR15-9,False,False
IGIP,False,False
IGKC,False,False
IGKJ3,False,False
IGKV1D-13,False,False
IGKV1D-16,False,False
IGKV1D-22,False,False
IGKV1OR-2,False,False
IGKV2-26,False,False
IGKV2-36,False,False
IGKV2D-26,False,False
IGKV2D-29,False,False
IGKV3-20,False,False
IGKV4-1,False,False
IGLC1,False,False
IGLC2,False,False
IGLC3,False,False
IGLJ3,False,False
IGLL1,False,False
IGLL5,False,False
IGLON5,False,False
IGLV3-25,False,False
IGLV9-49,False,False
IGSF1,False,False
IGSF10,False,False
IGSF11,False,False
IGSF21,False,False
IGSF22,False,False
IGSF3,False,False
IGSF6,False,False
IGSF9,False,False
IGSF9B,False,False
IHH,False,False
IKBIP,False,False
IKBKB,False,True
IKBKE,False,False
IKBKG,False,False
IKZF1,False,False
IKZF2,False,False
IKZF3,False,False
IKZF4,False,False
IKZF5,False,False
IL10,False,False
IL10RA,False,False
IL10RB,False,False
IL11,False,False
IL11RA,False,False
IL12A,False,True
IL12B,False,True
IL12RB1,False,False
IL12RB2,False,False
IL13,False,False
IL13RA1,False,False
IL13RA2,False,False
IL15,False,False
IL15RA,False,False
IL16,False,False
IL17A,False,True
IL17B,False,False
IL17C,False,False
IL17D,False,False
IL17F,False,False
IL17RA,False,False
IL17RB,False,False
IL17RC,False,False
IL17RD,False,False
IL17REL,False,False
IL18,False,True
IL18BP,False,False
IL18R1,False,False
IL18RAP,False,False
IL19,False,False
IL1A,False,True
IL1B,False,True
IL1F10,False,False
IL1R1,False,True
IL1R2,False,False
IL1RAP,False,False
IL1RAPL1,False,False
IL1RAPL2,False,False
IL1RN,False,False
IL2,False,False
IL20,False,False
IL20RA,False,False
IL20RB,False,False
IL21,False,True
IL21R,False,False
IL22,False,False
IL22RA1,False,False
IL22RA2,False,False
IL23A,False,True
IL23R,False,False
IL24,False,False
IL25,False,False
IL26,False,False
IL27,False,False
IL27RA,False,False
IL2RA,True,True
IL2RB,False,True
IL2RG,False,True
IL3,False,False
IL31,False,False
IL31RA,False,False
IL32,False,False
IL33,False,False
IL33R,False,False
IL34,False,False
IL36A,False,False
IL36B,False,False
IL36G,False,False
IL36R,False,False
IL36RN,False,False
IL37,False,False
IL4,False,False
IL40,False,False
IL4I1,False,False
IL4R,False,False
IL5,False,False
IL5RA,False,False
IL6,False,True
IL6R,False,True
IL6ST,False,False
IL7,False,False
IL7R,False,False
IL9,False,False
IL9R,False,False
ILDR1,False,False
ILDR2,False,False
ILF2,False,False
ILF3,False,False
ILK,False,False
ILRUN,False,False
IMMP1L,False,False
IMMP2L,False,False
IMMT,False,False
IMP3,False,False
IMPA1,False,False
IMPA2,False,False
IMPACT,False,False
IMPDH1,False,True
IMPDH2,False,True
IMPG1,False,False
IMPG2,False,False
INA,False,False
INAFM2,False,False
INAVA,False,False
INF2,False,False
ING1,False,False
ING4,False,False
ING5,False,False
INHA,False,False
INHBA,False,False
INHBB,False,False
INHBC,False,False
INHBE,False,False
INKA1,False,False
INKA2,False,False
INMT,False,False
INO80,False,False
INO80E,False,False
INPP4A,False,False
INPP4B,False,False
INPP5B,False,False
INPP5D,False,False
INPP5E,False,False
INPP5F,False,False
INPP5K,False,False
INPPL1,False,False
INS,True,False
INSC,False,False
INSIG1,False,False
INSIG2,False,False
INSL3,False,False
INSL4,False,False
INSL5,False,False
INSM1,False,False
INSM2,False,False
INSR,True,True
INSRR,False,False
INSYN1,False,False
INSYN2A,False,False
INSYN2B,False,False
INTS1,False,False
INTS10,False,False
INTS13,False,False
INTS15,False,False
INTS6,False,False
INTS6L,False,False
INTS7,False,False
INTS8,False,False
INTU,False,False
INVS,False,False
IP6K1,False,False
IP6K2,False,False
IP6K3,False,False
IPMK,False,False
IPO11,False,False
IPO13,False,False
IPO5,False,False
IPO7,False,False
IPO8,False,False
IPO9,False,False
IPP,False,False
IPPK,False,False
IQCB1,False,False
IQCH,False,False
IQCJ,False,False
IQCK,False,False
IQCM,False,False
IQGAP1,False,False
IQGAP2,False,False
IQGAP3,False,False
IQSEC1,False,False
IQSEC2,False,False
IQSEC3,False,False
IQUB,False,False
IRAG1,False,False
IRAG2,False,False
IRAK1,False,False
IRAK1BP1,False,False
IRAK2,False,False
IRAK3,False,False
IRAK4,False,False
IREB2,False,False
IRF1,False,False
IRF2,False,False
IRF2BP1,False,False
IRF2BP2,False,False
IRF2BPL,False,False
IRF3,False,False
IRF4,False,False
IRF5,False,False
IRF6,False,False
IRF7,False,False
IRF8,False,False
IRF9,False,False
IRGM,False,False
IRS1,True,False
IRS2,True,False
IRS4,False,False
IRX1,False,False
IRX2,False,False
IRX3,False,False
IRX4,False,False
IRX5,False,False
IRX6,False,False
ISCA1,False,False
ISCA2,False,False
ISG15,False,False
ISG20,False,False
ISG20L2,False,False
ISL1,False,False
ISLR,False,False
ISM1,False,False
ISOC1,False,False
ISX,False,False
ISYNA1,False,False
ITCH,False,False
ITFG2,False,False
ITGA1,False,False
ITGA10,False,False
ITGA11,False,False
ITGA2,False,False
ITGA2B,False,False
ITGA3,False,False
ITGA4,False,True
ITGA5,False,False
ITGA6,False,False
ITGA7,False,False
ITGA8,False,False
ITGA9,False,False
ITGAD,False,False
ITGAE,False,False
ITGAL,False,True
ITGAM,False,False
ITGAV,False,False
ITGAX,False,False
ITGB1,False,False
ITGB1BP1,False,False
ITGB1BP2,False,False
ITGB2,False,True
ITGB3,False,False
ITGB3BP,False,False
ITGB4,False,False
ITGB5,False,False
ITGB6,False,False
ITGB7,False,True
ITGB8,False,False
ITGBL1,False,False
ITIH1,False,False
ITIH2,False,False
ITIH3,False,False
ITIH4,False,False
ITIH5,False,False
ITK,False,True
ITLN1,False,False
ITLN2,False,False
ITM2B,False,False
ITPA,False,False
ITPK1,False,False
ITPKA,False,False
ITPKC,False,False
ITPR1,False,False
ITPR2,False,False
ITPR3,True,False
ITPRID2,False,False
ITPRIP,False,False
ITSN1,False,False
ITSN2,False,False
IVD,False,False
IVL,False,False
IVNS1ABP,False,False
IYD,False,False
IZUMO1,False,False
IZUMO1R,False,False
IZUMO3,False,False
JADE1,False,False
JADE2,False,False
JAG1,False,False
JAGN1,False,False
JAK1,False,True
JAK2,False,True
JAK3,False,True
JAKMIP1,False,False
JAKMIP2,False,False
JAKMIP3,False,False
JAM2,False,False
JAM3,False,False
JAML,False,False
JARID2,False,False
JAZF1,False,False
JCAD,False,False
JCHAIN,False,False
JDP2,False,False
JKAMP,False,False
JMJD1C,False,False
JMJD6,False,False
JMJD7,False,False
JMJD7-PLA2G4B,False,False
JMY,False,False
JOSD1,False,False
JPH1,False,False
JPH2,False,False
JPH3,False,False
JPT1,False,False
JPX,False,False
JRK,False,False
JRKL,False,False
JSRP1,False,False
JUN,False,False
JUNB,False,False
JUND,False,False
JUP,False,False
KALRN,False,False
KANGD1,False,False
KANK1,False,False
KANK2,False,False
KANK4,False,False
KANSL1,False,False
KANSL2,False,False
KANTR,False,False
KARS1,False,False
KAT14,False,False
KAT2A,False,False
KAT2B,False,False
KAT5,False,False
KAT6A,False,False
KAT6B,False,False
KAT7,False,False
KAT8,False,False
KATNAL1,False,False
KATNB1,False,False
KATNBL1,False,False
KAZALD1,False,False
KAZN,False,False
KBTBD11,False,False
KBTBD13,False,False
KBTBD2,False,False
KBTBD4,False,False
KBTBD6,False,False
KBTBD8,False,False
KCNA1,False,False
KCNA10,False,False
KCNA2,False,False
KCNA3,False,False
KCNA4,False,False
KCNA5,False,False
KCNA6,False,False
KCNA7,False,False
KCNAB1,False,False
KCNAB2,False,False
KCNB1,False,False
KCNB2,False,False
KCNC2,False,False
KCNC4,False,False
KCND1,False,False
KCND2,False,False
KCND3,False,False
KCNE1,False,False
KCNE2,False,False
KCNE4,False,False
KCNE5,False,False
KCNG1,False,False
KCNH1,False,False
KCNH2,False,False
KCNH3,False,False
KCNH4,False,False
KCNH5,False,False
KCNH6,False,False
KCNH7,False,False
KCNH8,False,False
KCNIP1,False,False
KCNIP2,False,False
KCNIP3,False,False
KCNIP4,False,False
KCNJ1,False,False
KCNJ10,False,False
KCNJ11,True,True
KCNJ12,False,False
KCNJ13,False,False
KCNJ15,False,False
KCNJ16,False,False
KCNJ18,False,False
KCNJ2,False,False
KCNJ3,False,False
KCNJ5,False,False
KCNJ6,False,False
KCNJ8,False,True
KCNJ9,False,False
KCNK1,False,False
KCNK10,False,True
KCNK13,False,False
KCNK15,False,False
KCNK16,False,False
KCNK17,False,False
KCNK18,False,True
KCNK2,False,True
KCNK3,False,True
KCNK5,False,False
KCNK6,False,False
KCNMA1,False,False
KCNMB1,False,False
KCNMB2,False,False
KCNMB4,False,False
KCNN1,False,False
KCNN2,False,False
KCNN3,False,False
KCNN4,False,False
KCNQ1,True,False
KCNQ1DN,False,False
KCNQ1OT1,False,False
KCNQ2,False,False
KCNQ4,False,False
KCNQ5,False,False
KCNRG,False,False
KCNS1,False,False
KCNT1,False,False
KCNU1,False,False
KCNV1,False,False
KCNV2,False,False
KCTD1,False,False
KCTD10,False,False
KCTD12,False,False
KCTD13,False,False
KCTD15,False,False
KCTD16,False,False
KCTD17,False,False
KCTD18,False,False
KCTD19,False,False
KCTD20,False,False
KCTD4,False,False
KCTD6,False,False
KCTD7,False,False
KCTD8,False,False
KCTD9,False,False
KDELR2,False,False
KDELR3,False,False
KDF1,False,False
KDM1A,False,False
KDM1B,False,False
KDM2A,False,False
KDM2B,False,False
KDM3A,False,False
KDM4A,False,False
KDM4B,False,False
KDM4C,False,False
KDM4D,False,False
KDM4F,False,False
KDM5A,False,False
KDM5B,False,False
KDM5C,False,False
KDM5D,False,False
KDM6A,False,False
KDM6B,False,False
KDM7A,False,False
KDM8,False,False
KDR,False,True
KDSR,False,False
KEAP1,False,True
KERA,False,False
KHDRBS1,False,False
KHDRBS2,False,False
KHDRBS3,False,False
KHK,False,False
KHSRP,False,False
KIAA0040,False,False
KIAA0408,False,False
KIAA0513,False,False
KIAA0753,False,False
KIAA0825,False,False
KIAA0930,False,False
KIAA1143,False,False
KIAA1217,False,False
KIAA1328,False,False
KIAA1549,False,False
KIAA1549L,False,False
KIAA1614,False,False
KIAA1671,False,False
KIAA1755,False,False
KIAA1958,False,False
KIAA2012,False,False
KICS2,False,False
KIDINS220,False,False
KIF11,False,False
KIF12,False,False
KIF13A,False,False
KIF13B,False,False
KIF14,False,False
KIF16B,False,False
KIF17,False,False
KIF18A,False,False
KIF19,False,False
KIF1A,False,False
KIF1B,False,False
KIF1C,False,False
KIF20A,False,False
KIF20B,False,False
KIF21A,False,False
KIF21B,False,False
KIF22,False,False
KIF23,False,False
KIF24,False,False
KIF26A,False,False
KIF26B,False,False
KIF27,False,False
KIF2A,False,False
KIF3A,False,False
KIF3B,False,False
KIF3C,False,False
KIF4A,False,False
KIF4B,False,False
KIF5A,False,False
KIF5B,False,False
KIF5C,False,False
KIF6,False,False
KIF7,False,False
KIF9,False,False
KIFAP3,False,False
KIFBP,False,False
KIFC1,False,False
KIFC3,False,False
KIR2DL1,False,False
KIR2DL3,False,False
KIR2DL4,False,False
KIR2DP1,False,False
KIR2DS4,False,False
KIR3DL1,False,False
KIR3DL2,False,False
KIR3DL3,False,False
KIR3DP1,False,False
KIRREL1,False,False
KIRREL2,False,False
KIRREL3,False,False
KISS1,False,False
KISS1R,False,False
KIT,False,True
KITLG,False,False
KIZ,False,False
KL,False,False
KLB,False,True
KLC1,False,False
KLC2,False,False
KLF1,False,False
KLF10,False,False
KLF11,True,False
KLF12,False,False
KLF13,False,False
KLF14,False,False
KLF15,False,False
KLF16,False,False
KLF2,False,False
KLF3,False,False
KLF4,False,False
KLF5,False,False
KLF6,False,False
KLF7,False,False
KLF8,False,False
KLF9,False,False
KLHDC1,False,False
KLHDC10,False,False
KLHDC2,False,False
KLHDC4,False,False
KLHL1,False,False
KLHL13,False,False
KLHL18,False,False
KLHL20,False,False
KLHL21,False,False
KLHL22,False,False
KLHL24,False,False
KLHL29,False,False
KLHL3,False,False
KLHL30,False,False
KLHL31,False,False
KLHL32,False,False
KLHL34,False,False
KLHL40,False,False
KLHL41,False,False
KLHL42,False,False
KLHL6,False,False
KLHL8,False,False
KLHL9,False,False
KLK1,False,False
KLK10,False,False
KLK11,False,False
KLK15,False,False
KLK3,False,False
KLK4,False,False
KLK5,False,False
KLK6,False,False
KLK7,False,False
KLK8,False,False
KLKB1,False,False
KLLN,False,False
KLRA1P,False,False
KLRB1,False,False
KLRC1,False,False
KLRC2,False,False
KLRC3,False,False
KLRD1,False,False
KLRF1,False,False
KLRG1,False,False
KLRK1,False,False
KMO,False,False
KMT2A,False,False
KMT2B,False,False
KMT2C,False,False
KMT2D,True,False
KMT2E,False,False
KMT5A,False,False
KMT5B,False,False
KNG1,False,False
KNL1,False,False
KNOP1,False,False
KNSTRN,False,False
KNTC1,False,False
KPNA1,False,False
KPNA2,False,False
KPNA3,False,False
KPNA4,False,False
KPNA5,False,False
KPNA6,False,False
KPNB1,False,False
KPTN,False,False
KRABD1,False,False
KRABD3,False,False
KRABD5,False,False
KRAS,False,False
KREMEN1,False,False
KRIT1,False,False
KRR1,False,False
KRR1P1,False,False
KRT1,False,False
KRT10,False,False
KRT14,False,False
KRT15,False,False
KRT16,False,False
KRT17,False,False
KRT18,False,False
KRT19,False,False
KRT2,False,False
KRT20,False,False
KRT23,False,False
KRT27,False,False
KRT31,False,False
KRT33A,False,False
KRT33B,False,False
KRT34,False,False
KRT35,False,False
KRT4,False,False
KRT40,False,False
KRT5,False,False
KRT6B,False,False
KRT6C,False,False
KRT7,False,False
KRT72,False,False
KRT73,False,False
KRT75,False,False
KRT76,False,False
KRT78,False,False
KRT79,False,False
KRT8,False,False
KRT86,False,False
KRT88P,False,False
KRT9,False,False
KRTAP1-1,False,False
KRTAP1-3,False,False
KRTAP10-10,False,False
KRTAP10-11,False,False
KRTAP10-4,False,False
KRTAP10-5,False,False
KRTAP10-7,False,False
KRTAP10-8,False,False
KRTAP11-1,False,False
KRTAP12-2,False,False
KRTAP12-3,False,False
KRTAP12-4,False,False
KRTAP17-1,False,False
KRTAP21-1,False,False
KRTAP23-1,False,False
KRTAP4-12,False,False
KRTAP4-2,False,False
KRTAP4-4,False,False
KRTAP4-5,False,False
KRTAP5-1,False,False
KRTAP5-10,False,False
KRTAP5-11,False,False
KRTAP5-2,False,False
KRTAP5-3,False,False
KRTAP5-4,False,False
KRTAP5-5,False,False
KRTAP5-6,False,False
KRTAP5-7,False,False
KRTAP5-9,False,False
KRTAP5-AS1,False,False
KRTAP6-3,False,False
KRTAP9-1,False,False
KRTCAP2,False,False
KRTCAP3,False,False
KSR1,False,False
KSR2,True,False
KTI12,False,False
KTN1,False,False
KXD1,False,False
KY,False,False
KYAT3,False,False
KYNU,False,False
L1CAM,False,False
L1TD1,False,False
L2HGDH,False,False
L3MBTL1,False,False
L3MBTL2,False,False
L3MBTL3,False,False
L3MBTL4,False,False
LACC1,False,False
LACRT,False,False
LACTB,False,False
LACTB2,False,False
LAD1,False,False
LAG3,False,False
LAIR1,False,False
LAIR2,False,False
LALBA,False,False
LAMA1,False,False
LAMA2,False,False
LAMA3,False,False
LAMA4,False,False
LAMA5,False,False
LAMB1,False,False
LAMB2,False,False
LAMB3,False,False
LAMC1,False,False
LAMC2,False,False
LAMC3,False,False
LAMP1,False,False
LAMP2,False,False
LAMP3,False,False
LAMP5,False,False
LAMTOR1,False,False
LAMTOR2,False,False
LAMTOR3,False,False
LAMTOR4,False,False
LAMTOR5,False,False
LANCL1,False,False
LANCL2,False,False
LAP3,False,False
LAPTM4A,False,False
LAPTM4B,False,False
LAPTM5,False,False
LARGE1,False,False
LARP1,False,False
LARP1B,False,False
LARP4,False,False
LARP4B,False,False
LARP6,False,False
LARS1,False,False
LARS2,False,False
LAS1L,False,False
LASP1,False,False
LAT,False,False
LAT2,False,False
LATS1,False,False
LATS2,False,False
LAX1,False,False
LAYN,False,False
LBH,False,False
LBP,False,False
LBR,False,False
LBX1,False,False
LCA5,False,False
LCA5L,False,False
LCAT,False,False
LCE1B,False,False
LCE1E,False,False
LCE2A,False,False
LCE2B,False,False
LCE2D,False,False
LCE3A,False,False
LCE3B,False,False
LCE3C,False,False
LCE3D,False,False
LCE3E,False,False
LCK,False,False
LCLAT1,False,False
LCMT1,False,False
LCN1,False,False
LCN10,False,False
LCN15,False,False
LCN2,False,False
LCNL1,False,False
LCOR,False,False
LCORL,False,False
LCP1,False,False
LCP2,False,False
LCT,False,False
LCTL,False,False
LDAH,False,False
LDB1,False,False
LDB2,False,False
LDB3,False,False
LDHA,False,False
LDHAL6A,False,False
LDHAL6B,False,False
LDHB,False,False
LDHC,False,False
LDHD,False,False
LDLR,False,False
LDLRAD2,False,False
LDLRAD4,False,False
LDLRAP1,False,False
LDOC1,False,False
LEAP2,False,False
LECT2,False,False
LEF1,False,False
LEFTY1,False,False
LEFTY2,False,False
LEKR1,False,False
LELP1,False,False
LEMD2,False,False
LEMD3,False,False
LENG8,False,False
LEP,True,False
LEPR,True,True
LEPROT,False,False
LEPROTL1,False,False
LETM1,False,False
LETM2,False,False
LETMD1,False,False
LFNG,False,False
LGALS1,False,False
LGALS12,False,False
LGALS13,False,False
LGALS16,False,False
LGALS2,False,False
LGALS3,False,False
LGALS3BP,False,False
LGALS4,False,False
LGALS7,False,False
LGALS8,False,False
LGALS9,False,False
LGALSL,False,False
LGI1,False,False
LGI3,False,False
LGI4,False,False
LGMN,False,False
LGR4,False,False
LGR5,False,False
LGR6,False,False
LGSN,False,False
LHB,False,False
LHCGR,False,False
LHFPL2,False,False
LHFPL3,False,False
LHFPL4,False,False
LHFPL5,False,False
LHFPL7,False,False
LHPP,False,False
LHX1,False,False
LHX2,False,False
LHX3,False,False
LHX5,False,False
LHX6,False,False
LHX8,False,False
LHX9,False,False
LIAS,False,False
LIF,False,False
LIFR,False,False
LIG1,True,False
LIG3,False,False
LIG4,False,False
LILRA4,False,False
LILRA5,False,False
LILRB1,False,False
LILRB2,False,False
LILRB3,False,False
LILRB4,False,False
LILRB5,False,False
LIMA1,False,False
LIMCH1,False,False
LIMD1,False,False
LIMD2,False,False
LIME1,False,False
LIMK1,False,False
LIMK2,False,False
LIMS1,False,False
LIN28A,False,False
LIN28B,False,False
LIN37,False,False
LIN7A,False,False
LIN7B,False,False
LIN7C,False,False
LIN9,False,False
LINC-PINT,False,False
LINC-ROR,False,False
LINC00200,False,False
LINC00261,False,False
LINC00278,False,False
LINC00354,False,False
LINC00393,False,False
LINC00448,False,False
LINC00452,False,False
LINC00486,False,False
LINC00487,False,False
LINC00511,False,False
LINC00520,False,False
LINC00523,False,False
LINC00578,False,False
LINC00607,False,False
LINC00632,False,False
LINC00649,False,False
LINC00671,False,False
LINC00824,False,False
LINC00852,False,False
LINC00881,False,False
LINC00917,False,False
LINC00920,False,False
LINC00971,False,False
LINC00994,False,False
LINC01016,False,False
LINC01018,False,False
LINC01052,False,False
LINC01075,False,False
LINC01101,False,False
LINC01116,False,False
LINC01126,False,False
LINC01128,False,False
LINC01139,False,False
LINC01193,False,False
LINC01258,False,False
LINC01343,False,False
LINC01370,False,False
LINC01460,False,False
LINC01522,False,False
LINC01546,False,False
LINC01550,False,False
LINC01556,False,False
LINC01572,False,False
LINC01582,False,False
LINC01705,False,False
LINC01871,False,False
LINC01882,False,False
LINC01940,False,False
LINC01951,False,False
LINC01963,False,False
LINC02009,False,False
LINC02015,False,False
LINC02080,False,False
LINC02249,False,False
LINC02351,False,False
LINC02356,False,False
LINC02357,False,False
LINC02538,False,False
LINC02604,False,False
LINC02802,False,False
LINC02832,False,False
LINC03042,False,False
LINC03051,False,False
LINGO1,False,False
LINGO2,False,False
LIPA,False,False
LIPC,True,False
LIPE,False,False
LIPF,False,True
LIPG,False,False
LIPH,False,False
LIPI,False,False
LIPJ,False,False
LIPK,False,False
LIPN,False,False
LITAF,False,False
LIX1,False,False
LKAAEAR1,False,False
LLGL1,False,False
LLGL2,False,False
LLPH,False,False
LMAN1,False,False
LMAN2,False,False
LMAN2L,False,False
LMBR1,False,False
LMBR1L,False,False
LMBRD1,False,False
LMBRD2,False,False
LMCD1,False,False
LMF1,False,False
LMF2,False,False
LMNA,True,False
LMNB1,False,False
LMNB2,False,False
LMO1,False,False
LMO3,False,False
LMO4,False,False
LMO7,False,False
LMO7DN,False,False
LMOD1,False,False
LMOD2,False,False
LMOD3,False,False
LMTK1,False,False
LMTK2,False,False
LMX1A,False,False
LMX1B,False,False
LNCARGI,False,False
LNCAROD,False,False
LNPEP,False,False
LNPK,False,False
LNX1,False,False
LNX2,False,False
LONP1,False,False
LONP2,False,False
LONRF1,False,False
LONRF2,False,False
LORICRIN,False,False
LOX,False,False
LOXHD1,False,False
LOXL1,False,False
LOXL2,False,False
LOXL3,False,False
LOXL4,False,False
LPA,False,False
LPAL2,False,False
LPAR1,False,False
LPAR2,False,False
LPAR3,False,False
LPAR5,False,False
LPCAT1,False,False
LPCAT2,False,False
LPCAT3,False,False
LPCAT4,False,False
LPGAT1,False,False
LPIN1,False,False
LPIN2,False,False
LPIN3,False,False
LPL,False,False
LPO,False,False
LPP,False,False
LPXN,False,False
LRAT,False,False
LRATD2,False,False
LRBA,False,False
LRCH1,False,False
LRCH3,False,False
LRCOL1,False,False
LRFN2,False,False
LRFN3,False,False
LRFN4,False,False
LRG1,False,False
LRGUK,False,False
LRIF1,False,False
LRIG1,False,False
LRIG2,False,False
LRIG3,False,False
LRIT3,False,False
LRMDA,False,False
LRP1,False,False
LRP12,False,False
LRP1B,False,False
LRP2,False,False
LRP4,False,False
LRP5,False,False
LRP6,False,False
LRP8,False,False
LRPAP1,False,False
LRPPRC,False,False
LRR1,False,False
LRRC1,False,False
LRRC10,False,False
LRRC10B,False,False
LRRC15,False,False
LRRC17,False,False
LRRC19,False,False
LRRC2,False,False
LRRC20,False,False
LRRC25,False,False
LRRC26,False,False
LRRC27,False,False
LRRC28,False,False
LRRC31,False,False
LRRC32,False,False
LRRC37A,False,False
LRRC37A2,False,False
LRRC37B,False,False
LRRC3B,False,False
LRRC4,False,False
LRRC40,False,False
LRRC41,False,False
LRRC51,False,False
LRRC55,True,False
LRRC59,False,False
LRRC66,False,False
LRRC69,False,False
LRRC7,False,False
LRRC74A,False,False
LRRC8A,False,False
LRRC8B,False,False
LRRC8E,False,False
LRRCC1,False,False
LRRFIP1,False,False
LRRFIP2,False,False
LRRIQ1,False,False
LRRIQ3,False,False
LRRK1,False,False
LRRK2,False,False
LRRN1,False,False
LRRN2,False,False
LRRTM1,False,False
LRRTM2,False,False
LRRTM3,False,False
LRRTM4,False,False
LRSAM1,False,False
LRTM1,False,False
LRTOMT,False,False
LRWD1,False,False
LSAMP,False,False
LSM11,False,False
LSM2,False,False
LSM3,False,False
LSM5,False,False
LSM7,False,False
LSM8,False,False
LSP1,False,False
LSR,False,False
LSS,False,False
LST1,False,False
LTA,False,False
LTA4H,False,False
LTB,False,False
LTB4R,False,True
LTB4R2,False,True
LTBP1,False,False
LTBP2,False,False
LTBP3,False,False
LTBP4,False,False
LTBR,False,False
LTF,False,False
LTK,False,False
LTN1,False,False
LTO1,False,False
LUC7L2,False,False
LUC7L3,False,False
LUCAT1,False,False
LUM,False,False
LUNAR1,False,False
LURAP1L,False,False
LUZP1,False,False
LUZP2,False,False
LXN,False,False
LY6D,False,False
LY6E,False,False
LY6G5B,False,False
LY6G6C,False,False
LY6G6D,False,False
LY6G6E,False,False
LY6H,False,False
LY6S,False,False
LY75,False,False
LY86,False,False
LY86-AS1,False,False
LY9,False,False
LY96,False,True
LYAR,False,False
LYN,False,True
LYPD1,False,False
LYPD3,False,False
LYPD5,False,False
LYPD6B,False,False
LYPLA1,False,False
LYPLA2,False,False
LYPLA2P1,False,False
LYPLAL1,False,False
LYRM1,False,False
LYRM7,False,False
LYSMD2,False,False
LYSMD4,False,False
LYST,False,False
LYVE1,False,False
LYZ,False,False
LYZL1,False,False
LYZL2,False,False
LZIC,False,False
LZTFL1,False,False
LZTR1,False,False
LZTS1,False,False
LZTS2,False,False
M6PR,False,False
MAB21L1,False,False
MAB21L3,False,False
MACC1,False,False
MACF1,False,False
MACIR,False,False
MACO1,False,False
MACROD1,False,False
MACROD2,False,False
MACROH2A1,False,False
MACROH2A2,False,False
MAD1L1,False,False
MAD2L1,False,False
MAD2L2,False,False
MADCAM1,False,False
MADD,False,False
MAEA,False,False
MAF,False,False
MAF1,False,False
MAFA,False,False
MAFB,False,False
MAFF,False,False
MAFG,False,False
MAFK,False,False
MAG,False,False
MAGEA8,False,False
MAGEB6,False,False
MAGEC2,False,False
MAGED1,False,False
MAGED2,False,False
MAGEL2,False,False
MAGI1,False,False
MAGI2,False,False
MAGI3,False,False
MAGOH,False,False
MAGT1,False,False
MAIP1,False,False
MAK,False,False
MAL,False,False
MAL2,False,False
MALAT1,False,False
MALRD1,False,False
MALSU1,False,False
MALT1,False,False
MAMDC4,False,False
MAML1,False,False
MAML2,False,False
MAML3,False,False
MAMLD1,False,False
MAMSTR,False,False
MAN1A1,False,False
MAN1A2,False,False
MAN1B1,False,False
MAN1C1,False,False
MAN2A1,False,False
MAN2A2,False,False
MAN2B1,False,False
MAN2B2,False,False
MAN2C1,False,False
MANBA,False,False
MANEA,False,False
MANF,False,False
MANSC1,False,False
MANSC4,False,False
MAOA,False,False
MAOB,False,False
MAP10,False,False
MAP1A,False,False
MAP1B,False,False
MAP1LC3A,False,False
MAP1LC3B,False,False
MAP1LC3C,False,False
MAP1S,False,False
MAP2,False,False
MAP2K1,False,False
MAP2K2,False,False
MAP2K3,False,False
MAP2K4,False,False
MAP2K5,False,False
MAP2K6,False,False
MAP2K7,False,False
MAP3K1,False,False
MAP3K10,False,False
MAP3K11,False,False
MAP3K12,False,False
MAP3K13,False,False
MAP3K14,False,False
MAP3K15,True,False
MAP3K19,False,False
MAP3K2,False,False
MAP3K20,False,False
MAP3K21,False,False
MAP3K3,False,False
MAP3K4,False,False
MAP3K5,False,True
MAP3K6,False,False
MAP3K7,False,False
MAP3K8,False,False
MAP3K9,False,False
MAP4,False,False
MAP4K1,False,False
MAP4K2,False,False
MAP4K3,False,False
MAP4K4,False,False
MAP4K5,False,False
MAP6D1,False,False
MAP7,False,False
MAP7D3,False,False
MAPK1,False,False
MAPK10,False,False
MAPK11,False,False
MAPK12,False,False
MAPK13,False,False
MAPK14,False,True
MAPK3,False,False
MAPK4,False,False
MAPK6,False,False
MAPK7,False,False
MAPK8,False,False
MAPK8IP1,True,False
MAPK8IP2,False,False
MAPK8IP3,False,False
MAPK9,False,False
MAPKAPK2,False,False
MAPKAPK3,False,False
MAPKAPK5,False,False
MAPKBP1,False,False
MAPRE2,False,False
MAPT,False,False
MARCHF1,False,False
MARCHF2,False,False
MARCHF3,False,False
MARCHF5,False,False
MARCHF7,False,False
MARCHF8,False,False
MARCKS,False,False
MARCKSL1,False,False
MARCO,False,False
MARK1,False,False
MARK2,False,False
MARK3,False,False
MARK4,False,False
MARS2,False,False
MARVELD2,False,False
MARVELD3,False,False
MAS1,False,False
MAS1L,False,False
MASP1,False,False
MASP2,False,False
MAST1,False,False
MAST2,False,False
MAST4,False,False
MASTL,False,False
MAT1A,False,False
MAT2A,False,False
MATCAP1,False,False
MATK,False,False
MATN1,False,False
MATN2,False,False
MATN3,False,False
MATN4,False,False
MATR3,False,False
MAU2,False,False
MAVS,False,False
MAX,False,False
MAZ,False,False
MB,False,False
MBD2,False,False
MBD3,False,False
MBD3L2B,False,False
MBD3L3,False,False
MBD4,False,False
MBD5,False,False
MBD6,False,False
MBL2,False,False
MBNL1,False,False
MBNL2,False,False
MBNL3,False,False
MBOAT1,False,False
MBOAT2,False,False
MBOAT4,False,False
MBOAT7,False,False
MBP,False,False
MBTD1,False,False
MBTPS1,False,False
MC1R,False,False
MC2R,False,False
MC3R,False,False
MC4R,True,False
MC5R,False,False
MCAM,False,False
MCAT,False,False
MCC,False,False
MCCC1,False,False
MCCC2,False,False
MCEE,False,False
MCEMP1,False,False
MCF2,False,False
MCF2L,False,False
MCF2L2,True,False
MCFD2,False,False
MCHR1,False,False
MCHR2,False,False
MCIDAS,False,False
MCL1,False,False
MCM10,False,False
MCM2,False,False
MCM3,False,False
MCM3AP,False,False
MCM4,False,False
MCM5,False,False
MCM6,False,False
MCM9,False,False
MCMBP,False,False
MCOLN1,False,False
MCPH1,False,False
MCRIP2,False,False
MCTP1,False,False
MCTP2,False,False
MCU,False,False
MCUB,False,False
MCUR1,False,False
MDC1,False,False
MDFI,False,False
MDFIC,False,False
MDFIC2,False,False
MDGA1,False,False
MDGA2,False,False
MDH1,False,False
MDH2,False,False
MDK,False,False
MDM2,False,False
MDM4,False,False
MDN1,False,False
ME1,False,False
ME2,False,False
ME3,False,False
MECOM,False,False
MECP2,False,False
MECR,False,False
MED1,False,False
MED11,False,False
MED12,False,False
MED12L,False,False
MED13,False,False
MED13L,False,False
MED14,False,False
MED15,False,False
MED16,False,False
MED17,False,False
MED20,False,False
MED21,False,False
MED23,False,False
MED24,False,False
MED25,False,False
MED27,False,False
MED28,False,False
MED30,False,False
MED31,False,False
MEDAG,False,False
MEF2A,False,False
MEF2C,False,False
MEF2D,False,False
MEFV,False,False
MEG3,False,False
MEG8,False,False
MEGF10,False,False
MEGF11,False,False
MEGF8,False,False
MEI4,False,False
MEIG1,False,False
MEIOSIN,False,False
MEIS1,False,False
MEIS2,False,False
MEIS3,False,False
MELK,False,False
MELTF,False,False
MEMO1,False,False
MEN1,True,False
MEOX2,False,False
MEP1B,False,False
MEPCE,False,False
MEPE,False,False
MERTK,False,False
MESP1,False,False
MEST,False,False
MET,False,False
METAP2,False,True
METRN,False,False
METRNL,False,False
METTL14,False,False
METTL15,False,False
METTL16,False,False
METTL18,False,False
METTL21C,False,False
METTL23,False,False
METTL24,False,False
METTL25,False,False
METTL26,False,False
METTL2B,False,False
METTL3,False,False
METTL4,False,False
METTL5,False,False
METTL6,False,False
MEX3A,False,False
MEX3D,False,False
MFAP2,False,False
MFAP3,False,False
MFAP3L,False,False
MFAP4,False,False
MFAP5,False,False
MFF,False,False
MFGE8,False,False
MFHAS1,False,False
MFN1,False,False
MFN2,False,False
MFNG,False,False
MFRP,False,False
MFSD1,False,False
MFSD11,False,False
MFSD2A,False,False
MFSD2B,False,False
MGA,False,False
MGAM,False,True
MGAM2,False,True
MGAT1,False,False
MGAT2,False,False
MGAT3,False,False
MGAT4A,False,False
MGAT4B,False,False
MGAT4C,False,False
MGAT4D,False,False
MGAT5,False,False
MGAT5B,False,False
MGLL,False,False
MGME1,False,False
MGMT,False,False
MGP,False,False
MGRN1,False,False
MGST1,False,False
MGST2,False,False
MGST3,False,False
MIA2,False,False
MIA3,False,False
MIAT,False,False
MIB1,True,False
MIB2,False,False
MICA,False,False
MICAL1,False,False
MICAL2,False,False
MICAL3,False,False
MICB,False,False
MICOS10,False,False
MICOS10P3,False,False
MICU1,False,False
MICU2,False,False
MICU3,False,False
MID1,False,False
MID1IP1,False,False
MIDN,False,False
MIEF1,False,False
MIEF2,False,False
MIER1,False,False
MIER3,False,False
MIF,False,False
MIMS2,False,False
MINAR2,False,False
MINDY1,False,False
MINDY2,False,False
MINDY3,False,False
MINDY4B,False,False
MINK1,False,False
MINPP1,False,False
MIOS,False,False
MIOX,False,False
MIP,False,False
MIPEP,False,False
MIPOL1,False,False
MIR1-1,False,False
MIR100HG,False,False
MIR107,False,False
MIR10B,False,False
MIR1208,False,False
MIR122,False,False
MIR124-1HG,False,False
MIR124-3,False,False
MIR1243,False,False
MIR1247,False,False
MIR126,False,False
MIR1324,False,False
MIR133A1,False,False
MIR138-1,False,False
MIR138-2,False,False
MIR139,False,False
MIR140,False,False
MIR143,False,False
MIR146A,False,False
MIR147A,False,False
MIR154,False,False
MIR17HG,False,False
MIR184,False,False
MIR192,False,False
MIR195,False,False
MIR199B,False,False
MIR200B,False,False
MIR200C,False,False
MIR203A,False,False
MIR203B,False,False
MIR20B,False,False
MIR21,False,False
MIR211,False,False
MIR222,False,False
MIR23A,False,False
MIR23AHG,False,False
MIR27B,False,False
MIR29A,False,False
MIR30C1,False,False
MIR320A,False,False
MIR326,False,False
MIR342,False,False
MIR34A,False,False
MIR3605,False,False
MIR365A,False,False
MIR375,False,False
MIR378A,False,False
MIR382,False,False
MIR423,False,False
MIR4453HG,False,False
MIR4521,False,False
MIR4675,False,False
MIR4769,False,False
MIR503HG,False,False
MIR505,False,False
MIR572,False,False
MIR874,False,False
MIR9-2HG,False,False
MIR92A1,False,False
MIR96,False,False
MIRLET7I,False,False
MIS12,False,False
MIS18A,False,False
MIS18BP1,False,False
MISP,False,False
MITF,False,False
MIX23,False,False
MIXL1,False,False
MKI67,False,False
MKKS,False,False
MKLN1,False,False
MKNK1,False,False
MKNK2,False,False
MKRN1,False,False
MKRN2OS,False,False
MKS1,False,False
MKX,False,False
MLANA,False,False
MLC1,False,False
MLDHR,False,False
MLEC,False,False
MLF1,False,False
MLF2,False,False
MLH1,False,False
MLH3,False,False
MLIP,False,False
MLKL,False,False
MLLT10,False,False
MLLT11,False,False
MLLT3,False,False
MLN,False,False
MLNR,False,True
MLPH,False,False
MLST8,False,False
MLX,False,False
MLXIP,False,False
MLXIPL,False,False
MLYCD,False,False
MMAB,False,False
MMACHC,False,False
MMADHC,False,False
MMD,False,False
MMD2,False,False
MME,False,True
MMEL1,False,False
MMP1,False,True
MMP10,False,False
MMP11,False,False
MMP12,False,False
MMP13,False,True
MMP14,False,False
MMP15,False,False
MMP16,False,False
MMP17,False,False
MMP19,False,False
MMP2,False,False
MMP20,False,False
MMP21,False,False
MMP23B,False,False
MMP24,False,False
MMP26,False,False
MMP27,False,False
MMP28,False,False
MMP3,False,False
MMP7,False,True
MMP8,False,True
MMP9,False,False
MMRN1,False,False
MMS22L,False,False
MMUT,False,False
MNAT1,False,False
MND1,False,False
MNDA,False,False
MNMIP1,False,False
MNS1,False,False
MNT,False,False
MNX1,True,False
MOAP1,False,False
MOB1A,False,False
MOB1B,False,False
MOB2,False,False
MOB3B,False,False
MOCOS,False,False
MOCS1,False,False
MOCS2,False,False
MOCS3,False,False
MOG,True,False
MOGAT1,False,False
MOGAT2,False,False
MOGS,False,False
MOK,False,False
MON1A,False,False
MON1B,False,False
MON2,False,False
MORC2,False,False
MORC3,False,False
MORC4,False,False
MORF4L1,False,False
MOS,False,False
MOSMO,False,False
MOSPD3,False,False
MOV10,False,False
MOXD1,False,False
MPC1,False,False
MPC2,False,False
MPDU1,False,False
MPDZ,False,False
MPEG1,False,False
MPG,False,False
MPHOSPH6,False,False
MPHOSPH9,False,False
MPI,False,False
MPIG6B,False,False
MPL,False,False
MPND,False,False
MPO,False,False
MPP1,False,False
MPP2,False,False
MPP7,False,False
MPPE1,False,False
MPPED1,False,False
MPPED2,False,False
MPRIP,False,False
MPST,False,False
MPV17,False,False
MPV17L,False,False
MPZ,False,False
MPZL2,False,False
MPZL3,False,False
MR1,False,False
MRAP,False,False
MRAP2,False,False
MRAS,False,False
MRC1,False,False
MRC2,False,False
MRE11,False,False
MREG,False,False
MRFAP1,False,False
MRFAP1L1,False,False
MRFAP1L2,False,False
MRGBP,False,False
MRGPRD,False,False
MRGPRF,False,False
MRGPRX1,False,False
MRGPRX2,False,False
MRGPRX3,False,False
MRGPRX4,False,False
MRI1,False,False
MRM1,False,False
MRM2,False,False
MRM3,False,False
MROCKI,False,False
MROH1,False,False
MROH2B,False,False
MROH6,False,False
MRPL10,False,False
MRPL11,False,False
MRPL12,False,False
MRPL13,False,False
MRPL15,False,False
MRPL19,False,False
MRPL21,False,False
MRPL22,False,False
MRPL28,False,False
MRPL3,False,False
MRPL30,False,False
MRPL32,False,False
MRPL33,False,False
MRPL34,False,False
MRPL36,False,False
MRPL38,False,False
MRPL39,False,False
MRPL42,False,False
MRPL43,False,False
MRPL47,False,False
MRPL48,False,False
MRPL51,False,False
MRPL52,False,False
MRPL58,False,False
MRPL9,False,False
MRPS10,False,False
MRPS11P1,False,False
MRPS12,False,False
MRPS21,False,False
MRPS23,False,False
MRPS24,False,False
MRPS25,False,False
MRPS26,False,False
MRPS28,False,False
MRPS30,False,False
MRPS31,False,False
MRPS33,False,False
MRPS34,False,False
MRPS35,False,False
MRPS5,False,False
MRPS6,False,False
MRPS7,False,False
MRPS9,False,False
MRS2,False,False
MRTFA,False,False
MRTFB,False,False
MRTO4,False,False
MS4A1,False,True
MS4A2,False,False
MS4A3,False,False
MS4A4A,False,False
MS4A6A,False,False
MSANTD1,False,False
MSANTD3,False,False
MSC,False,False
MSH2,False,False
MSH3,False,False
MSH5,False,False
MSH6,False,False
MSI1,False,False
MSI2,False,False
MSL1,False,False
MSL2,False,False
MSL3B,False,False
MSLN,False,False
MSMB,False,False
MSMO1,False,False
MSMP,False,False
MSN,False,False
MSR1,False,False
MSRA,False,False
MSRB1,False,False
MSRB2,False,False
MSRB3,False,False
MSS51,False,False
MST1,False,False
MST1L,False,False
MST1R,False,False
MSTN,False,False
MSTO1,False,False
MSX1,False,False
MSX2,False,False
MT-ATP6,True,False
MT-ATP8,True,False
MT-CO1,True,False
MT-CO2,True,False
MT-CO3,True,False
MT-CYB,True,False
MT-ND1,True,True
MT-ND2,True,True
MT-ND3,True,True
MT-ND4,True,True
MT-ND4L,True,True
MT-ND5,True,True
MT-ND6,True,True
MT-RNR1,False,False
MT-RNR2,False,False
MT-TE,False,False
MT-TG,False,False
MT-TK,False,False
MT-TL1,True,False
MT-TP,False,False
MT-TQ,False,False
MT-TS1,False,False
MT-TS2,False,False
MT1A,False,False
MT1B,False,False
MT1E,False,False
MT1F,False,False
MT1G,False,False
MT1H,False,False
MT1HL1,False,False
MT1M,False,False
MT1P3,False,False
MT1X,False,False
MT2A,False,False
MT3,False,False
MT4,False,False
MTA1,False,False
MTA2,False,False
MTA3,False,False
MTAP,False,False
MTARC1,False,False
MTATP8P1,False,False
MTBP,False,False
MTCH1,False,False
MTCH2,False,False
MTCL1,False,False
MTCL2,False,False
MTCL3,False,False
MTCO2P12,False,False
MTCO3P1,False,False
MTDH,False,False
MTERF1,False,False
MTERF4,False,False
MTF1,False,False
MTF2,False,False
MTFMT,False,False
MTFP1,False,False
MTFR1,False,False
MTFR1L,False,False
MTG1,False,False
MTHFD1,False,False
MTHFD1L,False,False
MTHFD2,False,False
MTHFR,False,False
MTHFS,False,False
MTHFSD,False,False
MTIF3,False,False
MTLN,False,False
MTM1,False,False
MTMR10,False,False
MTMR11,False,False
MTMR14,False,False
MTMR2,False,False
MTMR3,False,False
MTMR4,False,False
MTMR7,False,False
MTMR9,False,False
MTND2P28,False,False
MTND4P24,False,False
MTNR1A,False,True
MTNR1B,False,True
MTO1,False,False
MTOR,False,True
MTPAP,False,False
MTPN,False,False
MTR,False,False
MTRF1,False,False
MTRF1L,False,False
MTRFR,False,False
MTRR,False,False
MTSS1,False,False
MTSS2,False,False
MTTP,False,True
MTUS1,False,False
MTX2,False,False
MUC1,False,False
MUC12,False,False
MUC13,False,False
MUC15,False,False
MUC16,False,False
MUC19,False,False
MUC2,False,False
MUC20,False,False
MUC21,False,False
MUC3A,False,False
MUC4,False,False
MUC5AC,False,False
MUC5B,False,False
MUC6,False,False
MUC7,False,False
MUCL3,False,False
MUL1,False,False
MUPP,False,False
MUS81,False,False
MUSK,False,False
MUSTN1,False,False
MUTYH,False,False
MVB12B,False,False
MVD,False,False
MVK,False,False
MVP,False,False
MX1,False,False
MX2,False,False
MXD1,False,False
MXD3,False,False
MXD4,False,False
MXI1,False,False
MXRA5,False,False
MXRA8,False,False
MYADM,False,False
MYADM-AS2,False,False
MYB,False,False
MYBL1,False,False
MYBL2,False,False
MYBPC1,False,False
MYBPC2,False,False
MYBPC3,False,False
MYBPH,False,False
MYBPHL,False,False
MYC,False,False
MYCBP,False,False
MYCBP2,False,False
MYCL,False,False
MYCN,False,False
MYCNUT,False,False
MYCT1,False,False
MYD88,False,False
MYDGF,False,False
MYEF2,False,False
MYEOV,False,False
MYF5,False,False
MYF6,False,False
MYH1,False,False
MYH10,False,False
MYH11,False,False
MYH14,False,False
MYH15,False,False
MYH2,False,False
MYH3,False,False
MYH4,False,False
MYH6,False,False
MYH7,False,False
MYH7B,False,False
MYH8,False,False
MYH9,False,False
MYL1,False,False
MYL11,False,False
MYL12B,False,False
MYL2,False,False
MYL3,False,False
MYL4,False,False
MYL5,False,False
MYL6,False,False
MYL6B,False,False
MYL7,False,False
MYL9,False,False
MYLIP,False,False
MYLK,False,False
MYLK2,False,False
MYLK3,False,False
MYMK,False,False
MYMX,False,False
MYNN,False,False
MYO10,False,False
MYO15A,False,False
MYO16,False,False
MYO18A,False,False
MYO18B,False,False
MYO19,False,False
MYO1A,False,False
MYO1B,False,False
MYO1C,False,False
MYO1E,False,False
MYO1F,False,False
MYO1G,False,False
MYO1H,False,False
MYO3A,False,False
MYO3B,False,False
MYO5A,False,False
MYO5C,False,False
MYO6,False,False
MYO7A,False,False
MYO7B,False,False
MYO9A,False,False
MYO9B,False,False
MYOC,False,False
MYOCD,False,False
MYOD1,False,False
MYOF,False,False
MYOG,False,False
MYOM2,False,False
MYORG,False,False
MYOZ1,False,False
MYOZ2,False,False
MYRF,False,False
MYRIP,False,False
MYSM1,False,False
MYT1,False,False
MYT1L,False,False
MYZAP,False,False
MZB1,False,False
MZF1,False,False
MZF1-AS1,False,False
MZT1,False,False
Metazoa_SRP,False,False
N4BP1,False,False
N4BP2L1,False,False
N4BP2L2,False,False
NAA10,False,False
NAA15,True,False
NAA20,False,False
NAA25,False,False
NAA38,False,False
NAA40,False,False
NAA50,False,False
NAA60,False,False
NAAA,False,False
NAALAD2,False,False
NAALADL1,False,False
NAALADL2,False,False
NAB2,False,False
NABP2,False,False
NACA,False,False
NACAD,False,False
NACC1,False,False
NACC2,False,False
NADK,False,False
NADK2,False,False
NADSYN1,False,False
NAE1,False,False
NAF1,False,False
NAGA,False,False
NAGK,False,False
NAGLU,False,False
NAIP,False,False
NALCN,False,False
NALF1,False,False
NAMPT,False,False
NANOG,False,False
NANOGP8,False,False
NANOS2,False,False
NANP,False,False
NANS,False,False
NAP1L1,False,False
NAP1L2,False,False
NAP1L5,False,False
NAPA,False,False
NAPEPLD,False,False
NAPG,False,False
NAPRT,False,False
NARS2,True,False
NASP,False,False
NAT1,False,False
NAT10,False,False
NAT16,False,False
NAT2,False,False
NAT8,False,False
NAT8B,False,False
NAV1,False,False
NAV2,False,False
NAXE,False,False
NBAS,False,False
NBAT1,False,False
NBDY,False,False
NBEA,False,False
NBEAL1,False,False
NBEAL2,False,False
NBEAP1,False,False
NBL1,False,False
NBN,False,False
NBPF1,False,False
NBPF12,False,False
NBPF20,False,False
NBPF26,False,False
NBPF3,False,False
NBPF8,False,False
NBR1,False,False
NBR2,False,False
NCALD,False,False
NCAM1,False,False
NCAM2,False,False
NCAN,False,False
NCAPD2,False,False
NCAPG,False,False
NCBP1,False,False
NCBP2,False,False
NCBP2AS2,False,False
NCDN,False,False
NCEH1,False,False
NCF1,False,False
NCF1B,False,False
NCF1C,False,False
NCF2,False,False
NCF4,False,False
NCK1,False,False
NCK2,False,False
NCKAP5L,False,False
NCKIPSD,False,False
NCLN,False,False
NCMAP,False,False
NCOA1,False,False
NCOA2,False,False
NCOA3,False,False
NCOA4,False,False
NCOA5,False,False
NCOA6,False,False
NCOA7,False,False
NCOR1,False,False
NCOR2,False,False
NCR1,False,False
NCR2,False,False
NCR3,False,False
NCR3LG1,False,False
NCS1,False,False
NCSTN,False,False
NDC1,False,False
NDC80,False,False
NDFIP1,False,False
NDFIP2,False,False
NDN,False,False
NDNF,False,False
NDOR1,False,False
NDP,False,False
NDRG1,False,False
NDRG2,False,False
NDRG3,False,False
NDST1,False,False
NDST2,False,False
NDST3,False,False
NDST4,False,False
NDUFA1,False,True
NDUFA10,False,True
NDUFA11,False,True
NDUFA12,False,True
NDUFA13,False,True
NDUFA2,False,True
NDUFA3,False,True
NDUFA5,False,True
NDUFA6,False,True
NDUFA7,False,True
NDUFA8,False,True
NDUFA9,False,True
NDUFAB1,False,True
NDUFAF1,False,True
NDUFAF2,False,True
NDUFAF3,False,True
NDUFAF4,False,True
NDUFAF6,False,False
NDUFAF8,False,False
NDUFB1,False,True
NDUFB10,False,True
NDUFB11,False,True
NDUFB2,False,True
NDUFB3,False,True
NDUFB4,False,True
NDUFB5,False,True
NDUFB6,False,True
NDUFB7,False,True
NDUFB8,False,True
NDUFB9,False,True
NDUFC1,False,True
NDUFC2,False,True
NDUFS1,False,True
NDUFS2,False,True
NDUFS3,False,True
NDUFS4,False,True
NDUFS5,False,True
NDUFS6,False,True
NDUFS7,False,True
NDUFS8,False,True
NDUFV1,False,True
NDUFV1-DT,False,False
NDUFV2,False,True
NDUFV3,False,True
NEAT1,False,False
NEB,False,False
NEBL,False,False
NECAB1,False,False
NECAB2,False,False
NECAB3,False,False
NECTIN1,False,False
NECTIN2,False,False
NECTIN3,False,False
NECTIN4,False,False
NEDD1,False,False
NEDD4,False,False
NEDD4L,False,False
NEDD8,False,False
NEDD9,False,False
NEFH,False,False
NEFL,False,False
NEFM,False,False
NEGR1,False,False
NEIL1,False,False
NEIL2,False,False
NEIL3,False,False
NEK1,False,False
NEK10,False,False
NEK11,False,False
NEK2,False,False
NEK4,False,False
NEK6,False,False
NEK7,False,False
NEK8,False,False
NEK9,False,False
NELFA,False,False
NELFCD,False,False
NELFE,False,False
NELL1,False,False
NELL2,False,False
NEMF,False,False
NEMP2,False,False
NENF,False,False
NEO1,False,False
NES,False,False
NET1,False,False
NETO1,False,False
NEU1,False,False
NEU2,False,False
NEU3,False,False
NEU4,False,False
NEURL1,False,False
NEURL4,False,False
NEUROD1,True,False
NEUROD2,False,False
NEUROD4,False,False
NEUROD6,False,False
NEUROG1,False,False
NEUROG2,False,False
NEUROG3,True,False
NEXMIF,False,False
NEXN,False,False
NF1,False,False
NF2,False,False
NFASC,False,False
NFAT5,False,False
NFATC1,True,False
NFATC2,False,False
NFATC2IP,False,False
NFATC3,False,False
NFATC4,False,False
NFE2,False,False
NFE2L1,False,False
NFE2L2,False,True
NFE2L3,False,False
NFIA,False,False
NFIB,False,False
NFIC,False,False
NFIL3,False,False
NFIX,False,False
NFKB1,False,True
NFKB2,False,True
NFKBIA,False,False
NFKBIB,False,False
NFKBID,False,False
NFKBIL1,False,False
NFKBIZ,False,False
NFRKB,False,False
NFS1,False,False
NFXL1,False,False
NFYA,False,False
NFYB,False,False
NFYC,False,False
NGB,False,False
NGDN,False,False
NGF,False,False
NGFR,False,False
NGLY1,False,False
NHEJ1,False,False
NHERF1,False,False
NHERF2,False,False
NHLH2,False,False
NHLRC1,False,False
NHP2,False,False
NHSL1,False,False
NHSL3,False,False
NIBAN1,False,False
NIBAN3,False,False
NICN1,False,False
NICOL1,False,False
NID1,False,False
NID2,False,False
NIFK,False,False
NINJ1,False,False
NINJ2,False,False
NIPA1,False,False
NIPA2,False,False
NIPAL1,False,False
NIPBL,False,False
NIPSNAP1,False,False
NIPSNAP3A,False,False
NISCH,False,False
NIT1,False,False
NKAIN1,False,False
NKAIN2,False,False
NKAIN3,False,False
NKAP,False,False
NKD1,False,False
NKG7,False,False
NKILA,False,False
NKIRAS1,False,False
NKRF,False,False
NKX1-1,False,False
NKX1-2,False,False
NKX2-1,False,False
NKX2-2,True,False
NKX2-3,False,False
NKX2-4,False,False
NKX2-5,False,False
NKX2-6,False,False
NKX2-8,False,False
NKX3-1,False,False
NKX3-2,False,False
NKX6-1,False,False
NKX6-2,False,False
NKX6-3,False,False
NLGN1,False,False
NLGN2,False,False
NLGN3,False,False
NLGN4X,False,False
NLK,False,False
NLRC3,False,False
NLRC4,False,False
NLRC5,False,False
NLRP1,False,False
NLRP10,False,False
NLRP12,False,False
NLRP13,False,False
NLRP2,False,False
NLRP2B,False,False
NLRP3,False,False
NLRP4,False,False
NLRP6,False,False
NLRP7,False,False
NLRP9P1,False,False
NLRX1,False,False
NMB,False,False
NMBR,False,False
NMD3,False,False
NME1,False,False
NME2,False,False
NME6,False,False
NME7,False,False
NME9,False,False
NMI,False,False
NMNAT1,False,False
NMNAT3,False,False
NMRAL1,False,False
NMRK1,False,False
NMRK2,False,False
NMS,False,False
NMT1,False,False
NMT2,False,False
NMU,False,False
NMUR1,False,False
NMUR2,False,False
NNAT,False,False
NNMT,False,False
NNT,False,False
NOA1,False,False
NOAZFP,False,False
NOB1,False,False
NOBOX,False,False
NOC2L,False,False
NOC3L,False,False
NOC4L,False,False
NOCT,False,False
NOD1,False,False
NOD2,False,False
NODAL,False,False
NOG,False,False
NOL11,False,False
NOL12,False,False
NOL3,False,False
NOL4,False,False
NOL4L,False,False
NOL8,False,False
NOM1,False,False
NOMO1,False,False
NOP2,False,False
NOP53,False,False
NOP58,False,False
NORAD,False,False
NOS1,False,False
NOS1AP,False,False
NOS2,False,False
NOS3,False,False
NOSIP,False,False
NOSTRIN,False,False
NOTCH1,False,False
NOTCH2,False,False
NOTCH2NLR,False,False
NOTCH3,False,False
NOTCH4,False,False
NOTUM,False,False
NOVA1,False,False
NOX1,False,False
NOX3,False,False
NOX4,False,False
NOX5,False,False
NOXA1,False,False
NOXO1,False,False
NOXRED1,False,False
NPAP1,False,False
NPAS1,False,False
NPAS2,False,False
NPAS3,False,False
NPAS4,False,False
NPAT,False,False
NPB,False,False
NPBWR1,False,False
NPBWR2,False,False
NPC1,False,False
NPC1L1,False,True
NPC2,False,False
NPEPL1,False,False
NPEPPS,False,False
NPFF,False,False
NPFFR1,False,False
NPFFR2,False,False
NPHP1,False,False
NPHP3,False,False
NPHP3-ACAD11,False,False
NPHP4,False,False
NPHS1,False,False
NPHS2,False,False
NPIPA1,False,False
NPIPA2,False,False
NPIPA3,False,False
NPIPA5,False,False
NPIPB15,False,False
NPIPB2,False,False
NPIPB3,False,False
NPIPB6,False,False
NPIPB7,False,False
NPIPB8,False,False
NPIPB9,False,False
NPL,False,False
NPLOC4,False,False
NPM1,False,False
NPM3,False,False
NPNT,False,False
NPPA,False,False
NPPB,False,False
NPPC,False,False
NPR1,False,False
NPR2,False,False
NPR3,False,False
NPRL3,False,False
NPS,False,False
NPSR1,False,False
NPSR1-AS1,False,False
NPTN,False,False
NPTX1,False,False
NPTX2,False,False
NPTXR,False,False
NPVF,False,False
NPW,False,False
NPY,False,False
NPY1R,False,False
NPY2R,False,False
NPY4R,False,False
NPY4R2,False,False
NPY5R,False,False
NPY6RP,False,False
NQO1,False,False
NQO2,False,False
NR0B1,False,False
NR0B2,False,False
NR1D1,False,False
NR1D2,False,False
NR1H2,False,False
NR1H3,False,False
NR1H4,False,True
NR1H5P,False,False
NR1I2,False,False
NR1I3,False,False
NR2C1,False,False
NR2C2,False,False
NR2E1,False,False
NR2E3,False,False
NR2F1,False,False
NR2F2,False,False
NR2F6,False,False
NR3C1,False,True
NR3C2,False,True
NR4A1,False,False
NR4A2,False,False
NR4A3,False,False
NR5A1,False,False
NR5A2,False,False
NRAP,False,False
NRAS,False,False
NRBF2,False,False
NRBP1,False,False
NRCAM,False,False
NRDC,False,False
NRDE2,False,False
NREP,False,False
NRF1,False,False
NRG1,False,False
NRG3,False,False
NRG4,False,False
NRGN,False,False
NRIP1,False,False
NRIP2,False,False
NRIR,False,False
NRK,False,False
NRL,False,False
NRN1,False,False
NRON,False,False
NRP1,False,False
NRP2,False,False
NRSN1,False,False
NRTN,False,False
NRXN1,False,False
NRXN2,False,False
NRXN3,False,False
NSA2,False,False
NSD1,False,False
NSD2,False,False
NSF,False,False
NSG1,False,False
NSG2,False,False
NSMAF,False,False
NSMCE1,False,False
NSMCE2,False,False
NSMCE3,False,False
NSMCE4A,False,False
NSRP1,False,False
NSUN2,False,False
NSUN3,False,False
NSUN4,False,False
NSUN6,False,False
NT5C,False,False
NT5C1A,False,False
NT5C1B,False,False
NT5C2,False,False
NT5C3A,False,False
NT5DC1,False,False
NT5DC2,False,False
NT5DC3,False,False
NT5DC4,False,False
NT5E,False,False
NT5M,False,False
NTAN1,False,False
NTF3,False,False
NTF4,False,False
NTM,False,False
NTN1,False,False
NTN3,False,False
NTN4,False,False
NTN5,False,False
NTNG1,False,False
NTNG2,False,False
NTPCR,False,False
NTRK1,False,False
NTRK2,False,False
NTRK3,False,False
NTS,False,False
NTSR1,False,False
NUAK1,False,False
NUAK2,False,False
NUBP2,False,False
NUBPL,False,False
NUCB1,False,False
NUCB2,False,False
NUCKS1,False,False
NUCLEOLIN,False,False
NUDC,False,False
NUDCD3,False,False
NUDT1,False,False
NUDT10,False,False
NUDT12,False,False
NUDT13,False,False
NUDT16,False,False
NUDT16L1,False,False
NUDT19,False,False
NUDT2,False,False
NUDT21,False,False
NUDT3,False,False
NUDT4,False,False
NUDT5,False,False
NUDT6,False,False
NUDT8,False,False
NUF2,False,False
NUFIP1,False,False
NUFIP2,False,False
NUGGC,False,False
NUMA1,False,False
NUMB,False,False
NUMBL,False,False
NUP107,False,False
NUP133,False,False
NUP153,False,False
NUP160,False,False
NUP188,False,False
NUP210,False,False
NUP214,False,False
NUP35,False,False
NUP50,False,False
NUP58,False,False
NUP85,False,False
NUP88,False,False
NUP93,False,False
NUP98,False,False
NUPR1,False,False
NUPR2,False,False
NUS1,False,False
NUSAP1,False,False
NUTF2,False,False
NUTM2B,False,False
NUTM2F,False,False
NUTM2G,False,False
NVL,False,False
NWD1,False,False
NWD2,False,False
NXN,False,False
NXPE2,False,False
NXPE4,False,False
NXPH1,False,False
NXPH2,False,False
NXPH3,False,False
NXPH4,False,False
NXT1,False,False
NYAP2,False,False
NYNRIN,False,False
NYX,False,False
OAS1,False,False
OAS2,False,False
OAS3,False,False
OASL,False,False
OAT,False,False
OAZ1,False,False
OAZ2,False,False
OBI1,False,False
OBP2A,False,False
OBP2B,False,False
OBSL1,False,False
OCA2,False,False
OCIAD1,False,False
OCIAD2,False,False
OCLN,False,False
OCM,False,False
OCM2,False,False
OCRL,False,False
OCSTAMP,False,False
ODAD2,False,False
ODAM,False,False
ODAPH,False,False
ODC1,False,True
OGA,False,False
OGDH,False,False
OGDHL,False,False
OGFOD1,False,False
OGFOD2,False,False
OGFR,False,False
OGFRL1,False,False
OGG1,False,False
OGN,False,False
OGT,False,False
OIP5,False,False
OIT3,False,False
OLAH,False,False
OLFM1,False,False
OLFM3,False,False
OLFM4,False,False
OLFML2B,False,False
OLFML3,False,False
OLIG1,False,False
OLIG2,False,False
OLIG3,False,False
OLMALINC,False,False
OLR1,False,False
OMA1,False,False
OMD,False,False
OMG,False,False
OMP,False,False
ONECUT1,True,False
ONECUT2,False,False
OPA1,False,False
OPA3,False,False
OPCML,False,False
OPHN1,False,False
OPLAH,False,False
OPN1LW,False,False
OPN1MW,False,False
OPN1SW,False,False
OPN3,False,False
OPN4,False,False
OPRD1,False,True
OPRK1,False,True
OPRL1,False,False
OPRM1,False,True
OPRPN,False,False
OPTC,False,False
OPTN,False,False
OR10A5,False,False
OR10A7,False,False
OR10AD1,False,False
OR10B1P,False,False
OR10G3,False,False
OR10G7,False,False
OR10P1,False,False
OR10S1,False,False
OR12D3,False,False
OR13C3,False,False
OR13C4,False,False
OR13C9,False,False
OR14A16,False,False
OR14J1,False,False
OR14K1,False,False
OR1E1,False,False
OR1E2,False,False
OR1E3,False,False
OR1F1,False,False
OR1L4,False,False
OR1M1,False,False
OR1N1,False,False
OR2A1,False,False
OR2A4,False,False
OR2A5,False,False
OR2AE1,False,False
OR2AG2,False,False
OR2AT4,False,False
OR2D2,False,False
OR2G2,False,False
OR2J3,False,False
OR2L13,False,False
OR2L8,False,False
OR2V1,False,False
OR2V2,False,False
OR2W3,False,False
OR2Y1,False,False
OR2Z1,False,False
OR3A1,False,False
OR3A3,False,False
OR4A16,False,False
OR4A47,False,False
OR4C12,False,False
OR4C13,False,False
OR4C15,False,False
OR4C3,False,False
OR4C45,False,False
OR4C5,False,False
OR4D1,False,False
OR4D10,False,False
OR4D11,False,False
OR4E1,False,False
OR4E2,False,False
OR4F6,False,False
OR4K5,False,False
OR4M1,False,False
OR4M2,False,False
OR4M2B,False,False
OR4S1,False,False
OR4X1,False,False
OR51A4,False,False
OR51A7,False,False
OR51B4,False,False
OR51D1,False,False
OR51E1,False,False
OR51G2,False,False
OR51L1,False,False
OR51Q1,False,False
OR51V1,False,False
OR52E4,False,False
OR52H1,False,False
OR52J3,False,False
OR52W1,False,False
OR56A4,False,False
OR5A1,False,False
OR5A2,False,False
OR5AC1,False,False
OR5AP2,False,False
OR5AR1,False,False
OR5B12,False,False
OR5B17,False,False
OR5B21,False,False
OR5B3,False,False
OR5C1,False,False
OR6C3,False,False
OR6N1,False,False
OR6N2,False,False
OR6Q1,False,False
OR6T1,False,False
OR6V1,False,False
OR6Y1,False,False
OR8B8,False,False
OR9A2,False,False
OR9G1,False,False
OR9Q1,False,False
ORAI1,False,False
ORAI2,False,False
ORAI3,False,False
ORC4,False,False
ORC5,False,False
ORM1,False,False
ORM2,False,False
ORMDL1,False,False
ORMDL2,False,False
ORMDL3,False,False
OSBP,False,False
OSBP2,False,False
OSBPL10,False,False
OSBPL11,False,False
OSBPL1A,False,False
OSBPL2,False,False
OSBPL3,False,False
OSBPL6,False,False
OSBPL7,False,False
OSBPL8,False,False
OSBPL9,False,False
OSCAR,False,False
OSER1,False,False
OSGEP,False,False
OSGIN1,False,False
OSGIN2,False,False
OSM,False,False
OSMR,False,False
OSR1,False,False
OSR2,False,False
OSTM1,False,False
OSTN,False,False
OTC,False,False
OTOA,False,False
OTOF,False,False
OTOG,False,False
OTOGL,False,False
OTOL1,False,False
OTOP1,False,False
OTOP3,False,False
OTOR,False,False
OTOS,False,False
OTP,False,False
OTUB1,False,False
OTUB2,False,False
OTUD1,False,False
OTUD3,False,False
OTUD5,False,False
OTUD6B,False,False
OTUD7A,False,False
OTUD7B,False,False
OTULIN,False,False
OTULINL,False,False
OTX2,False,False
OVCH1,False,False
OVOL1,False,False
OVOL2,False,False
OXA1L,False,False
OXCT1,False,False
OXCT2,False,False
OXER1,False,False
OXGR1,False,False
OXR1,False,False
OXSM,False,False
OXSR1,False,False
OXT,False,False
OXTR,False,True
P2RX1,False,False
P2RX2,False,False
P2RX3,False,False
P2RX4,False,False
P2RX5,False,False
P2RX6,False,False
P2RX7,False,False
P2RY1,False,True
P2RY11,False,False
P2RY12,False,True
P2RY13,False,False
P2RY14,False,False
P2RY2,False,True
P2RY4,False,True
P2RY6,False,True
P3H1,False,False
P3H3,False,False
P4HA1,False,False
P4HA2,False,False
P4HA3,False,False
P4HB,False,True
P4HTM,False,False
PA2G4,False,False
PABIR1,False,False
PABPC1,False,False
PABPC4,False,False
PABPC4L,False,False
PABPN1,False,False
PABPN1L,False,False
PACC1,False,False
PACRG,False,False
PACRGL,False,False
PACS1,False,False
PACS2,False,False
PACSIN1,False,False
PACSIN2,False,False
PACSIN3,False,False
PADI2,False,False
PADI4,False,False
PAEP,False,False
PAF1,False,False
PAFAH1B1,False,False
PAFAH1B2,False,False
PAG1,False,False
PAGE2,False,False
PAGE2B,False,False
PAGE5,False,False
PAGR1,False,False
PAH,False,False
PAICS,False,False
PAK1,False,False
PAK1IP1,False,False
PAK2,False,False
PAK3,False,False
PAK4,False,False
PAK5,False,False
PAK6,False,False
PALB2,False,False
PALD1,False,False
PALLD,False,False
PALM,False,False
PALMD,False,False
PALS2,False,False
PAM,True,False
PAMR1,False,False
PAN2,False,False
PANDAR,False,False
PANK1,False,False
PANK2,False,False
PANK4,False,False
PANX1,False,False
PANX2,False,False
PANX3,False,False
PAOX,False,False
PAPOLA,False,False
PAPOLG,False,False
PAPPA,False,False
PAPPA2,False,False
PAPSS1,False,False
PAPSS2,False,False
PAQR3,False,False
PAQR5,False,False
PAQR6,False,False
PAQR7,False,False
PAQR9,False,False
PARAIL,False,False
PARD3,False,False
PARD3B,False,False
PARD6A,False,False
PARD6B,False,False
PARG,False,False
PARK7,True,False
PARL,False,False
PARN,False,False
PARP1,False,False
PARP10,False,False
PARP11,False,False
PARP12,False,False
PARP16,False,False
PARP2,False,False
PARP4,False,False
PARP6,False,False
PARP8,False,False
PARP9,False,False
PARPBP,False,False
PARS2,False,False
PART1,False,False
PARVA,False,False
PARVB,False,False
PARVG,False,False
PASK,False,False
PATE4,False,False
PATJ,False,False
PATZ1,False,False
PAUPAR,False,False
PAWR,False,False
PAX1,False,False
PAX2,True,False
PAX3,False,False
PAX4,True,False
PAX5,False,False
PAX6,True,False
PAX7,False,False
PAX8,False,False
PAX9,False,False
PAXBP1,False,False
PAXIP1,False,False
PBK,False,False
PBRM1,False,False
PBX1,False,False
PBX2,False,False
PBX3,False,False
PBX4,False,False
PBXIP1,False,False
PC,False,False
PCA3,False,False
PCARE,False,False
PCBD1,False,False
PCBD2,False,False
PCBP1,False,False
PCBP2,False,False
PCBP3,False,False
PCBP4,False,False
PCCA,False,False
PCCB,False,False
PCDH10,False,False
PCDH11X,False,False
PCDH15,False,False
PCDH17,False,False
PCDH18,False,False
PCDH20,False,False
PCDH7,False,False
PCDH8,False,False
PCDH9,False,False
PCDHA1,False,False
PCDHA8,False,False
PCDHA9,False,False
PCDHB10,False,False
PCDHB11,False,False
PCDHB14,False,False
PCDHB16,False,False
PCDHB3,False,False
PCDHB6,False,False
PCDHB9,False,False
PCDHGA4,False,False
PCDHGB4,False,False
PCDHGB6,False,False
PCDHGB7,False,False
PCED1B,False,False
PCF11,False,False
PCGF1,False,False
PCGF2,False,False
PCGF3,False,False
PCGF5,False,False
PCGF6,False,False
PCIF1,False,False
PCK1,False,False
PCK2,False,False
PCLAF,False,False
PCLO,False,False
PCM1,False,False
PCMT1,False,False
PCMTD1,False,False
PCNA,False,False
PCNT,False,False
PCNX2,False,False
PCOLCE,False,False
PCOLCE2,False,False
PCOTH,False,False
PCP4,False,False
PCP4L1,False,False
PCSK1,False,False
PCSK1N,False,False
PCSK2,False,False
PCSK5,False,False
PCSK6,False,False
PCSK7,False,False
PCSK9,False,True
PCTP,False,False
PCYOX1,False,False
PCYT1A,False,False
PCYT1B,False,False
PCYT2,False,False
PDAP1,False,False
PDC,False,False
PDCD1,False,True
PDCD10,False,False
PDCD11,False,False
PDCD1LG2,False,False
PDCD2,False,False
PDCD2L,False,False
PDCD4,False,False
PDCD5,False,False
PDCD6,False,False
PDCD6IP,False,False
PDCL2,False,False
PDCL3,False,False
PDE10A,False,True
PDE11A,False,False
PDE12,False,False
PDE1A,False,True
PDE1B,False,True
PDE1C,False,True
PDE2A,False,True
PDE3A,False,True
PDE3B,False,True
PDE4A,False,True
PDE4B,False,True
PDE4C,False,True
PDE4D,False,True
PDE4DIP,False,False
PDE5A,False,True
PDE6A,False,True
PDE6B,False,True
PDE6C,False,True
PDE6D,False,True
PDE6G,False,True
PDE6H,False,True
PDE7A,False,True
PDE7B,False,True
PDE8A,False,True
PDE8B,False,True
PDE9A,False,True
PDGFA,False,False
PDGFB,False,True
PDGFC,False,False
PDGFD,False,False
PDGFRA,False,False
PDGFRB,False,True
PDGFRL,False,False
PDHA1,False,False
PDHB,False,False
PDHX,False,False
PDIA2,False,False
PDIA3,False,False
PDIA4,False,False
PDIA5,False,False
PDIA6,True,False
PDIK1L,False,False
PDILT,False,False
PDK1,False,False
PDK2,False,False
PDK3,False,False
PDK4,False,False
PDLIM1,False,False
PDLIM2,False,False
PDLIM3,False,False
PDLIM4,False,False
PDLIM5,False,False
PDLIM7,False,False
PDP1,False,False
PDP2,False,False
PDPK1,False,False
PDPK2P,False,False
PDPN,False,False
PDPR,False,False
PDS5A,False,False
PDS5B,False,False
PDSS1,False,False
PDSS2,False,False
PDX1,True,False
PDXDC1,False,False
PDXK,False,False
PDXP,False,False
PDYN,False,False
PDZD2,False,False
PDZD4,False,False
PDZD7,False,False
PDZD8,False,False
PDZK1,False,False
PDZK1IP1,False,False
PDZPH1P,False,False
PDZRN3,False,False
PDZRN4,False,False
PEA15,False,False
PEAK1,False,False
PEAR1,False,False
PEBP1,False,False
PECAM1,False,False
PECR,False,False
PEDS1,False,False
PEDS1-UBE2V1,False,False
PEG10,False,False
PEG3,False,False
PELATON,False,False
PELI1,False,False
PELI2,False,False
PELI3,False,False
PELO,False,False
PEMT,False,False
PENK,False,False
PEPD,False,False
PER1,False,False
PER2,False,False
PER3,False,False
PERM1,False,False
PERP,False,False
PES1,False,False
PEX1,False,False
PEX10,False,False
PEX11A,False,False
PEX14,False,False
PEX16,False,False
PEX19,False,False
PEX2,False,False
PEX3,False,False
PEX5,False,False
PEX5L,False,False
PEX6,False,False
PEX7,False,False
PF4,False,False
PF4V1,False,False
PFAS,False,False
PFDN1,False,False
PFDN2,False,False
PFDN5,False,False
PFKFB1,False,False
PFKFB2,False,False
PFKFB3,False,False
PFKFB4,False,False
PFKL,False,False
PFKM,False,False
PFKP,False,False
PFN1,False,False
PFN2,False,False
PGAM1,False,False
PGAM2,False,False
PGAM5,False,False
PGAP1,False,False
PGAP2,False,False
PGAP3,False,False
PGAP4,False,False
PGAP6,False,False
PGBD2,False,False
PGBD4,False,False
PGBP,False,False
PGC,False,False
PGCKA1,False,False
PGD,False,False
PGF,False,True
PGGHG,False,False
PGGT1B,False,False
PGK1,False,False
PGLS,False,False
PGLYRP1,False,False
PGLYRP2,False,False
PGM1,False,False
PGM2,False,False
PGM3,False,False
PGP,False,False
PGPEP1L,False,False
PGR,False,True
PGRMC1,False,False
PGRMC2,False,False
PGS1,False,False
PHACTR1,False,False
PHACTR2,False,False
PHACTR4,False,False
PHAX,False,False
PHB1,False,False
PHB2,False,False
PHC1,False,False
PHC2,False,False
PHC3,False,False
PHETA1,False,False
PHEX,False,False
PHF1,False,False
PHF10,False,False
PHF12,False,False
PHF13,False,False
PHF2,False,False
PHF20,False,False
PHF20L1,False,False
PHF3,False,False
PHF5A,False,False
PHF6,False,False
PHF8,False,False
PHGDH,False,False
PHGR1,False,False
PHIP,False,False
PHKA1,False,False
PHKA2,False,False
PHKB,False,False
PHKG2,False,False
PHLDA1,False,False
PHLDA2,False,False
PHLDA3,False,False
PHLDB1,False,False
PHLDB2,False,False
PHLPP1,False,False
PHLPP2,False,False
PHOSPHO1,False,False
PHOX2A,False,False
PHOX2B,False,False
PHPT1,False,False
PHTF1,False,False
PHTF2,False,False
PHYH,False,False
PHYHD1,False,False
PI15,False,False
PI16,False,False
PI3,False,False
PI4K2A,False,False
PI4K2B,False,False
PI4KA,False,False
PIAS1,False,False
PIAS2,False,False
PIAS4,False,False
PIBF1,False,False
PICALM,False,False
PICK1,False,False
PID1,False,False
PIERCE1,False,False
PIEZO1,False,False
PIEZO2,False,False
PIF1,False,False
PIGA,False,False
PIGC,False,False
PIGF,False,False
PIGG,False,False
PIGH,False,False
PIGK,False,False
PIGL,False,False
PIGP,False,False
PIGQ,False,False
PIGR,False,False
PIGU,False,False
PIGV,False,False
PIGW,False,False
PIGY,False,False
PIGZ,False,False
PIH1D2,False,False
PIK3C2A,False,False
PIK3C2B,False,False
PIK3C2G,False,False
PIK3C3,False,False
PIK3CA,False,True
PIK3CB,False,False
PIK3CD,False,False
PIK3CG,False,False
PIK3R1,False,False
PIK3R2,False,False
PIK3R3,False,False
PIK3R4,False,False
PIK3R5,False,False
PIK3R6,False,False
PIKFYVE,False,False
PILRA,False,False
PILRB,False,False
PIM1,False,False
PIM2,False,False
PIM3,False,False
PIMREG,False,False
PIN1,False,False
PINK1,False,False
PINX1,False,False
PIP,False,False
PIP4K2A,False,False
PIP4K2B,False,False
PIP4K2C,False,False
PIP4P2,False,False
PIP5K1B,False,False
PIP5K1C,False,False
PIPOX,False,False
PIR,False,False
PIRT,False,False
PISD,False,False
PITPNA,False,False
PITPNB,False,False
PITPNC1,False,False
PITPNM1,False,False
PITPNM2,False,False
PITPNM3,False,False
PITX1,False,False
PITX2,False,False
PITX3,False,False
PIWIL1,False,False
PIWIL2,False,False
PIWIL3,False,False
PIWIL4,False,False
PJA1,False,False
PJA2,False,False
PJVK,False,False
PKD1,False,False
PKD1L3,False,False
PKD1P2,False,False
PKD2,False,False
PKD2L1,False,False
PKD2L2,False,False
PKDCC,False,False
PKHD1,False,False
PKHD1L1,False,False
PKIA,False,False
PKIG,False,False
PKLR,False,False
PKM,False,False
PKN1,False,False
PKN2,False,False
PKN3,False,False
PKNOX1,False,False
PKNOX2,False,False
PKP1,False,False
PKP2,False,False
PKP3,False,False
PKP4,False,False
PLA1A,False,False
PLA2G10,False,False
PLA2G12A,False,False
PLA2G12B,False,False
PLA2G15,False,False
PLA2G1B,False,False
PLA2G2A,False,False
PLA2G2C,False,False
PLA2G2D,False,False
PLA2G2E,False,False
PLA2G2F,False,False
PLA2G4A,False,False
PLA2G4B,False,False
PLA2G4C,False,False
PLA2G5,False,False
PLA2G6,False,False
PLA2G7,False,True
PLA2R1,False,False
PLAA,False,False
PLAAT1,False,False
PLAAT3,False,False
PLAAT4,False,False
PLAC1,False,False
PLAC8,False,False
PLAG1,False,False
PLAGL1,True,False
PLAT,False,False
PLAU,False,False
PLAUR,False,False
PLB1,False,False
PLBD1,False,False
PLBD2,False,False
PLCB1,False,False
PLCB2,False,False
PLCB3,False,False
PLCB4,False,False
PLCD1,False,False
PLCE1,False,False
PLCG1,False,False
PLCG2,False,False
PLCH1,False,False
PLCH2,False,False
PLCL1,False,False
PLCL2,False,False
PLCXD3,False,False
PLCZ1,False,False
PLD1,False,False
PLD2,False,False
PLD3,False,False
PLD4,False,False
PLD5,False,False
PLD6,False,False
PLEC,False,False
PLEK,False,False
PLEKHA1,False,False
PLEKHA2,False,False
PLEKHA3,False,False
PLEKHA5,False,False
PLEKHA7,False,False
PLEKHA8,False,False
PLEKHA8P1,False,False
PLEKHF1,False,False
PLEKHF2,False,False
PLEKHG1,False,False
PLEKHG5,False,False
PLEKHG6,False,False
PLEKHG7,False,False
PLEKHH1,False,False
PLEKHH2,False,False
PLEKHM1,False,False
PLEKHM2,False,False
PLEKHM3,False,False
PLEKHN1,False,False
PLEKHO1,False,False
PLEKHS1,False,False
PLG,False,True
PLGLB1,False,False
PLGLB2,False,False
PLGRKT,False,False
PLIN1,True,False
PLIN2,False,False
PLIN3,False,False
PLIN4,False,False
PLIN5,False,False
PLK1,False,False
PLK2,False,False
PLK3,False,False
PLK4,False,False
PLK5,False,False
PLLP,False,False
PLN,False,False
PLOD1,False,False
PLOD2,False,False
PLOD3,False,False
PLP1,False,False
PLPBP,False,False
PLPP1,False,False
PLPP2,False,False
PLPP3,False,False
PLPP4,False,False
PLPP6,False,False
PLPP7,False,False
PLPPR1,False,False
PLPPR3,False,False
PLPPR4,False,False
PLPPR5,False,False
PLS1,False,False
PLS3,False,False
PLSCR1,False,False
PLSCR3,False,False
PLSCR4,False,False
PLSCR5,False,False
PLTP,False,False
PLUT,False,False
PLVAP,False,False
PLXDC2,False,False
PLXNA1,False,False
PLXNA2,False,False
PLXNA3,False,False
PLXNA4,False,False
PLXNB1,False,False
PLXNB2,False,False
PLXNB3,False,False
PLXNC1,False,False
PLXND1,False,False
PM20D1,False,False
PM20D2,False,False
PMAIP1,False,False
PMCH,False,False
PMEL,False,False
PMF1,False,False
PMFBP1,False,False
PML,False,False
PMM1,False,False
PMM2,True,False
PMP2,False,False
PMP22,False,False
PMPCA,False,False
PMPCB,False,False
PMS2,False,False
PMVK,False,False
PNKD,False,False
PNLIP,False,True
PNLIPRP1,False,False
PNLIPRP2,False,False
PNMA2,False,False
PNMA8A,False,False
PNMT,False,False
PNN,False,False
PNOC,False,False
PNP,False,True
PNPLA1,False,False
PNPLA2,False,False
PNPLA3,False,False
PNPLA4,False,False
PNPLA5,False,False
PNPLA6,False,False
PNPLA7,False,False
PNPLA8,False,False
PNPO,False,False
PNPT1,False,False
PNRC2,False,False
POC1A,False,False
POC1B,False,False
POC5,True,False
PODN,False,False
PODXL,False,False
POF1B,False,False
POFUT2,False,False
POFUT4,False,False
POGLUT1,False,False
POGLUT3,False,False
POLA1,False,True
POLA2,False,True
POLB,False,False
POLD1,False,True
POLD2,False,True
POLD3,False,True
POLD4,False,True
POLDIP2,False,False
POLE,False,True
POLE2,False,True
POLE3,False,True
POLG,False,False
POLG2,False,False
POLI,False,False
POLK,False,False
POLN,False,False
POLQ,False,False
POLR1C,False,False
POLR1D,False,False
POLR1F,False,False
POLR2A,False,False
POLR2B,False,False
POLR2D,False,False
POLR2E,False,False
POLR2F,False,False
POLR2G,False,False
POLR2I,False,False
POLR2J,False,False
POLR2J2,False,False
POLR2J3,False,False
POLR2K,False,False
POLR2M,False,False
POLR3A,False,False
POLR3GL,False,False
POLRMT,False,False
POM121,False,False
POM121C,False,False
POM121L12,False,False
POM121L1P,False,False
POMC,False,False
POMGNT1,False,False
POMK,False,False
POMT1,False,False
POMT2,False,False
PON1,False,False
PON2,False,False
PON3,False,False
POP7,False,False
POR,False,False
PORCN,False,False
POSTN,False,False
POT1,False,False
POTEB,False,False
POTEE,False,False
POTEF,False,False
POTEJ,False,False
POU1F1,False,False
POU2AF1,False,False
POU2F1,False,False
POU2F2,False,False
POU2F3,False,False
POU3F1,False,False
POU3F2,False,False
POU3F3,False,False
POU3F4,False,False
POU4F1,False,False
POU4F2,False,False
POU4F3,False,False
POU5F1,False,False
POU5F1B,False,False
POU5F2,False,False
POU6F2,False,False
PPA1,False,False
PPA2,False,False
PPARA,False,True
PPARD,False,True
PPARG,True,True
PPARGC1A,False,False
PPARGC1B,False,False
PPAT,False,False
PPBP,False,False
PPDPF,False,False
PPFIA2,False,False
PPFIA4,False,False
PPFIBP2,False,False
PPIA,False,True
PPIAL4H,False,False
PPIB,False,False
PPIC,False,False
PPID,False,False
PPIE,False,False
PPIF,False,False
PPIG,False,False
PPIH,False,False
PPIL1,False,False
PPIL2,False,False
PPIL4,False,False
PPIL6,False,False
PPIP5K1,False,False
PPIP5K2,False,False
PPL,False,False
PPM1A,False,False
PPM1B,False,False
PPM1D,False,False
PPM1E,False,False
PPM1F,False,False
PPM1G,False,False
PPM1H,False,False
PPM1J,False,False
PPM1K,False,False
PPM1L,False,False
PPOX,False,False
PPP1CA,False,False
PPP1CB,False,False
PPP1CC,False,False
PPP1R12A,False,False
PPP1R12B,False,False
PPP1R13B,False,False
PPP1R13L,False,False
PPP1R14A,False,False
PPP1R14B,False,False
PPP1R14C,True,False
PPP1R14D,False,False
PPP1R15A,False,False
PPP1R15B,False,False
PPP1R16B,False,False
PPP1R18,False,False
PPP1R1A,False,False
PPP1R1B,False,False
PPP1R1C,False,False
PPP1R2,False,False
PPP1R21,False,False
PPP1R27,False,False
PPP1R3A,True,False
PPP1R3B,False,False
PPP1R3C,False,False
PPP1R3G,False,False
PPP1R9A,False,False
PPP1R9B,False,False
PPP2CA,False,False
PPP2R1A,False,False
PPP2R1B,False,False
PPP2R2A,False,False
PPP2R2B,False,False
PPP2R2C,False,False
PPP2R2D,False,False
PPP2R3A,False,False
PPP2R5A,False,False
PPP2R5C,False,False
PPP2R5E,False,False
PPP3CA,False,False
PPP3CB,False,False
PPP3CC,False,False
PPP3R1,False,False
PPP3R2,False,False
PPP4C,False,False
PPP4R1,False,False
PPP4R3A,False,False
PPP4R4,False,False
PPP5C,False,False
PPP6C,False,False
PPP6R3,False,False
PPRC1,False,False
PPT1,False,False
PPT2,False,False
PPT2-EGFL8,False,False
PPTC7,False,False
PPY,False,False
PQBP1,False,False
PRADC1,False,False
PRAG1,False,False
PRAL,False,False
PRAME,False,False
PRAMEF1,False,False
PRAMEF10,False,False
PRAMEF11,False,False
PRAMEF12,False,False
PRAMEF13,False,False
PRAMEF14,False,False
PRAMEF15,False,False
PRAMEF17,False,False
PRAMEF18,False,False
PRAMEF19,False,False
PRAMEF2,False,False
PRAMEF20,False,False
PRAMEF25,False,False
PRAMEF26,False,False
PRAMEF27,False,False
PRAMEF33,False,False
PRAMEF4,False,False
PRAMEF5,False,False
PRAMEF6,False,False
PRAMEF7,False,False
PRAMEF8,False,False
PRAMEF9,False,False
PRAP1,False,False
PRB1,False,False
PRB2,False,False
PRC1,False,False
PRCD,False,False
PRCP,False,False
PRDM1,False,False
PRDM10,False,False
PRDM11,False,False
PRDM13,False,False
PRDM14,False,False
PRDM15,False,False
PRDM16,False,False
PRDM2,False,False
PRDM4,False,False
PRDM5,False,False
PRDM6,False,False
PRDM7,False,False
PRDM8,False,False
PRDM9,False,False
PRDX1,False,False
PRDX2,False,False
PRDX3,False,False
PRDX4,False,False
PRDX4P1,False,False
PRDX5,False,False
PRDX6,False,False
PREB,False,False
PRECSIT,False,False
PRELID1,False,False
PRELID3B,False,False
PRELP,False,False
PREP,False,False
PREPL,False,False
PREX1,False,False
PREX2,False,False
PRF1,False,False
PRG2,False,False
PRG3,False,False
PRG4,False,False
PRH1,False,False
PRH2,False,False
PRICKLE1,False,False
PRICKLE2,False,False
PRICKLE4,False,False
PRIM1,False,True
PRIM2,False,True
PRIMA1,False,False
PRKAA1,False,False
PRKAA2,False,False
PRKAB1,False,False
PRKAB2,False,False
PRKACA,False,False
PRKACB,False,False
PRKACG,False,False
PRKAG1,False,False
PRKAG2,True,False
PRKAG3,False,False
PRKAR1A,False,False
PRKAR1B,False,False
PRKAR2A,False,False
PRKAR2B,False,False
PRKCA,False,False
PRKCB,False,True
PRKCD,False,False
PRKCE,False,False
PRKCG,False,False
PRKCH,False,False
PRKCI,False,False
PRKCQ,False,False
PRKCSH,False,False
PRKCZ,False,False
PRKD1,False,False
PRKD2,False,False
PRKD3,False,False
PRKDC,False,False
PRKG1,False,False
PRKG2,False,False
PRKN,False,False
PRKRA,False,False
PRKRIP1,False,False
PRKY,False,False
PRL,False,False
PRLH,False,False
PRLHR,False,False
PRLR,False,False
PRM1,False,False
PRM2,False,False
PRM3,False,False
PRMT1,False,False
PRMT2,False,False
PRMT3,False,False
PRMT5,False,False
PRMT6,False,False
PRNCR1,False,False
PRND,False,False
PRNP,False,False
PROC,False,False
PROCR,False,False
PRODH,False,False
PRODH2,False,False
PROK1,False,False
PROK2,False,False
PROKR1,False,False
PROKR2,False,False
PROM1,False,False
PROM2,False,False
PROP1,False,False
PROS1,False,False
PROS2P,False,False
PROSER2,False,False
PROX1,False,False
PROZ,False,False
PRPF18,False,False
PRPF19,False,False
PRPF3,False,False
PRPF31,False,False
PRPF40A,False,False
PRPF6,False,False
PRPF8,False,False
PRPH,False,False
PRPH2,False,False
PRPS1,False,False
PRPS1L1,False,False
PRPS2,False,False
PRPSAP1,False,False
PRR11,False,False
PRR13,False,False
PRR14L,False,False
PRR15L,False,False
PRR16,False,False
PRR18,False,False
PRR20A,False,False
PRR20B,False,False
PRR20C,False,False
PRR20D,False,False
PRR20E,False,False
PRR4,False,False
PRR5,False,False
PRR5L,False,False
PRRC2A,False,False
PRRC2B,False,False
PRRC2C,False,False
PRRG1,False,False
PRRG2,False,False
PRRG4,False,False
PRRT1,False,False
PRRT2,False,False
PRRT4,False,False
PRRX1,False,False
PRSS1,False,False
PRSS12,False,False
PRSS16,False,False
PRSS2,False,False
PRSS27,False,False
PRSS3,False,False
PRSS36,False,False
PRSS38,False,False
PRSS3P1,False,False
PRSS51,False,False
PRSS53,False,False
PRSS55,False,False
PRSS56,False,False
PRSS8,False,False
PRTFDC1,False,False
PRTG,False,False
PRTN3,False,False
PRUNE1,False,False
PRUNE2,False,False
PRX,False,False
PSAP,False,False
PSAPL1,False,False
PSAT1,False,False
PSCA,False,False
PSD,False,False
PSD3,False,False
PSEN1,False,False
PSEN2,False,False
PSENEN,False,False
PSG1,False,False
PSG3,False,False
PSG4,False,False
PSG5,False,False
PSG6,False,False
PSG7,False,False
PSG8,False,False
PSG9,False,False
PSIP1,False,False
PSKH1,False,False
PSMA1,False,False
PSMA2,False,False
PSMA3,False,False
PSMA4,False,False
PSMA5,False,False
PSMA6,False,False
PSMA7,False,False
PSMA8,False,False
PSMB1,False,False
PSMB10,False,False
PSMB2,False,False
PSMB3,False,False
PSMB4,False,False
PSMB5,False,False
PSMB6,False,False
PSMB7,False,False
PSMB8,False,False
PSMB9,True,False
PSMC1,False,False
PSMC2,False,False
PSMC3,False,False
PSMC3IP,False,False
PSMC4,False,False
PSMC5,False,False
PSMC6,False,False
PSMD1,False,False
PSMD10,False,False
PSMD12,False,False
PSMD13,False,False
PSMD14,False,False
PSMD2,False,False
PSMD3,False,False
PSMD4,False,False
PSMD6,False,False
PSMD7,False,False
PSMD8,False,False
PSMD9,False,False
PSME1,False,False
PSME2,False,False
PSME3,False,False
PSME4,False,False
PSMF1,False,False
PSMG1,False,False
PSMG2,False,False
PSMG3,False,False
PSORS1C1,False,False
PSORS1C3,False,False
PSPH,False,False
PSRC1,False,False
PSTK,False,False
PSTPIP1,False,False
PSTPIP2,False,False
PTAFR,False,False
PTBP1,False,False
PTBP2,False,False
PTCD1,False,False
PTCD2,False,False
PTCD3,False,False
PTCH1,False,False
PTCHD1,False,False
PTCHD3,False,False
PTCHD4,False,False
PTCRA,False,False
PTCSC2,False,False
PTDSS1,False,False
PTDSS2,False,False
PTEN,False,False
PTER,False,False
PTF1A,True,False
PTGDR,False,True
PTGDR2,False,False
PTGDS,False,False
PTGER1,False,True
PTGER2,False,True
PTGER3,False,False
PTGER4,False,False
PTGES,False,False
PTGES2,False,False
PTGES3,False,False
PTGFR,False,False
PTGFRN,False,False
PTGIR,False,True
PTGIS,False,False
PTGR2,False,False
PTGR3,False,False
PTGS1,False,True
PTGS2,False,True
PTH,False,False
PTH1R,False,False
PTHLH,False,False
PTK2,False,False
PTK2B,False,False
PTK7,False,False
PTMA,False,False
PTN,False,False
PTOV1,False,False
PTP4A1,False,False
PTP4A2,False,False
PTP4A3,False,False
PTPA,False,False
PTPDC1,False,False
PTPMT1,False,False
PTPN1,False,False
PTPN11,False,False
PTPN12,False,False
PTPN13,False,False
PTPN14,False,False
PTPN18,False,False
PTPN2,False,False
PTPN22,True,False
PTPN3,False,False
PTPN4,False,False
PTPN5,False,False
PTPN6,False,False
PTPN7,False,False
PTPN9,False,False
PTPRA,False,False
PTPRB,False,False
PTPRC,False,False
PTPRCAP,False,False
PTPRD,False,False
PTPRE,False,False
PTPRF,False,False
PTPRG,False,False
PTPRH,False,False
PTPRJ,False,False
PTPRK,False,False
PTPRM,False,False
PTPRN,False,False
PTPRN2,False,False
PTPRO,False,False
PTPRQ,False,False
PTPRR,False,False
PTPRS,False,False
PTPRT,False,False
PTPRU,False,False
PTPRZ1,False,False
PTRH1,False,False
PTRH2,False,False
PTRHD1,False,False
PTS,False,False
PTTG1,False,False
PTTG1IP2,False,False
PTTG2,False,False
PTTG3P,False,False
PTX3,False,False
PUDP,False,False
PUM1,False,False
PUM2,False,False
PUM3,False,False
PURA,False,False
PURB,False,False
PURG,False,False
PUS10,False,False
PUS7,False,False
PVALB,False,False
PVALEF,False,False
PVR,False,False
PVRIG,False,False
PVT1,False,False
PWRN1,False,False
PWWP2A,False,False
PXDC1,False,False
PXDN,False,False
PXDNL,False,False
PXK,False,False
PXMP2,False,False
PXMP4,False,False
PXN,False,False
PXYLP1,False,False
PYCARD,False,False
PYCR1,False,False
PYCR2,False,False
PYCR3,False,False
PYDC1,False,False
PYGB,False,False
PYGL,False,False
PYGM,False,False
PYROXD2,False,False
PYURF,False,False
PYY,False,False
PYY3,False,False
PZP,False,False
QARS1,False,False
QKI,False,False
QNG1,False,False
QPCT,False,False
QPCTL,False,False
QPRT,False,False
QRFP,False,False
QRFPR,False,False
QRICH1,False,False
QRSL1,False,False
QSER1,False,False
QSOX1,False,False
QSOX2,False,False
QTGAL,False,False
QTMAN,False,False
R3HCC1L,False,False
R3HDM1,False,False
R3HDM2,False,False
R3HDM4,False,False
R3HDML,False,False
RAB10,False,False
RAB11A,False,False
RAB11B,False,False
RAB11FIP1,False,False
RAB11FIP4,False,False
RAB11FIP5,False,False
RAB12,False,False
RAB13,False,False
RAB14,False,False
RAB15,False,False
RAB17,False,False
RAB18,False,False
RAB19,False,False
RAB1A,False,False
RAB1B,False,False
RAB21,False,False
RAB22A,False,False
RAB23,False,False
RAB24,False,False
RAB25,False,False
RAB26,False,False
RAB27A,False,False
RAB27B,False,False
RAB28,False,False
RAB29,False,False
RAB2A,False,False
RAB2B,False,False
RAB30,False,False
RAB31,False,False
RAB35,False,False
RAB36,False,False
RAB37,False,False
RAB38,False,False
RAB39B,False,False
RAB3A,False,False
RAB3B,False,False
RAB3C,False,False
RAB3GAP1,False,False
RAB3GAP2,False,False
RAB3IP,False,False
RAB40A,False,False
RAB4A,False,False
RAB4B,False,False
RAB5A,False,False
RAB5B,False,False
RAB5C,False,False
RAB6A,False,False
RAB6C,False,False
RAB7A,False,False
RAB8A,False,False
RAB8B,False,False
RAB9A,False,False
RABEP1,False,False
RABEP2,False,False
RABGAP1,False,False
RABGAP1L,False,False
RABL2A,False,False
RABL2B,False,False
RAC1,False,False
RAC2,False,False
RAC3,False,False
RACGAP1,False,False
RACK1,False,False
RAD1,False,False
RAD18,False,False
RAD21,False,False
RAD23A,False,False
RAD23B,False,False
RAD50,False,False
RAD51,False,False
RAD51AP1,False,False
RAD51AP2,False,False
RAD51B,False,False
RAD51C,False,False
RAD54L,False,False
RAD54L2,False,False
RAD9A,False,False
RADIL,False,False
RAE1,False,False
RAET1E,False,False
RAET1L,False,False
RAF1,False,True
RAG1,False,False
RAG2,False,False
RAI1,False,False
RALA,False,False
RALB,False,False
RALBP1,False,False
RALGAPA1,False,False
RALGDS,False,False
RALGPS1,False,False
RALGPS2,False,False
RALY,False,False
RALYL,False,False
RAMP1,False,True
RAMP2,False,True
RAMP3,False,True
RAN,False,False
RANBP10,False,False
RANBP2,False,False
RANBP3,False,False
RANBP3L,False,False
RANBP6,False,False
RANBP9,False,False
RANGRF,False,False
RAP1A,False,False
RAP1B,False,False
RAP1GAP,False,False
RAP1GAP2,False,False
RAP1GDS1,False,False
RAP2A,False,False
RAP2B,False,False
RAPGEF1,False,False
RAPGEF2,False,False
RAPGEF3,False,False
RAPGEF4,False,False
RAPGEF5,False,False
RAPGEF6,False,False
RAPH1,False,False
RAPSN,False,False
RARA,False,False
RARB,False,False
RARG,False,False
RARRES1,False,False
RARRES2,False,False
RARS1,False,False
RASA1,False,False
RASA2,False,False
RASA3,False,False
RASA4,False,False
RASA4B,False,False
RASAL2,False,False
RASD1,False,False
RASD2,False,False
RASEF,False,False
RASGEF1B,False,False
RASGRF1,False,False
RASGRF2,False,False
RASGRP1,False,False
RASGRP2,False,False
RASGRP3,False,False
RASGRP4,False,False
RASIP1,False,False
RASL10A,False,False
RASL11B,False,False
RASSF1,False,False
RASSF2,False,False
RASSF3,False,False
RASSF4,False,False
RASSF5,False,False
RASSF7,False,False
RASSF9,False,False
RAVER1,False,False
RAX,False,False
RB1,False,False
RB1CC1,False,False
RBBP4,False,False
RBBP5,False,False
RBBP6,False,False
RBBP8,False,False
RBFA,False,False
RBFOX1,False,False
RBFOX2,False,False
RBFOX3,False,False
RBKS,False,False
RBL1,False,False
RBL2,False,False
RBM10,False,False
RBM12,False,False
RBM12B,False,False
RBM15,False,False
RBM15B,False,False
RBM17,False,False
RBM19,False,False
RBM20,False,False
RBM22,False,False
RBM23,False,False
RBM25,False,False
RBM26,False,False
RBM28,False,False
RBM3,False,False
RBM38,False,False
RBM39,False,False
RBM4,False,False
RBM43,False,False
RBM45,False,False
RBM47,False,False
RBM4B,False,False
RBM5,False,False
RBM6,False,False
RBM7,False,False
RBM8A,False,False
RBMS1,False,False
RBMS3,False,False
RBMX,False,False
RBP1,False,False
RBP2,False,False
RBP3,False,False
RBP4,False,False
RBP5,False,False
RBP7,False,False
RBPJ,True,False
RBPJL,True,False
RBPMS,False,False
RBPMS2,False,False
RBX1,False,False
RC3H1,False,False
RC3H2,False,False
RCAN1,False,False
RCAN2,False,False
RCC1,False,False
RCC1L,False,False
RCCD1,False,False
RCE1,False,False
RCHY1,False,False
RCL1,False,False
RCN1,False,False
RCN2,False,False
RCN3,False,False
RCOR1,False,False
RCOR2,False,False
RCVRN,False,False
RD3,True,False
RDH10,False,False
RDH11,False,False
RDH12,False,False
RDH14,False,False
RDH16,False,False
RDH5,False,False
RDX,False,False
REC114,False,False
REC8,False,False
RECK,False,False
RECQL,False,False
RECQL4,False,False
RECQL5,False,False
REDIC1,False,False
REEP1,False,False
REEP2,False,False
REEP3,False,False
REEP5,False,False
REEP6,False,False
REG1A,False,False
REG1B,False,False
REG1CP,False,False
REG3A,False,False
REG3G,False,False
REG4,False,False
REL,False,False
RELA,False,True
RELB,False,False
RELL1,False,False
RELN,False,False
REM1,False,False
REM2,False,False
REN,False,True
RENBP,False,False
REP15,False,False
REPIN1,False,False
REPS1,False,False
RER1,False,False
RERE,False,False
RERG,False,False
RESP18,False,False
REST,False,False
RET,False,True
RETN,False,False
RETNLB,False,False
RETREG1,False,False
RETREG3,False,False
RETSAT,False,False
REV1,False,False
REV3L,False,False
REX1BD,False,False
REXO2,False,False
RFC1,False,False
RFC2,False,False
RFC4,False,False
RFC5,False,False
RFK,False,False
RFLNA,False,False
RFLNB,False,False
RFPL3,False,False
RFT1,False,False
RFTN1,False,False
RFTN2,False,False
RFWD3,False,False
RFX1,False,False
RFX2,False,False
RFX3,False,False
RFX5,False,False
RFX6,True,False
RFX7,False,False
RFXANK,False,False
RFXAP,False,False
RGCC,False,False
RGL1,False,False
RGL2,False,False
RGL3,False,False
RGMA,False,False
RGMB,False,False
RGN,False,False
RGP1,False,False
RGPD1,False,False
RGPD2,False,False
RGPD4,False,False
RGS1,False,False
RGS10,False,False
RGS11,False,False
RGS14,False,False
RGS16,False,False
RGS17,False,False
RGS19,False,False
RGS2,False,False
RGS21,False,False
RGS3,False,False
RGS4,False,False
RGS5,False,False
RGS6,False,False
RGS7,False,False
RGS8,False,False
RGS9,False,False
RGS9BP,False,False
RGSL1,False,False
RHAG,False,False
RHBDD2,False,False
RHBDD3,False,False
RHBDF2,False,False
RHBDL2,False,False
RHCG,False,False
RHD,False,False
RHEB,False,False
RHEBP1,False,False
RHO,False,False
RHOA,False,False
RHOA-IT1,False,False
RHOB,False,False
RHOBTB1,False,False
RHOBTB3,False,False
RHOC,False,False
RHOD,False,False
RHOJ,False,False
RHOQ,False,False
RHOT1,False,False
RHOV,False,False
RHPN1,False,False
RIBC2,False,False
RIC1,False,False
RIC8B,False,False
RICTOR,False,False
RIF1,False,False
RIGI,False,False
RILP,False,False
RILPL1,False,False
RILPL2,False,False
RIMKLA,False,False
RIMKLB,False,False
RIMS1,False,False
RIMS2,False,False
RIMS3,False,False
RIMS4,False,False
RIN2,False,False
RIN3,False,False
RING1,False,False
RINT1,False,False
RIOK1,False,False
RIOK2,False,False
RIOX1,False,False
RIPK1,False,False
RIPK2,False,False
RIPK3,False,False
RIPK4,False,False
RIPOR2,False,False
RIPPLY3,False,False
RIT2,False,False
RLBP1,False,False
RLIG1,False,False
RLIM,False,False
RLIMP2,False,False
RLN1,False,False
RLN2,False,False
RLN3,False,False
RMC1,False,False
RMDN3,False,False
RMI1,False,False
RMI2,False,False
RMND1,False,False
RMRP,False,False
RMST,False,False
RN7SL679P,False,False
RNASE1,False,False
RNASE11-AS1,False,False
RNASE2,False,False
RNASE3,False,False
RNASE4,False,False
RNASE7,False,False
RNASEH1,False,False
RNASEH2B,False,False
RNASEH2C,False,False
RNASEK,False,False
RNASEL,False,False
RNASET2,False,False
RND3,False,False
RNF10,False,False
RNF11,False,False
RNF111,False,False
RNF114,False,False
RNF122,False,False
RNF123,False,False
RNF125,False,False
RNF128,False,False
RNF13,False,False
RNF135,False,False
RNF138,False,False
RNF14,False,False
RNF141,False,False
RNF144A,False,False
RNF144B,False,False
RNF145,False,False
RNF146,False,False
RNF157,False,False
RNF166,False,False
RNF167,False,False
RNF168,False,False
RNF169,False,False
RNF170,False,False
RNF175,False,False
RNF180,False,False
RNF182,False,False
RNF185,False,False
RNF186,False,False
RNF19B,False,False
RNF2,False,False
RNF20,False,False
RNF212,False,False
RNF213,False,False
RNF214,False,False
RNF215,False,False
RNF216,False,False
RNF217,False,False
RNF223,False,False
RNF228,False,False
RNF31,False,False
RNF32,False,False
RNF34,False,False
RNF38,False,False
RNF40,False,False
RNF41,False,False
RNF43,False,False
RNF5,False,False
RNF6,False,False
RNFT1,False,False
RNFT2,False,False
RNGTT,False,False
RNLS,False,False
RNPC3,False,False
RNPEP,False,False
RNPS1,False,False
RNU1-2,False,False
RNU12,False,False
RNU2-1,False,False
RNU5A-1,False,False
RNU5D-1,False,False
RNU6-1,False,False
RNU6ATAC,True,False
RNVU1-4,False,False
RNY1,False,False
RNY3,False,False
RNY4,False,False
RO60,False,False
ROBO1,False,False
ROBO2,False,False
ROBO3,False,False
ROBO4,False,False
ROCK1,False,False
ROCK2,False,False
ROGDI,False,False
ROM1,False,False
ROMO1,False,False
ROPN1,False,False
ROR1,False,False
ROR2,False,False
RORA,False,False
RORB,False,False
RORC,False,False
ROS1,False,False
RP1,False,False
RP1L1,False,False
RP2,False,False
RPA1,False,False
RPA2,False,False
RPA3,False,False
RPAIN,False,False
RPAP1,False,False
RPAP3,False,False
RPE,False,False
RPE65,False,False
RPEL1,False,False
RPF1,False,False
RPGR,False,False
RPGRIP1,False,False
RPGRIP1L,False,False
RPH3A,False,False
RPH3AL,False,False
RPIA,False,False
RPL10A,False,False
RPL10L,False,False
RPL11,False,False
RPL12,False,False
RPL13,False,False
RPL13A,False,False
RPL13P5,False,False
RPL14,False,False
RPL15,False,False
RPL17,False,False
RPL18A,False,False
RPL19,False,False
RPL21,False,False
RPL22,False,False
RPL22L1,False,False
RPL23,False,False
RPL23A,False,False
RPL23AP82,False,False
RPL24,False,False
RPL24P4,False,False
RPL24P7,False,False
RPL26,False,False
RPL26L1,False,False
RPL27,False,False
RPL27A,False,False
RPL29P25,False,False
RPL3,False,False
RPL30,False,False
RPL31,False,False
RPL32,False,False
RPL34,False,False
RPL35A,False,False
RPL36,False,False
RPL36A,False,False
RPL36AL,False,False
RPL37,False,False
RPL37A,False,False
RPL38,False,False
RPL39L,False,False
RPL3L,False,False
RPL3P4,False,False
RPL4,False,False
RPL41,False,False
RPL5,False,False
RPL6,False,False
RPL7,False,False
RPL7P1,False,False
RPL8,False,False
RPL9,False,False
RPL9P7,False,False
RPLP0,False,False
RPLP1,False,False
RPLP2,False,False
RPN1,False,False
RPN2,False,False
RPP14,False,False
RPP38,False,False
RPP40,False,False
RPRD1B,False,False
RPRD2,False,False
RPS10,False,False
RPS11,False,False
RPS12,False,False
RPS13,False,False
RPS14,False,False
RPS15,False,False
RPS15A,False,False
RPS16,False,False
RPS18,False,False
RPS19,False,False
RPS19BP1,False,False
RPS20,False,False
RPS21,False,False
RPS23,False,False
RPS24,False,False
RPS25,False,False
RPS26,False,False
RPS26P11,False,False
RPS26P8,False,False
RPS27,False,False
RPS27A,False,False
RPS27L,False,False
RPS28,False,False
RPS29,False,False
RPS3,False,False
RPS3A,False,False
RPS4X,False,False
RPS4Y1,False,False
RPS5,False,False
RPS6,False,False
RPS6KA1,False,False
RPS6KA2,False,False
RPS6KA3,False,False
RPS6KA4,False,False
RPS6KA5,False,False
RPS6KA6,False,False
RPS6KB1,False,False
RPS6KB2,False,False
RPS7,False,False
RPS8,False,False
RPS9,False,False
RPSA,False,False
RPSAP52,False,False
RPTOR,False,False
RPUSD4,False,False
RRAD,False,False
RRAGA,False,False
RRAGB,False,False
RRAGC,False,False
RRAGD,False,False
RRAS,False,False
RRAS2,False,False
RRBP1,False,False
RREB1,False,False
RRM1,False,True
RRM2,False,True
RRM2B,False,True
RRN3,False,False
RRP15,False,False
RRP36,False,False
RRP8,False,False
RRS1,False,False
RS1,False,False
RSAD2,False,False
RSBN1,False,False
RSBN1L,False,False
RSC1A1,False,False
RSKR,False,False
RSL1D1,False,False
RSL24D1,False,False
RSPH10B,False,False
RSPH10B2,False,False
RSPH3,False,False
RSPH6A,False,False
RSPO1,False,False
RSPO2,False,False
RSPO3,False,False
RSPO4,False,False
RSRC1,False,False
RSRP1,False,False
RSU1,False,False
RTBDN,False,False
RTCA,False,False
RTCB,False,False
RTEL1,False,False
RTEL1-TNFRSF6B,False,False
RTF2,False,False
RTKN,False,False
RTKN2,False,False
RTL1,False,False
RTN1,False,False
RTN3,False,False
RTN4,False,False
RTN4IP1,False,False
RTN4R,False,False
RTN4RL1,False,False
RTN4RL2,False,False
RTP2,False,False
RTP4,False,False
RTRAF,False,False
RTTN,False,False
RUBCN,False,False
RUBCNL,False,False
RUFY1,False,False
RUFY3,False,False
RUFY4,False,False
RUMY1,False,False
RUMY2,False,False
RUMY3,False,False
RUMY4,False,False
RUNX1,False,False
RUNX1T1,False,False
RUNX2,False,False
RUNX3,False,False
RUSC1,False,False
RUSF1,False,False
RUVBL1,False,False
RUVBL2,False,False
RWDD3,False,False
RWDD4,False,False
RXFP1,False,False
RXFP2,False,False
RXFP3,False,False
RXFP4,False,False
RXRA,False,False
RXRB,False,False
RXRG,False,False
RXYLT1,False,False
RYBP,False,False
RYK,False,False
RYR1,False,True
RYR2,False,False
RYR3,False,True
S100A1,False,False
S100A10,False,False
S100A11,False,False
S100A12,False,False
S100A13,False,False
S100A14,False,False
S100A16,False,False
S100A2,False,False
S100A3,False,False
S100A4,False,False
S100A6,False,False
S100A7,False,False
S100A8,False,False
S100A9,False,False
S100B,False,False
S100G,False,False
S100P,False,False
S100PBP,False,False
S100Z,False,False
S1PR1,False,True
S1PR2,False,False
S1PR3,False,False
S1PR4,False,True
S1PR5,False,True
SAA1,False,False
SAA2,False,False
SAA3P,False,False
SAA4,False,False
SACK1A,False,False
SACK1B,False,False
SACK1C,False,False
SACK1D,False,False
SACS,False,False
SAE1,False,False
SAG,False,False
SALL1,False,False
SALL2,False,False
SALL3,False,False
SALL4,False,False
SALRNA1,False,False
SAMD1,False,False
SAMD12,False,False
SAMD3,False,False
SAMD4A,False,False
SAMD4B,False,False
SAMD8,False,False
SAMD9,False,False
SAMD9L,False,False
SAMHD1,False,False
SAMM50,False,False
SAP30,False,False
SAP30BP,False,False
SAPCD1,False,False
SAR1B,False,False
SARAF,False,False
SARDH,False,False
SARM1,False,False
SARS2,False,False
SART1,False,False
SASH1,False,False
SAT1,False,False
SAT2,False,False
SATB1,False,False
SATB2,False,False
SAV1,False,False
SAXO1,False,False
SAXO2,False,False
SAXO4,False,False
SAXO6,False,False
SAYSD1,False,False
SBDS,False,False
SBF1,False,False
SBF2,False,False
SBK1,False,False
SBNO1,False,False
SBNO2,False,False
SC5D,False,False
SCAF11,False,False
SCAF4,False,False
SCAF8,False,False
SCAI,False,False
SCAMP1,False,False
SCAMP2,False,False
SCAMP3,False,False
SCAMP5,False,False
SCAP,False,False
SCARA3,False,False
SCARA5,False,False
SCARB1,False,False
SCARB2,False,False
SCARF1,False,False
SCARF2,False,False
SCCPDH,False,False
SCD,False,False
SCD5,False,False
SCEL,False,False
SCFD2,False,False
SCG2,False,False
SCG3,False,False
SCG5,False,False
SCGB1A1,False,False
SCGB1D4,False,False
SCGB2B3P,False,False
SCGB3A1,False,False
SCGB3A2,False,False
SCGN,False,False
SCHIP1,False,False
SCIMP,False,False
SCLT1,False,False
SCLY,False,False
SCMH1,False,False
SCML4,False,False
SCN10A,False,True
SCN11A,False,True
SCN1A,False,True
SCN1B,False,False
SCN2A,False,True
SCN2B,False,False
SCN3A,False,True
SCN4A,False,True
SCN5A,False,True
SCN7A,False,True
SCN8A,False,True
SCN9A,False,True
SCNN1A,False,True
SCNN1B,True,True
SCNN1D,False,False
SCNN1G,False,True
SCO1,False,False
SCO2,False,False
SCOC,False,False
SCP2,False,False
SCPEP1,False,False
SCRIB,False,False
SCRN1,False,False
SCRN2,False,False
SCRN3,False,False
SCRT1,False,False
SCT,False,False
SCTR,False,False
SCUBE1,False,False
SCUBE2,False,False
SCUBE3,False,False
SCX,False,False
SCYGR4,False,False
SCYGR5,False,False
SCYGR7,False,False
SCYL1,False,False
SCYL3,False,False
SDC1,False,False
SDC2,False,False
SDC3,False,False
SDC4,False,False
SDCBP,False,False
SDCCAG8,False,False
SDF2,False,False
SDF2L1,False,False
SDF4,False,False
SDHA,False,False
SDHAF2,False,False
SDHAF4,False,False
SDHB,False,False
SDHC,False,False
SDHD,False,False
SDK1,False,False
SDR16C5,False,False
SDR39U1,False,False
SDR9C7,False,False
SDS,False,False
SDSL,False,False
SEBOX,False,False
SEC13,False,False
SEC14L1,False,False
SEC14L4,False,False
SEC16A,False,False
SEC16B,False,False
SEC22A,False,False
SEC22B,False,False
SEC23A,False,False
SEC23B,False,False
SEC23IP,False,False
SEC24A,False,False
SEC24B,False,False
SEC24C,False,False
SEC31A,False,False
SEC31B,False,False
SEC61A1,False,False
SEC61A2,False,False
SEC61B,False,False
SEC61G,False,False
SEC62,False,False
SEC63,False,False
SECISBP2,False,False
SECISBP2L,False,False
SECTM1,False,False
SEL1L,False,False
SEL1L3,False,False
SELE,False,False
SELENBP1,False,False
SELENOF,False,False
SELENOH,False,False
SELENOI,False,False
SELENOM,False,False
SELENON,False,False
SELENOP,False,False
SELENOS,False,False
SELENOT,False,False
SELENOV,False,False
SELENOW,False,False
SELL,False,False
SELP,False,False
SELPLG,False,False
SEM1,False,False
SEMA3A,False,False
SEMA3B,False,False
SEMA3C,False,False
SEMA3D,False,False
SEMA3E,False,False
SEMA3F,False,False
SEMA3G,False,False
SEMA4A,False,False
SEMA4C,False,False
SEMA4D,False,False
SEMA4G,False,False
SEMA5A,False,False
SEMA5B,False,False
SEMA6A,False,False
SEMA6D,False,False
SEMA7A,False,False
SENCR,False,False
SENP1,False,False
SENP2,False,False
SENP3,False,False
SENP5,False,False
SENP6,False,False
SENP8,False,False
SEPHS1,False,False
SEPSECS,False,False
SEPTIN1,False,False
SEPTIN11,False,False
SEPTIN14,False,False
SEPTIN2,False,False
SEPTIN5,False,False
SEPTIN7,False,False
SEPTIN9,False,False
SERAC1,False,False
SERBP1,False,False
SERF2,False,False
SERGEF,False,False
SERHL,False,False
SERHL2,False,False
SERINC1,False,False
SERINC2,False,False
SERINC3,False,False
SERINC5,False,False
SERP1,False,False
SERPINA1,False,False
SERPINA10,False,False
SERPINA11,False,False
SERPINA12,False,False
SERPINA2,False,False
SERPINA3,False,False
SERPINA4,False,False
SERPINA5,False,False
SERPINA6,False,False
SERPINA7,False,False
SERPINB1,False,False
SERPINB10,False,False
SERPINB12,False,False
SERPINB13,False,False
SERPINB2,False,False
SERPINB3,False,False
SERPINB5,False,False
SERPINB6,False,False
SERPINB7,False,False
SERPINB8,False,False
SERPINB9,False,False
SERPINC1,False,True
SERPIND1,False,False
SERPINE1,False,False
SERPINE2,False,False
SERPINE3,False,False
SERPINF1,False,False
SERPINF2,False,False
SERPING1,False,False
SERPINH1,False,False
SERPINI1,False,False
SERPINI2,False,False
SERTAD1,False,False
SERTAD2,False,False
SERTAD4,False,False
SESN1,False,False
SESN2,False,False
SESN3,False,False
SESTD1,False,False
SET,False,False
SETBP1,False,False
SETD1A,True,False
SETD2,False,False
SETD5,False,False
SETD7,False,False
SETD9,False,False
SETDB1,False,False
SETDB2,False,False
SETMAR,False,False
SETX,False,False
SEZ6L,False,False
SEZ6L2,False,False
SF1,False,False
SF3A1,False,False
SF3A3,False,False
SF3B1,False,False
SF3B2,False,False
SF3B4,False,False
SF3B5,False,False
SFI1,False,False
SFMBT1,False,False
SFMBT2,False,False
SFN,False,False
SFPQ,False,False
SFRP1,False,False
SFRP2,False,False
SFRP4,False,False
SFRP5,False,False
SFT2D1,False,False
SFTPA1,False,False
SFTPA2,False,False
SFTPB,False,False
SFTPC,False,False
SFTPD,False,False
SFXN1,False,False
SFXN2,False,False
SFXN3,False,False
SFXN4,False,False
SFXN5,False,False
SGCA,False,False
SGCB,False,False
SGCD,False,False
SGCE,False,False
SGCG,False,False
SGCZ,False,False
SGF29,False,False
SGIP1,False,False
SGK1,False,False
SGK2,False,False
SGK3,False,False
SGMS1,False,False
SGMS2,False,False
SGPL1,False,False
SGPP1,False,False
SGPP2,False,False
SGSH,False,False
SGSM1,False,False
SGSM2,False,False
SGTA,False,False
SGTB,False,False
SH2B1,False,False
SH2B2,False,False
SH2B3,True,False
SH2D1A,False,False
SH2D1B,False,False
SH2D2A,False,False
SH2D3C,False,False
SH2D4A,False,False
SH2D4B,False,False
SH2D7,False,False
SH3BGRL,False,False
SH3BGRL2,False,False
SH3BGRL3,False,False
SH3BP2,False,False
SH3BP4,False,False
SH3BP5,False,False
SH3GL2,False,False
SH3GL3,False,False
SH3GLB1,False,False
SH3GLB2,False,False
SH3KBP1,False,False
SH3PXD2A,False,False
SH3PXD2B,False,False
SH3RF2,False,False
SH3RF3,False,False
SH3TC1,False,False
SH3TC2,False,False
SH3YL1,False,False
SHANK1,False,False
SHANK2,False,False
SHANK3,False,False
SHARPIN,False,False
SHB,False,False
SHBG,False,False
SHC1,False,False
SHC2,False,False
SHC3,False,False
SHC4,False,False
SHE,False,False
SHF,False,False
SHH,False,False
SHISA2,False,False
SHISA3,False,False
SHISA4,False,False
SHISA5,False,False
SHISA6,False,False
SHISA9,False,False
SHISAL1,False,False
SHISAL2B,False,False
SHLD1,False,False
SHLD2,True,False
SHMT1,False,False
SHMT2,False,False
SHOC2,False,False
SHOX2,False,False
SHPK,False,False
SHPRH,False,False
SHQ1,False,False
SHROOM1,False,False
SHROOM3,False,False
SHTN1,False,False
SI,False,True
SIAE,False,False
SIAH1,False,False
SIAH2,False,False
SIAH3,False,False
SIDT1,False,False
SIDT2,False,False
SIGIRR,False,False
SIGLEC1,False,False
SIGLEC10,False,False
SIGLEC11,False,False
SIGLEC14,False,False
SIGLEC15,False,False
SIGLEC5,False,False
SIGLEC6,False,False
SIGLEC7,False,False
SIGMAR1,False,True
SIK1,False,False
SIK2,False,False
SIK3,False,False
SIL1,False,False
SIM1,True,False
SIM2,False,False
SIMALR,False,False
SIN3A,False,False
SIN3B,False,False
SINHCAF,False,False
SIPA1,False,False
SIPA1L1,False,False
SIPA1L2,False,False
SIPA1L3,False,False
SIRPA,False,False
SIRPB1,False,False
SIRPG,False,False
SIRT1,True,True
SIRT2,False,False
SIRT3,False,False
SIRT4,False,False
SIRT5,False,False
SIRT6,False,False
SIRT7,False,False
SIT1,False,False
SIVA1,False,False
SIX1,False,False
SIX2,False,False
SIX3,False,False
SIX4,False,False
SIX5,False,False
SIX6,False,False
SKA1,False,False
SKA2,False,False
SKAP1,False,False
SKAP2,False,False
SKI,False,False
SKIC2,False,False
SKIDA1,False,False
SKIL,False,False
SKOR1,False,False
SKP1,False,False
SKP1P1,False,False
SKP2,False,False
SLA,False,False
SLA2,False,False
SLAMF1,False,False
SLAMF6,False,False
SLAMF7,False,False
SLBP,False,False
SLC10A1,False,True
SLC10A2,False,True
SLC10A3,False,False
SLC10A4,False,False
SLC10A7,False,False
SLC11A1,False,False
SLC11A2,False,False
SLC12A1,False,True
SLC12A2,False,False
SLC12A3,False,True
SLC12A4,False,False
SLC12A5,False,False
SLC12A6,False,False
SLC12A7,False,False
SLC12A8,False,False
SLC12A9,False,False
SLC13A1,False,False
SLC13A2,False,False
SLC13A3,False,False
SLC13A5,False,False
SLC14A1,False,False
SLC14A2,False,False
SLC15A1,False,False
SLC15A2,False,False
SLC15A3,False,False
SLC15A4,False,False
SLC15A5,False,False
SLC16A1,False,False
SLC16A10,False,False
SLC16A11,True,False
SLC16A12,False,False
SLC16A13,True,False
SLC16A14,False,False
SLC16A2,False,False
SLC16A3,False,False
SLC16A4,False,False
SLC16A5,False,False
SLC16A6,False,False
SLC16A7,False,False
SLC16A8,False,False
SLC16A9,False,False
SLC17A1,False,False
SLC17A3,False,False
SLC17A4,False,False
SLC17A5,False,False
SLC17A6,False,False
SLC17A7,False,False
SLC17A8,False,False
SLC17A9,False,False
SLC18A1,False,False
SLC18A2,False,True
SLC18A3,False,False
SLC19A2,True,False
SLC19A3,False,False
SLC1A1,False,False
SLC1A2,False,False
SLC1A3,False,False
SLC1A4,False,False
SLC1A5,False,False
SLC1A6,False,False
SLC20A1,False,False
SLC20A2,False,False
SLC22A1,False,False
SLC22A11,False,False
SLC22A12,False,True
SLC22A13,False,False
SLC22A17,False,False
SLC22A2,False,False
SLC22A24,False,False
SLC22A3,False,False
SLC22A31,False,False
SLC22A4,False,False
SLC22A5,False,False
SLC22A6,False,False
SLC22A7,False,False
SLC22A8,False,False
SLC23A1,False,False
SLC23A2,False,False
SLC23A3,False,False
SLC24A1,False,False
SLC24A2,False,False
SLC24A3,False,False
SLC24A4,False,False
SLC24A5,False,False
SLC25A1,False,False
SLC25A10,False,False
SLC25A11,False,False
SLC25A12,False,False
SLC25A13,False,False
SLC25A14,False,False
SLC25A16,False,False
SLC25A17,False,False
SLC25A18,False,False
SLC25A19,False,False
SLC25A2,False,False
SLC25A20,False,False
SLC25A21,False,False
SLC25A24,False,False
SLC25A25,False,False
SLC25A26,False,False
SLC25A27,False,False
SLC25A28,False,False
SLC25A29,False,False
SLC25A3,False,False
SLC25A30,False,False
SLC25A31,False,False
SLC25A32,False,False
SLC25A33,False,False
SLC25A34,False,False
SLC25A35,False,False
SLC25A37,False,False
SLC25A38,False,False
SLC25A39,False,False
SLC25A4,False,False
SLC25A40,False,False
SLC25A44,False,False
SLC25A46,False,False
SLC25A47,False,False
SLC25A5,False,False
SLC25A51,False,False
SLC26A1,False,False
SLC26A11,False,False
SLC26A3,False,False
SLC26A4,False,False
SLC26A5,False,False
SLC26A6,False,False
SLC26A7,False,False
SLC26A8,False,False
SLC26A9,False,False
SLC27A1,False,False
SLC27A2,False,False
SLC27A3,False,False
SLC27A4,False,False
SLC27A5,False,False
SLC27A6,False,False
SLC28A1,False,False
SLC28A2,False,False
SLC28A3,False,False
SLC29A1,False,False
SLC29A2,False,False
SLC29A3,True,False
SLC29A4,False,False
SLC2A1,False,False
SLC2A10,False,False
SLC2A11,False,False
SLC2A12,False,False
SLC2A13,False,False
SLC2A14,False,False
SLC2A2,True,False
SLC2A3,False,False
SLC2A4,True,False
SLC2A4RG,False,False
SLC2A5,False,False
SLC2A6,False,False
SLC2A8,False,False
SLC2A9,False,False
SLC30A1,False,False
SLC30A10,False,False
SLC30A2,False,False
SLC30A3,False,False
SLC30A4,False,False
SLC30A5,False,False
SLC30A6,False,False
SLC30A7,False,False
SLC30A8,True,False
SLC30A9,False,False
SLC31A1,False,False
SLC31A2,False,False
SLC32A1,False,False
SLC33A2,False,False
SLC34A1,False,False
SLC34A2,False,False
SLC35A2,False,False
SLC35A3,False,False
SLC35A4,False,False
SLC35B3,False,False
SLC35B4,False,False
SLC35C1,False,False
SLC35D1,False,False
SLC35D3,False,False
SLC35D4,False,False
SLC35E2B,False,False
SLC35F2,False,False
SLC35F3,False,False
SLC35F4,False,False
SLC35G2,False,False
SLC36A2,False,False
SLC36A4,False,False
SLC37A1,False,False
SLC37A3,False,False
SLC37A4,False,False
SLC38A1,False,False
SLC38A10,False,False
SLC38A11,False,False
SLC38A2,False,False
SLC38A3,False,False
SLC38A4,False,False
SLC38A5,False,False
SLC38A6,False,False
SLC38A7,False,False
SLC38A8,False,False
SLC38A9,False,False
SLC39A1,False,False
SLC39A10,False,False
SLC39A11,False,False
SLC39A12,False,False
SLC39A13,False,False
SLC39A14,False,False
SLC39A2,False,False
SLC39A4,False,False
SLC39A5,False,False
SLC39A6,False,False
SLC39A7,False,False
SLC39A8,False,False
SLC3A1,False,False
SLC3A2,False,False
SLC40A1,False,False
SLC41A1,False,False
SLC41A2,False,False
SLC41A3,False,False
SLC43A1,False,False
SLC43A2,False,False
SLC44A1,False,False
SLC44A2,False,False
SLC44A3,False,False
SLC44A4,False,False
SLC44A5,False,False
SLC45A1,False,False
SLC45A3,False,False
SLC45A4,False,False
SLC46A1,False,False
SLC47A1,False,False
SLC47A2,False,False
SLC48A1,False,False
SLC49A3,False,False
SLC49A4,False,False
SLC4A1,False,False
SLC4A10,False,False
SLC4A11,False,False
SLC4A2,False,False
SLC4A3,False,False
SLC4A4,False,False
SLC4A5,False,False
SLC4A7,False,False
SLC50A1,False,False
SLC51A,False,False
SLC51B,False,False
SLC52A1,False,False
SLC52A2,False,False
SLC52A3,False,False
SLC5A1,False,True
SLC5A10,False,False
SLC5A11,False,False
SLC5A12,False,False
SLC5A2,True,True
SLC5A3,False,False
SLC5A4,False,False
SLC5A5,False,False
SLC5A7,False,False
SLC5A8,False,False
SLC5A9,False,False
SLC60A2,False,False
SLC61A1,False,False
SLC66A3,False,False
SLC67A1,False,False
SLC67A2,False,False
SLC68A1,False,False
SLC6A1,False,False
SLC6A10P,False,False
SLC6A11,False,False
SLC6A12,False,False
SLC6A13,False,False
SLC6A14,False,False
SLC6A15,False,False
SLC6A17,False,False
SLC6A18,False,False
SLC6A19,False,False
SLC6A2,False,True
SLC6A20,False,False
SLC6A3,False,True
SLC6A4,False,True
SLC6A5,False,False
SLC6A6,False,False
SLC6A7,False,False
SLC6A8,False,False
SLC6A9,False,False
SLC71A1,False,False
SLC71A2,False,False
SLC75A1,False,False
SLC7A1,False,False
SLC7A10,False,False
SLC7A11,False,False
SLC7A14,False,False
SLC7A2,False,False
SLC7A4,False,False
SLC7A5,False,False
SLC7A7,False,False
SLC7A8,False,False
SLC7A9,False,False
SLC8A1,False,False
SLC8A3,False,False
SLC8B1,False,False
SLC9A1,False,False
SLC9A2,False,False
SLC9A3,False,False
SLC9A3-AS1,False,False
SLC9A4,False,False
SLC9A6,False,False
SLC9A8,False,False
SLC9B1,False,False
SLC9B2,False,False
SLC9C1,False,False
SLC9C2,False,False
SLCO1A2,False,False
SLCO1B1,False,False
SLCO1B3,False,False
SLCO1B3-SLCO1B7,False,False
SLCO1B7,False,False
SLCO1C1,False,False
SLCO2A1,False,False
SLCO2B1,False,False
SLCO3A1,False,False
SLCO4A1,False,False
SLCO4C1,False,False
SLCO5A1,False,False
SLCO6A1,False,False
SLF1,False,False
SLFN5,False,False
SLFNL1,False,False
SLIRP,False,False
SLIT1,False,False
SLIT2,False,False
SLIT3,False,False
SLITRK1,False,False
SLITRK2,False,False
SLITRK3,False,False
SLITRK5,False,False
SLITRK6,False,False
SLK,False,False
SLMAP,False,False
SLN,False,False
SLPI,False,False
SLTM,False,False
SLU7,False,False
SLURP1,False,False
SLX4,False,False
SLX4IP,False,False
SLX9,False,False
SMAD1,False,False
SMAD2,False,False
SMAD3,False,False
SMAD4,False,False
SMAD5,False,False
SMAD6,False,False
SMAD7,False,False
SMAD9,False,False
SMAP2,False,False
SMARCA1,False,False
SMARCA2,False,False
SMARCA4,False,False
SMARCA5,False,False
SMARCAD1,False,False
SMARCAL1,False,False
SMARCC1,False,False
SMARCD1,False,False
SMARCD2,False,False
SMARCD3,False,False
SMARCE1,False,False
SMC1A,False,False
SMC3,False,False
SMC4,False,False
SMC5,False,False
SMC6,False,False
SMCHD1,False,False
SMCO2,False,False
SMCO4,False,False
SMDT1,False,False
SMG1,False,False
SMG6,False,False
SMG7,False,False
SMG8,False,False
SMG9,False,False
SMILR,False,False
SMIM12,False,False
SMIM13,False,False
SMIM15,False,False
SMIM20,False,False
SMIM21,False,False
SMIM24,False,False
SMIM26,False,False
SMIM29,False,False
SMIM31,False,False
SMIM32,False,False
SMIM35,False,False
SMIM38,False,False
SMLR1,False,False
SMN1,False,False
SMN2,False,False
SMO,False,False
SMOC1,False,False
SMOC2,False,False
SMOX,False,False
SMPD1,False,False
SMPD2,False,False
SMPD3,False,False
SMPD4,True,False
SMPDL3B,False,False
SMPX,False,False
SMR3B,False,False
SMS,False,False
SMTN,False,False
SMTNL1,False,False
SMTNL2,False,False
SMUG1,False,False
SMURF1,False,False
SMURF2,False,False
SMYD1,False,False
SMYD2,False,False
SMYD3,False,False
SMYD4,False,False
SNAI1,False,False
SNAI2,False,False
SNAP23,False,False
SNAP25,False,True
SNAP29,False,False
SNAP47,False,False
SNAP91,False,False
SNAPC2,False,False
SNAPC3,False,False
SNAPC4,False,False
SNAPIN,False,False
SNCA,False,False
SNCAIP,False,False
SNCB,False,False
SNCG,False,False
SND1,False,False
SNED1,False,False
SNF8,False,False
SNHG1,False,False
SNHG11,False,False
SNHG12,False,False
SNHG14,False,False
SNHG15,False,False
SNHG16,False,False
SNHG17,False,False
SNHG32,False,False
SNHG5,False,False
SNHG6,False,False
SNHG7,False,False
SNHG9,False,False
SNORA101B,False,False
SNORC,False,False
SNORD11,False,False
SNORD14,False,False
SNORD46,False,False
SNORD55,False,False
SNRK,False,False
SNRNP200,False,False
SNRNP40,False,False
SNRNP48,False,False
SNRNP70,False,False
SNRPA1,False,False
SNRPB,False,False
SNRPB2,False,False
SNRPC,False,False
SNRPD1,False,False
SNRPD2,False,False
SNRPD3,False,False
SNRPE,False,False
SNRPF,False,False
SNRPG,False,False
SNRPN,False,False
SNTA1,False,False
SNTB1,False,False
SNTB2,False,False
SNTG1,False,False
SNTG2,False,False
SNUPN,False,False
SNURF,False,False
SNW1,False,False
SNX1,False,False
SNX10,False,False
SNX11,False,False
SNX12,False,False
SNX13,False,False
SNX14,False,False
SNX15,False,False
SNX16,False,False
SNX17,False,False
SNX18,False,False
SNX19,False,False
SNX2,False,False
SNX20,False,False
SNX22,False,False
SNX24,False,False
SNX25,False,False
SNX27,False,False
SNX29,False,False
SNX31,False,False
SNX32,False,False
SNX33,False,False
SNX5,False,False
SNX6,False,False
SNX7,False,False
SNX8,False,False
SNX9,False,False
SOAT1,False,True
SOAT2,False,False
SOCS1,False,False
SOCS2,False,False
SOCS3,False,False
SOCS4,False,False
SOCS5,False,False
SOCS6,False,False
SOCS7,False,False
SOD1,False,False
SOD2,False,False
SOD3,False,False
SOHLH1,False,False
SOHLH2,False,False
SORBS1,False,False
SORBS2,False,False
SORBS3,False,False
SORCS1,False,False
SORCS2,False,False
SORCS3,False,False
SORD,False,False
SORL1,False,False
SORT1,False,False
SOS1,False,False
SOS2,False,False
SOST,False,False
SOSTDC1,False,False
SOWAHB,False,False
SOX1,False,False
SOX10,False,False
SOX11,False,False
SOX12,False,False
SOX13,False,False
SOX15,False,False
SOX17,False,False
SOX2,False,False
SOX2-OT,False,False
SOX21,False,False
SOX30,False,False
SOX4,False,False
SOX5,False,False
SOX6,False,False
SOX7,False,False
SOX8,False,False
SOX9,False,False
SP1,False,False
SP100,False,False
SP110,False,False
SP2,False,False
SP3,False,False
SP5,False,False
SP6,False,False
SP7,False,False
SP8,False,False
SP9,False,False
SPACA1,False,False
SPACA5,False,False
SPACA7,False,False
SPADH,False,False
SPAG1,False,False
SPAG16,False,False
SPAG17,False,False
SPAG4,False,False
SPAG5,False,False
SPAG7,False,False
SPAG8,False,False
SPAG9,False,False
SPAM1,False,False
SPARC,False,False
SPARCL1,False,False
SPART,False,False
SPAST,False,False
SPATA13,False,False
SPATA16,False,False
SPATA18,False,False
SPATA19,False,False
SPATA2,False,False
SPATA20,False,False
SPATA31C2,False,False
SPATA31H1,False,False
SPATA6,False,False
SPATA6L,False,False
SPATA7,False,False
SPATS2,False,False
SPATS2L,False,False
SPC25,False,False
SPCS1,False,False
SPCS2,False,False
SPDEF,False,False
SPDL1,False,False
SPDYE17,False,False
SPDYE18,False,False
SPDYE2,False,False
SPDYE6,False,False
SPECC1L,False,False
SPECC1L-ADORA2A,False,False
SPEF2,False,False
SPEG,False,False
SPEGNB,False,False
SPEN,False,False
SPG11,False,False
SPG7,False,False
SPHK1,False,False
SPHK2,False,False
SPHKAP,False,False
SPI1,False,False
SPICE1,False,False
SPIN1,False,False
SPIN2A,False,False
SPIN2B,False,False
SPIN3,False,False
SPIN4,False,False
SPINK1,True,False
SPINK13,False,False
SPINK5,False,False
SPINK8,False,False
SPINK9,False,False
SPINT1,False,False
SPINT2,False,False
SPINT4,False,False
SPIRE1,False,False
SPIRE2,False,False
SPMAP2L,False,False
SPMIP4,False,False
SPMIP5,False,False
SPMIP7,False,False
SPMIP8,False,False
SPN,False,False
SPNS1,False,False
SPNS2,False,False
SPNS3,False,False
SPO11,False,False
SPOCD1,False,False
SPOCK1,False,False
SPOCK2,False,False
SPOCK3,False,False
SPON1,False,False
SPON2,False,False
SPOP,False,False
SPOPL,False,False
SPP1,False,False
SPP2,False,False
SPPL2A,False,False
SPPL2B,False,False
SPPL2C,False,False
SPPL3,False,False
SPR,False,False
SPRED1,False,False
SPRED2,False,False
SPRN,False,False
SPRR1A,False,False
SPRR2A,False,False
SPRR2D,False,False
SPRR2G,False,False
SPRR3,False,False
SPRY1,False,False
SPRY2,False,False
SPRY4,False,False
SPRYD3,False,False
SPRYD4,False,False
SPRYD7,False,False
SPTA1,False,False
SPTAN1,False,False
SPTB,False,False
SPTBN1,False,False
SPTBN2,False,False
SPTBN4,False,False
SPTBN5,False,False
SPTLC1,False,False
SPTLC2,False,False
SPTLC3,False,False
SPTSSA,False,False
SPTSSB,False,False
SPTY2D1,False,False
SPX,False,False
SPZ1,False,False
SQLE,False,False
SQOR,False,False
SQSTM1,False,False
SRA1,False,False
SRARP,False,False
SRBD1,False,False
SRC,False,False
SRCIN1,False,False
SRD5A1,False,False
SRD5A2,False,False
SREBF1,False,False
SREBF2,False,False
SREBF2-AS1,False,False
SREK1,False,False
SRF,False,False
SRFBP1,False,False
SRGAP2,False,False
SRGAP3,False,False
SRGN,False,False
SRI,False,False
SRM,False,False
SRP14,False,False
SRP54,False,False
SRP68,False,False
SRP72,False,False
SRP9,False,False
SRPK1,False,False
SRPK2,False,False
SRPK3,False,False
SRPX2,False,False
SRR,False,False
SRRM2,False,False
SRRM3,False,False
SRRM4,False,False
SRRT,False,False
SRSF1,False,False
SRSF10,False,False
SRSF2,False,False
SRSF3,False,False
SRSF5,False,False
SRSF6,False,False
SRSF7,False,False
SRSF8,False,False
SRXN1,False,False
SRY,False,False
SS18,False,False
SS18L1,False,False
SSB,False,False
SSBP1,False,False
SSBP2,False,False
SSBP3,False,False
SSBP4,False,False
SSC4D,False,False
SSH2,False,False
SSNA1,False,False
SSPN,False,False
SSPOP,False,False
SSR1,False,False
SSR2,False,False
SSR3,False,False
SSR4,False,False
SSRP1,False,False
SST,False,False
SSTR1,False,True
SSTR2,False,True
SSTR3,False,True
SSTR4,False,True
SSTR5,False,True
SSU72,False,False
SSUH2,False,False
SSX2IP,False,False
SSX7,False,False
ST13,False,False
ST14,False,False
ST18,False,False
ST3GAL2,False,False
ST3GAL3,False,False
ST3GAL4,False,False
ST3GAL5,False,False
ST3GAL6,False,False
ST6GAL1,False,False
ST6GALNAC1,False,False
ST6GALNAC2,False,False
ST6GALNAC3,False,False
ST6GALNAC4,False,False
ST7,False,False
ST7L,False,False
ST8SIA1,False,False
ST8SIA2,False,False
ST8SIA4,False,False
ST8SIA6,False,False
ST8SIA6-AS1,False,False
STAB1,False,False
STAB2,False,False
STAC3,False,False
STAG1,False,False
STAG2,False,False
STAG3,False,False
STAM,False,False
STAM2,True,False
STAMBP,False,False
STAMBPL1,False,False
STAP1,False,False
STAP2,False,False
STAR,False,False
STARD10,False,False
STARD13,False,False
STARD3,False,False
STARD4,False,False
STARD7,False,False
STARD8,False,False
STAT1,False,False
STAT2,False,False
STAT3,True,False
STAT4,False,False
STAT5A,False,False
STAT5B,False,False
STAT6,False,False
STATH,False,False
STAU2,False,False
STBD1,False,False
STC1,False,False
STC2,False,False
STEAP1,False,False
STEAP2,False,False
STEAP3,False,False
STEAP4,False,False
STH,False,False
STIM1,False,False
STIM2,False,False
STIMATE,False,False
STING1,False,False
STIP1,False,False
STK10,False,False
STK11,False,False
STK17A,False,False
STK17B,False,False
STK24,False,False
STK25,False,False
STK26,False,False
STK3,False,False
STK31,False,False
STK32A,False,False
STK32B,False,False
STK32C,False,False
STK33,False,False
STK35,False,False
STK36,False,False
STK38,False,False
STK38L,False,False
STK39,False,False
STK4,False,False
STMN1,False,False
STMN2,False,False
STMN3,False,False
STMN4,False,False
STMP1,False,False
STN1,False,False
STOML1,False,False
STOML2,False,False
STON1,False,False
STON2,False,False
STOX1,False,False
STOX2,False,False
STRA6,False,False
STRADA,False,False
STRBP,False,False
STRC,False,False
STRCP1,False,False
STRIP2,False,False
STRIT1,False,False
STRN,False,False
STRN3,False,False
STRN4,False,False
STS,False,False
STT3A,False,False
STT3B,False,False
STUB1,False,False
STX10,False,False
STX12,False,False
STX16,False,False
STX16-NPEPL1,False,False
STX17,False,False
STX18,False,False
STX19,False,False
STX1A,False,False
STX1B,False,False
STX2,False,False
STX3,False,False
STX4,False,False
STX5,False,False
STX6,False,False
STX7,False,False
STX8,False,False
STXBP1,False,False
STXBP2,False,False
STXBP3,False,False
STXBP5,False,False
STXBP5L,False,False
STXBP6,False,False
STYK1,False,False
STYX,False,False
STYXL1,False,False
SUB1,False,False
SUCLA2,False,False
SUCLG1,False,False
SUCLG2,False,False
SUCNR1,False,False
SUCO,False,False
SUDS3,False,False
SUFU,False,False
SUGCT,False,False
SUGP1,False,False
SUGP2,False,False
SULF1,False,False
SULF2,False,False
SULT1A1,False,False
SULT1A2,False,False
SULT1A3,False,False
SULT1A4,False,False
SULT1C2,False,False
SULT1C3,False,False
SULT1C4,False,False
SULT1E1,False,False
SULT2A1,False,False
SULT2B1,False,False
SUMF1,False,False
SUMF2,False,False
SUMO1,False,False
SUMO1P1,False,False
SUMO2,False,False
SUMO3,False,False
SUMO4,True,False
SUN1,False,False
SUN2,False,False
SUN5,False,False
SUOX,False,False
SUPT20H,False,False
SUPV3L1,False,False
SURF1,False,False
SURF4,False,False
SUSD2,False,False
SUSD5,False,False
SUSD6,False,False
SUV39H1,False,False
SUV39H2,False,False
SUZ12,False,False
SV2A,False,False
SV2B,False,False
SV2C,False,False
SVEP1,False,False
SVIL,False,False
SVIP,False,False
SVOPL,False,False
SWAP70,False,False
SYBU,False,False
SYCE1,False,False
SYCE1L,False,False
SYCE2,False,False
SYCP1,False,False
SYCP2L,False,False
SYCP3,False,False
SYK,False,False
SYMPK,False,False
SYN1,False,False
SYN2,False,False
SYN3,False,False
SYNDIG1,False,False
SYNDIG1L,False,False
SYNE1,False,False
SYNE2,False,False
SYNGAP1,False,False
SYNGR1,False,False
SYNGR2,False,False
SYNJ1,False,False
SYNJ2,False,False
SYNM,False,False
SYNPO,False,False
SYNPO2L,False,False
SYNRG,False,False
SYP,False,False
SYT1,False,False
SYT10,False,False
SYT11,False,False
SYT12,False,False
SYT13,False,False
SYT14,False,False
SYT15,False,False
SYT16,False,False
SYT2,False,False
SYT3,False,False
SYT4,False,False
SYT5,False,False
SYT7,False,False
SYT8,False,False
SYT9,False,False
SYTL1,False,False
SYTL2,False,False
SYTL3,False,False
SYTL4,False,False
SYVN1,False,False
SZT2,False,False
TAAR1,False,False
TAAR3P,False,False
TAB1,False,False
TAB2,True,False
TAC1,False,False
TAC3,False,False
TAC4,False,False
TACC1,False,False
TACC2,False,False
TACO1,False,False
TACR1,False,True
TACR2,False,False
TACR3,False,False
TACSTD2,False,False
TADA1,False,False
TAF1,False,False
TAF11,False,False
TAF15,False,False
TAF1B,False,False
TAF1C,False,False
TAF1D,False,False
TAF2,False,False
TAF3,False,False
TAF4B,False,False
TAF5L,False,False
TAF7L,False,False
TAF8,False,False
TAFA2,False,False
TAFA3,False,False
TAFA5,False,False
TAFAZZIN,False,False
TAGAP,False,False
TAGLN,False,False
TAGLN2,False,False
TAGLN3,False,False
TAL1,False,False
TALDO1,False,False
TAMALIN,False,False
TANC1,False,False
TANGO2,False,False
TANK,False,False
TAOK1,False,False
TAOK2,False,False
TAOK3,False,False
TAP1,False,False
TAP2,False,False
TAPBP,False,False
TAPT1,False,False
TARBP2,False,False
TARDBP,False,False
TARID,False,False
TARP,False,False
TARS1,False,False
TARS2,False,False
TARS3,False,False
TAS1R1,False,False
TAS1R2,False,False
TAS1R3,False,False
TAS2R1,False,False
TAS2R14,False,False
TAS2R16,False,False
TAS2R18P,False,False
TAS2R19,False,False
TAS2R20,False,False
TAS2R38,False,False
TAS2R4,False,False
TAS2R5,False,False
TAS2R63P,False,False
TAS2R6P,False,False
TAS2R7,False,False
TAS2R9,False,False
TASL,False,False
TASP1,False,False
TAT,False,False
TATDN1,False,False
TATDN2,False,False
TAX1BP1,False,False
TAX1BP3,False,False
TBATA,False,False
TBC1D1,False,False
TBC1D10C,False,False
TBC1D12,False,False
TBC1D15,False,False
TBC1D16,False,False
TBC1D17,False,False
TBC1D19,False,False
TBC1D2,False,False
TBC1D20,False,False
TBC1D2B,False,False
TBC1D3,False,False
TBC1D30,False,False
TBC1D32,False,False
TBC1D3F,False,False
TBC1D3L,False,False
TBC1D4,True,False
TBC1D5,False,False
TBC1D7,False,False
TBCA,False,False
TBCB,False,False
TBCC,False,False
TBCD,False,False
TBCE,False,False
TBCEL,False,False
TBCEL-TECTA,False,False
TBK1,False,False
TBL1X,False,False
TBL1XR1,False,False
TBL1Y,False,False
TBL2,False,False
TBL3,False,False
TBP,False,False
TBPL1,False,False
TBPL2,False,False
TBR1,False,False
TBRG4,False,False
TBX1,False,False
TBX10,False,False
TBX15,False,False
TBX18,False,False
TBX19,False,False
TBX2,False,False
TBX20,False,False
TBX21,False,False
TBX3,False,False
TBX4,False,False
TBX5,False,False
TBX6,False,False
TBXA2R,False,False
TBXAS1,False,False
TBXT,False,False
TCAF1,False,False
TCAF2,False,False
TCAF2C,False,False
TCAP,False,False
TCEA1,False,False
TCEA2,False,False
TCERG1,False,False
TCERG1L,False,False
TCF12,True,False
TCF15,False,False
TCF19,False,False
TCF20,False,False
TCF21,False,False
TCF25,False,False
TCF3,False,False
TCF4,True,False
TCF7,False,False
TCF7L2,True,False
TCFL5,False,False
TCHH,False,False
TCHP,False,False
TCIM,False,False
TCIRG1,False,False
TCL1A,False,False
TCL1B,False,False
TCN1,False,False
TCN2,False,False
TCOF1,False,False
TCP10L,False,False
TCP11,False,False
TCP11L2,False,False
TCTA,False,False
TCTN2,False,False
TDG,False,False
TDH,False,False
TDO2,False,False
TDP1,False,False
TDP2,False,False
TDRD10,False,False
TDRD12,False,False
TDRD5,False,False
TDRD6,False,False
TDRD7,False,False
TDRD9,False,False
TDRKH,False,False
TDRP,False,False
TEAD1,False,False
TEAD2,False,False
TEAD3,False,False
TEAD4,False,False
TEC,False,True
TECPR1,False,False
TECR,False,False
TECRL,False,False
TECTA,False,False
TECTB,False,False
TEDC1,False,False
TEDDM1,False,False
TEF,False,False
TEFM,False,False
TEK,False,False
TEKT1,False,False
TEKT3,False,False
TEKT4,False,False
TEN1,False,False
TEN1-CDK3,False,False
TENM2,False,False
TENM3,False,False
TENM4,False,False
TENT2,False,False
TENT4A,False,False
TENT5A,False,False
TENT5B,False,False
TENT5C,False,False
TEP1,False,False
TEPSIN,False,False
TERC,False,False
TERF1,False,False
TERF2,False,False
TERF2IP,False,False
TERT,False,False
TES,False,False
TESMIN,False,False
TET1,False,False
TET2,False,False
TET3,False,False
TEX10,False,False
TEX15,False,False
TEX2,False,False
TEX26,False,False
TEX261,False,False
TEX29,False,False
TEX46,False,False
TEX53,False,False
TF,False,False
TFAM,False,False
TFAP2A,False,False
TFAP2B,False,False
TFAP2C,False,False
TFAP2D,False,False
TFAP2E,False,False
TFAP4,False,False
TFB1M,False,False
TFB2M,False,False
TFCP2,False,False
TFCP2L1,False,False
TFDP1,False,False
TFDP2,False,False
TFDP3,False,False
TFE3,False,False
TFEB,False,False
TFEC,False,False
TFF1,False,False
TFF2,False,False
TFF3,False,False
TFG,False,False
TFIP11,False,False
TFPI,False,False
TFPI2,False,False
TFR2,False,False
TFRC,False,False
TG,False,False
TGFA,False,False
TGFB1,False,False
TGFB1I1,False,False
TGFB2,False,False
TGFB3,False,False
TGFBI,False,False
TGFBR1,False,False
TGFBR2,False,False
TGFBR3,False,False
TGFBR3L,False,False
TGFBRAP1,False,False
TGIF1,False,False
TGIF2,False,False
TGM2,False,False
TGM3,False,False
TGM4,False,False
TGM7,False,False
TGS1,False,False
TH,True,False
THADA,False,False
THAP12,False,False
THAP2,False,False
THAP3,False,False
THAP5,False,False
THBD,False,False
THBS1,False,False
THBS2,False,False
THBS3,False,False
THBS4,False,False
THEM4,False,False
THEMIS,False,False
THEMIS2,False,False
THG1L,False,False
THNSL1,False,False
THOC3,False,False
THOC5,False,False
THOC7,False,False
THOP1,False,False
THORLNC,False,False
THPO,False,False
THRA,False,True
THRAP3,False,False
THRAP3P1,False,False
THRB,False,True
THRIL,False,False
THRSP,False,False
THSD1,False,False
THSD4,False,False
THSD7A,False,False
THSD7B,False,False
THUMPD2,False,False
THUMPD3,False,False
THUMPD3-AS1,False,False
THY1,False,False
TIA1,False,False
TIAL1,False,False
TIAM1,False,False
TIAM2,False,False
TICAM1,False,False
TICAM2,False,False
TIE1,False,False
TIFA,False,False
TIGAR,False,False
TIGD1,False,False
TIGD2,False,False
TIGD3,False,False
TIGD4,False,False
TIGIT,False,False
TIMD4,False,False
TIMELESS,False,False
TIMM13,False,False
TIMM17B,False,False
TIMM22,False,False
TIMM23,False,False
TIMM44,False,False
TIMM8A,False,False
TIMM9,False,False
TIMP1,False,False
TIMP2,False,False
TIMP3,False,False
TIMP4,False,False
TINAG,False,False
TINAGL1,False,False
TINCR,False,False
TINF2,False,False
TIPARP,False,False
TIPE1,False,False
TIPE2,False,False
TIPE3,False,False
TIRAP,False,False
TJAP1,False,False
TJP1,False,False
TJP2,False,False
TJP3,False,False
TK1,False,False
TKFC,False,False
TKT,False,False
TKTL1,False,False
TKTL2,False,False
TLCD2,False,False
TLCD3A,False,False
TLCD3B,False,False
TLCD4,False,False
TLCD5,False,False
TLE1,False,False
TLE2,False,False
TLE3,False,False
TLE4,False,False
TLE5,False,False
TLE7,False,False
TLK2,False,False
TLL1,False,False
TLN1,False,False
TLN2,False,False
TLR1,False,False
TLR10,False,False
TLR12P,False,False
TLR2,False,False
TLR3,False,False
TLR4,False,True
TLR5,False,False
TLR6,False,False
TLR7,False,True
TLR8,False,False
TLR9,False,True
TLX1,False,False
TLX2,False,False
TM2D1,False,False
TM4SF1,False,False
TM4SF4,False,False
TM6SF1,False,False
TM6SF2,False,False
TM7SF2,False,False
TM7SF3,False,False
TM9SF1,False,False
TM9SF2,False,False
TM9SF4,False,False
TMA7,False,False
TMBIM1,False,False
TMBIM4,False,False
TMBIM6,False,False
TMC1,False,False
TMC6,False,False
TMC7,False,False
TMC8,False,False
TMCC1,False,False
TMCC2,False,False
TMCC3,False,False
TMCO1,False,False
TMCO4,False,False
TMCO5A,False,False
TMED10,False,False
TMED10P1,False,False
TMED2,False,False
TMED3,False,False
TMED6,False,False
TMED9,False,False
TMEFF1,False,False
TMEFF2,False,False
TMEM100,False,False
TMEM102,False,False
TMEM106A,False,False
TMEM106B,False,False
TMEM106C,False,False
TMEM107,False,False
TMEM11,False,False
TMEM114,False,False
TMEM116,False,False
TMEM117,False,False
TMEM119,False,False
TMEM120A,True,False
TMEM120B,False,False
TMEM121,False,False
TMEM128,False,False
TMEM129,False,False
TMEM131L,False,False
TMEM132A,False,False
TMEM132B,False,False
TMEM132C,False,False
TMEM132D,False,False
TMEM135,False,False
TMEM139,False,False
TMEM144,False,False
TMEM150C,False,False
TMEM151A,False,False
TMEM154,False,False
TMEM158,False,False
TMEM160,False,False
TMEM161B,False,False
TMEM163,False,False
TMEM165,False,False
TMEM167A,False,False
TMEM17,False,False
TMEM170A,False,False
TMEM170B,False,False
TMEM174,False,False
TMEM175,False,False
TMEM176A,False,False
TMEM176B,False,False
TMEM178A,False,False
TMEM178B,False,False
TMEM18,False,False
TMEM182,False,False
TMEM184A,False,False
TMEM184B,False,False
TMEM185B,False,False
TMEM19,False,False
TMEM190,False,False
TMEM191A,False,False
TMEM198,False,False
TMEM200A,False,False
TMEM200C,False,False
TMEM201,False,False
TMEM204,False,False
TMEM205,False,False
TMEM212,False,False
TMEM216,False,False
TMEM218,False,False
TMEM219,False,False
TMEM225B,False,False
TMEM229B,False,False
TMEM230,False,False
TMEM233,False,False
TMEM237,False,False
TMEM244,False,False
TMEM245,False,False
TMEM247,False,False
TMEM248,False,False
TMEM252,False,False
TMEM255B,False,False
TMEM258,False,False
TMEM259,False,False
TMEM26,False,False
TMEM263,False,False
TMEM266,False,False
TMEM268,False,False
TMEM270,False,False
TMEM271,False,False
TMEM33,False,False
TMEM35B,False,False
TMEM37,False,False
TMEM39A,False,False
TMEM41A,False,False
TMEM43,False,False
TMEM51,False,False
TMEM53,False,False
TMEM54,False,False
TMEM59L,False,False
TMEM60,False,False
TMEM61,False,False
TMEM63B,False,False
TMEM64,False,False
TMEM67,False,False
TMEM68,False,False
TMEM69,False,False
TMEM70,False,False
TMEM74B,False,False
TMEM79,False,False
TMEM80,False,False
TMEM81,False,False
TMEM82,False,False
TMEM87A,False,False
TMEM87B,False,False
TMEM91,False,False
TMEM94,False,False
TMEM97,False,False
TMEM9B,False,False
TMF1,False,False
TMOD1,False,False
TMOD3,False,False
TMPO,False,False
TMPRSS11A,False,False
TMPRSS11D,False,False
TMPRSS15,False,False
TMPRSS2,False,False
TMPRSS3,False,False
TMPRSS4,False,False
TMPRSS5,False,False
TMPRSS6,False,False
TMPRSS7,False,False
TMPRSS9,False,False
TMSB10,False,False
TMSB4X,False,False
TMSB4XP8,False,False
TMT1A,False,False
TMT1B,False,False
TMTC1,False,False
TMTC2,False,False
TMTC4,False,False
TMUB1,False,False
TNC,False,False
TNF,False,True
TNFAIP1,False,False
TNFAIP2,False,False
TNFAIP3,False,False
TNFAIP6,False,False
TNFAIP8,False,False
TNFRSF10A,False,False
TNFRSF10B,False,False
TNFRSF10C,False,False
TNFRSF10D,False,False
TNFRSF11A,False,False
TNFRSF11B,False,False
TNFRSF12A,False,False
TNFRSF13B,False,False
TNFRSF13C,False,False
TNFRSF14,False,False
TNFRSF17,False,False
TNFRSF18,False,False
TNFRSF19,False,False
TNFRSF1A,False,False
TNFRSF1B,False,False
TNFRSF21,False,False
TNFRSF25,False,False
TNFRSF4,False,False
TNFRSF6B,False,False
TNFRSF8,False,False
TNFRSF9,False,False
TNFSF10,False,False
TNFSF11,False,True
TNFSF12,False,False
TNFSF13,False,False
TNFSF13B,False,False
TNFSF14,False,False
TNFSF15,False,False
TNFSF18,False,False
TNFSF4,False,False
TNFSF8,False,False
TNFSF9,False,False
TNIK,True,False
TNIP1,False,False
TNIP2,False,False
TNKS,False,False
TNKS2,False,False
TNMD,False,False
TNN,False,False
TNNC1,False,False
TNNC2,False,False
TNNI1,False,False
TNNI2,False,False
TNNI3,False,False
TNNI3K,False,False
TNNT1,False,False
TNNT2,False,False
TNNT3,False,False
TNP2,False,False
TNPO1,False,False
TNPO1-DT,False,False
TNR,False,False
TNRC18,False,False
TNRC6A,False,False
TNRC6B,False,False
TNS1,False,False
TNS2,False,False
TNS3,False,False
TNXA,False,False
TNXB,False,False
TOGARAM1,False,False
TOGARAM2,False,False
TOLLIP,False,False
TOM1,False,False
TOM1L2,False,False
TOMM20,False,False
TOMM20L,False,False
TOMM22,False,False
TOMM40,False,False
TOMM5,False,False
TOMM6,False,False
TOMM7,False,False
TOMM70,False,False
TOMT,False,False
TONSL,False,False
TOP1,False,False
TOP1MT,False,False
TOP2A,False,False
TOP3B,False,False
TOPBP1,False,False
TOPORS,False,False
TOR1A,False,False
TOR1B,False,False
TOR2A,False,False
TOR3A,False,False
TOX,False,False
TOX2,False,False
TOX3,False,False
TOX4,False,False
TP53,False,False
TP53AIP1,False,False
TP53BP1,False,False
TP53BP2,False,False
TP53INP1,False,False
TP53INP2,False,False
TP53RK,False,False
TP53TG1,False,False
TP53TG3,False,False
TP53TG3D,False,False
TP63,False,False
TP73,False,False
TPBG,False,False
TPCN1,False,False
TPCN2,False,False
TPD52,False,False
TPGS1,False,False
TPGS2,False,False
TPH1,False,False
TPH2,False,False
TPI1,False,False
TPK1,False,False
TPM1,False,False
TPM2,False,False
TPM3,False,False
TPM4,False,False
TPMT,False,False
TPO,False,False
TPP1,False,False
TPP2,False,False
TPPP,False,False
TPPP2,False,False
TPR,False,False
TPRA1,False,False
TPRG1,False,False
TPRG1L,False,False
TPRN,False,False
TPRX1,False,False
TPSAB1,False,False
TPSD1,False,False
TPSG1,False,False
TPST2,False,False
TPT1,False,False
TPTE,False,False
TPTE2,False,False
TPX2,False,False
TRA2A,False,False
TRA2B,False,False
TRABD2B,False,False
TRAC,False,False
TRADD,False,False
TRAF1,False,False
TRAF2,False,False
TRAF3,False,False
TRAF3IP2,False,False
TRAF3IP2-AS1,False,False
TRAF3IP3,False,False
TRAF6,False,False
TRAF7,False,False
TRAFD1,False,False
TRAIP,False,False
TRAJ23,False,False
TRAJ42,False,False
TRAJ53,False,False
TRAK1,False,False
TRAK2,False,False
TRAM1,False,False
TRANK1,False,False
TRAP1,False,False
TRAPPC1,False,False
TRAPPC10,False,False
TRAPPC11,False,False
TRAPPC12,False,False
TRAPPC8,False,False
TRAPPC9,False,False
TRARG1,False,False
TRAT1,False,False
TRAV10,False,False
TRAV13-1,False,False
TRAV21,False,False
TRAV26-1,False,False
TRAV34,False,False
TRAV8-1,False,False
TRAV9-2,False,False
TRBC1,False,False
TRBJ2-2,False,False
TRBJ2-7,False,False
TRBV1,False,False
TRBV13,False,False
TRBV19,False,False
TRBV20OR9-2,False,False
TRBV5-1,False,False
TRDC,False,False
TRDMT1,False,False
TRDN,False,False
TRDV2,False,False
TREH,False,False
TREM1,False,False
TREM2,False,False
TREML2,False,False
TREML4,False,False
TRERF1,False,False
TREX1,False,False
TRGC1,False,False
TRGV5P,False,False
TRGV9,False,False
TRH,False,False
TRHDE,False,False
TRHR,False,False
TRIAP1,False,False
TRIB1,False,False
TRIB1AL,False,False
TRIB2,False,False
TRIB3,False,False
TRIM10,False,False
TRIM11,False,False
TRIM13,False,False
TRIM14,False,False
TRIM17,False,False
TRIM2,False,False
TRIM21,False,False
TRIM23,False,False
TRIM24,False,False
TRIM25,False,False
TRIM26,False,False
TRIM27,False,False
TRIM28,False,False
TRIM29,False,False
TRIM31,False,False
TRIM32,False,False
TRIM33,False,False
TRIM34,False,False
TRIM35,False,False
TRIM37,False,False
TRIM38,False,False
TRIM39,False,False
TRIM40,False,False
TRIM41,False,False
TRIM44,False,False
TRIM46,False,False
TRIM47,False,False
TRIM48,False,False
TRIM49B,False,False
TRIM5,False,False
TRIM51,False,False
TRIM51G,False,False
TRIM53AP,False,False
TRIM54,False,False
TRIM55,False,False
TRIM56,False,False
TRIM59,False,False
TRIM6,False,False
TRIM62,False,False
TRIM63,False,False
TRIM64C,False,False
TRIM64EP,False,False
TRIM66,False,False
TRIM67,False,False
TRIM7,False,False
TRIM72,False,False
TRIM73,False,False
TRIM8,False,False
TRIM9,False,False
TRINGS,False,False
TRIO,False,False
TRIOBP,False,False
TRIP10,False,False
TRIP11,False,False
TRIP12,False,False
TRIP4,False,False
TRIP6,False,False
TRIQK,False,False
TRIR,False,False
TRIT1,False,False
TRMO,False,False
TRMT10A,False,False
TRMT10C,False,False
TRMT11,False,False
TRMT2A,False,False
TRMT5,False,False
TRMT61A,False,False
TRMT61B,False,False
TRMT9B,False,False
TRMU,False,False
TRNAU1AP,False,False
TRNT1,False,False
TRO,False,False
TROAP,False,False
TRPA1,False,False
TRPC1,False,False
TRPC3,False,False
TRPC4,False,False
TRPC4AP,True,False
TRPC5,False,False
TRPC6,False,False
TRPC7,False,False
TRPM1,False,False
TRPM2,False,False
TRPM3,False,False
TRPM4,False,False
TRPM5,False,False
TRPM6,False,False
TRPM7,False,False
TRPM8,False,False
TRPS1,False,False
TRPV1,False,True
TRPV2,False,False
TRPV3,False,True
TRPV4,False,False
TRPV5,False,False
TRPV6,False,False
TRRAP,False,False
TRUB2,False,False
TSBP1,False,False
TSBP1-AS1,False,False
TSC1,False,False
TSC2,False,False
TSC22D1,False,False
TSC22D2,False,False
TSC22D3,False,False
TSC22D4,False,False
TSEN15,False,False
TSEN2,False,False
TSEN54,False,False
TSFM,False,False
TSG101,False,False
TSGA13,False,False
TSHB,False,False
TSHR,False,False
TSHZ1,False,False
TSHZ2,False,False
TSHZ3,False,False
TSIX,False,False
TSKU,False,False
TSLIG2,False,False
TSLIG3B,False,False
TSLP,False,False
TSN,False,False
TSNARE1,False,False
TSPAN11,False,False
TSPAN12,False,False
TSPAN13,False,False
TSPAN14,False,False
TSPAN15,False,False
TSPAN18,False,False
TSPAN19,False,False
TSPAN2,False,False
TSPAN3,False,False
TSPAN32,False,False
TSPAN4,False,False
TSPAN5,False,False
TSPAN6,False,False
TSPAN7,False,False
TSPAN8,False,False
TSPAN9,False,False
TSPO,False,False
TSPOAP1,False,False
TSPYL2,False,False
TSR1,False,False
TSSC4,False,False
TSSK1B,False,False
TSSK6,False,False
TST,False,False
TSTD2,False,False
TTBK1,False,False
TTBK2,False,False
TTC1,False,False
TTC12,False,False
TTC17,False,False
TTC21B,False,False
TTC23,False,False
TTC23L,False,False
TTC27,False,False
TTC28,False,False
TTC3,False,False
TTC33,False,False
TTC34,False,False
TTC38,False,False
TTC39A,False,False
TTC4,False,False
TTC6,False,False
TTC7A,False,False
TTC8,False,False
TTC9,False,False
TTF1,False,False
TTF2,False,False
TTK,False,False
TTL,False,False
TTLL10,False,False
TTLL3,False,False
TTLL4,False,False
TTLL5,False,False
TTLL6,False,False
TTLL7,False,False
TTLL8,False,False
TTN,False,False
TTPA,False,False
TTPAL,False,False
TTR,False,False
TUB,False,False
TUBA1A,False,True
TUBA1B,False,True
TUBA1C,False,True
TUBA3C,False,True
TUBA3E,False,True
TUBA4A,False,True
TUBAL3,False,False
TUBB,False,True
TUBB1,False,True
TUBB2A,False,True
TUBB2B,False,True
TUBB3,False,True
TUBB4A,False,True
TUBB4B,False,True
TUBB6,False,True
TUBB8,False,True
TUBB8B,False,False
TUBD1,False,False
TUBE1,False,False
TUBG1,False,False
TUBG2,False,False
TUBGCP3,False,False
TUBGCP4,False,False
TUFM,False,False
TUFT1,False,False
TUG1,False,False
TULP1,False,False
TULP2,False,False
TULP3,False,False
TULP4,False,False
TUNAR,False,False
TUSC3,False,False
TVP23B,False,False
TWF1,False,False
TWF2,False,False
TWIST1,False,False
TWIST2,False,False
TWNK,False,False
TWSG1,False,False
TXK,False,True
TXLNB,False,False
TXLNG,False,False
TXN,False,False
TXN2,False,False
TXNDC15,False,False
TXNDC17,False,False
TXNDC2,False,False
TXNDC5,False,False
TXNIP,False,False
TXNL1,False,False
TXNL4A,False,False
TXNL4B,False,False
TXNRD1,False,False
TXNRD2,False,False
TXNRD3,False,False
TYK2,False,False
TYMP,False,False
TYMS,False,False
TYR,False,False
TYRO3,False,False
TYROBP,False,False
TYRP1,False,False
TYSND1,False,False
TYW1B,False,False
TZMP1,False,False
U1,False,False
U2AF1,False,False
U2AF2,False,False
UACA,False,False
UAP1,False,False
UBA5,False,False
UBA52,False,False
UBA6,False,False
UBA7,False,False
UBAC2,False,False
UBALD1,False,False
UBAP1,False,False
UBAP1L,False,False
UBAP2,False,False
UBASH3A,False,False
UBASH3B,False,False
UBB,True,False
UBC,False,False
UBD,False,False
UBE2A,False,False
UBE2B,False,False
UBE2C,False,False
UBE2D1,False,False
UBE2D2,False,False
UBE2D3,False,False
UBE2D4,False,False
UBE2E1,False,False
UBE2E2,False,False
UBE2E3,False,False
UBE2G1,False,False
UBE2G2,False,False
UBE2H,False,False
UBE2I,False,False
UBE2J2,False,False
UBE2K,False,False
UBE2L3,False,False
UBE2L5,False,False
UBE2L6,False,False
UBE2M,False,False
UBE2N,False,False
UBE2NL,False,False
UBE2O,False,False
UBE2Q2,False,False
UBE2QL1,False,False
UBE2R2,False,False
UBE2S,False,False
UBE2T,False,False
UBE2V1,False,False
UBE2V2,False,False
UBE2W,False,False
UBE2WP1,False,False
UBE2Z,False,False
UBE3A,False,False
UBE3B,False,False
UBE3C,False,False
UBE3D,False,False
UBE4A,False,False
UBIAD1,False,False
UBL3,False,False
UBL4A,False,False
UBL5,False,False
UBL7,False,False
UBLCP1,False,False
UBN1,False,False
UBN2,False,False
UBP1,False,False
UBQLN1,False,False
UBQLN2,False,False
UBQLNL,False,False
UBR1,False,False
UBR2,False,False
UBR3,True,False
UBR5,False,False
UBTD1,False,False
UBTF,False,False
UBTFL1,False,False
UBXN11,False,False
UBXN7,False,False
UCA1,False,False
UCHL1,False,False
UCHL3,False,False
UCHL5,False,False
UCK2,False,False
UCMA,False,False
UCN,False,False
UCN2,False,False
UCN3,False,False
UCP1,False,False
UCP2,False,False
UCP3,False,False
UFC1,False,False
UFD1,False,False
UFL1,False,False
UFM1,False,False
UFSP1,False,False
UFSP2,False,False
UGCG,False,False
UGDH,False,False
UGGT1,False,False
UGGT2,False,False
UGP2,False,False
UGT1A1,False,False
UGT1A10,False,False
UGT1A3,False,False
UGT1A4,False,False
UGT1A5,False,False
UGT1A6,False,False
UGT1A7,False,False
UGT1A8,False,False
UGT1A9,False,False
UGT2A1,False,False
UGT2B10,False,False
UGT2B15,False,False
UGT2B17,False,False
UGT2B28,False,False
UGT2B4,False,False
UGT2B7,False,False
UGT3A1,False,False
UGT3A2,False,False
UGT8,False,False
UHRF1,False,False
ULK1,False,False
ULK2,False,False
ULK3,False,False
ULK4,False,False
UMOD,False,False
UMODL1-AS1,False,False
UMPS,False,False
UNC119,False,False
UNC119B,False,False
UNC13A,True,False
UNC13B,False,False
UNC13C,False,False
UNC45A,False,False
UNC5B,False,False
UNC5C,False,False
UNC5CL,False,False
UNC5D,False,False
UNC93B1,False,False
UNCX,False,False
UNG,False,False
UNKL,False,False
UOX,False,False
UPF1,False,False
UPF2,False,False
UPF3A,False,False
UPF3B,False,False
UPK1A,False,False
UPK2,False,False
UPK3A,False,False
UPK3B,False,False
UPP1,False,False
UPP2,False,False
UQCC2,False,False
UQCR10,False,False
UQCRB,False,False
UQCRC1,False,False
UQCRC2,False,False
UQCRFS1,False,False
UQCRH,False,False
UQCRQ,False,False
URB1,False,False
URB2,False,False
URGCP,False,False
URI1,False,False
URM1,False,False
UROD,False,False
UROS,False,False
USE1,False,False
USF1,False,False
USF2,False,False
USF3,False,False
USH1C,False,False
USH1G,False,False
USH2A,False,False
USO1,False,False
USP1,False,False
USP10,False,False
USP13,False,False
USP14,False,False
USP15,False,False
USP16,False,False
USP17L1,False,False
USP18,False,False
USP19,False,False
USP2,False,False
USP20,False,False
USP21,False,False
USP22,False,False
USP24,False,False
USP25,False,False
USP28,False,False
USP3,False,False
USP30,False,False
USP31,False,False
USP32,False,False
USP33,False,False
USP34,False,False
USP35,False,False
USP36,False,False
USP37,False,False
USP38,False,False
USP39,False,False
USP4,False,False
USP40,False,False
USP44,False,False
USP45,False,False
USP46,False,False
USP47,False,False
USP48,False,False
USP49,False,False
USP5,False,False
USP51,False,False
USP53,False,False
USP6,False,False
USP7,False,False
USP8,False,False
USP9X,False,False
USP9Y,False,False
UST,False,False
UTP14A,False,False
UTP18,False,False
UTP23,False,False
UTP3,False,False
UTP6,False,False
UTRN,False,False
UTS2,False,False
UTS2B,False,False
UTS2R,False,False
UTY,False,False
UVRAG,False,False
UVSSA,False,False
UXS1,False,False
UXT,False,False
VAC14,False,False
VAMP2,False,False
VAMP3,False,False
VAMP4,False,False
VAMP5,False,False
VAMP7,False,False
VAMP8,False,False
VANGL2,False,False
VAPA,False,False
VAPB,False,False
VARS1,False,False
VARS2,False,False
VASH1,False,False
VASH2,False,False
VASN,False,False
VASP,False,False
VAT1,False,False
VAT1L,False,False
VAV1,False,False
VAV2,False,False
VAV3,False,False
VAX1,False,False
VCAM1,False,False
VCAN,False,False
VCL,False,False
VCP,False,False
VCPIP1,False,False
VCPKMT,False,False
VDAC1,False,False
VDAC2,False,False
VDAC3,False,False
VDR,False,True
VEGFA,False,True
VEGFB,False,False
VEGFC,False,False
VEGFD,False,False
VEPH1,False,False
VEZF1,False,False
VGF,False,False
VGLL1,False,False
VGLL2,False,False
VGLL3,False,False
VGLL4,False,False
VHL,False,False
VIL1,False,False
VIM,False,False
VIM-AS1,False,False
VIP,False,False
VIPR1,False,False
VIPR2,False,False
VIRMA,False,False
VIT,False,False
VKORC1,False,True
VKORC1L1,False,False
VLDLR,False,False
VMP1,False,False
VNN1,False,False
VNN2,False,False
VNN3P,False,False
VPREB1,False,False
VPS11,False,False
VPS13A,False,False
VPS13C,False,False
VPS16,False,False
VPS18,False,False
VPS25,False,False
VPS26A,False,False
VPS26C,False,False
VPS28,False,False
VPS29,False,False
VPS33B,False,False
VPS35,False,False
VPS37A,False,False
VPS37D,False,False
VPS39,False,False
VPS41,False,False
VPS4A,False,False
VPS4B,False,False
VPS53,False,False
VPS54,False,False
VPS8,False,False
VPS9D1,False,False
VRK1,False,False
VRK2,False,False
VRK3,False,False
VRTN,False,False
VSIG2,False,False
VSIG4,False,False
VSIR,False,False
VSNL1,False,False
VSTM2A,False,False
VSTM5,False,False
VSX1,False,False
VSX2,False,False
VTCN1,False,False
VTI1A,False,False
VTN,False,False
VTRNA2-1,False,False
VWA1,False,False
VWA2,False,False
VWA5B1,False,False
VWA7,True,False
VWA8,False,False
VWC2,False,False
VWC2L,False,False
VWCE,False,False
VWDE,False,False
VWF,False,False
WAC,False,False
WAPL,False,False
WARS1,False,False
WARS2,False,False
WAS,False,False
WASF1,False,False
WASF2,False,False
WASF3,False,False
WASF5P,False,False
WASHC1,False,False
WASHC4,False,False
WASL,False,False
WBP11,False,False
WBP1L,False,False
WBP2,False,False
WBP4,False,False
WDFY2,False,False
WDFY3,False,False
WDFY4,False,False
WDPCP,False,False
WDR1,False,False
WDR11,False,False
WDR12,False,False
WDR13,False,False
WDR19,False,False
WDR25,False,False
WDR26,False,False
WDR27,False,False
WDR35,False,False
WDR36,False,False
WDR37,False,False
WDR38,False,False
WDR41,False,False
WDR45,False,False
WDR46,False,False
WDR5,False,False
WDR54,False,False
WDR6,False,False
WDR64,False,False
WDR7,False,False
WDR70,False,False
WDR72,False,False
WDR81,False,False
WDR83,False,False
WDR97,False,False
WDSUB1,False,False
WDTC1,False,False
WEE1,False,False
WFDC1,False,False
WFDC12,False,False
WFDC13,False,False
WFDC2,False,False
WFDC5,False,False
WFIKKN2,False,False
WFS1,True,False
WHAMM,False,False
WHR1,False,False
WHRN,False,False
WIF1,False,False
WIPF1,False,False
WIPI1,False,False
WIZ,False,False
WLS,False,False
WNK1,False,False
WNK2,True,False
WNK3,False,False
WNK4,False,False
WNT1,False,False
WNT10A,False,False
WNT10B,False,False
WNT11,False,False
WNT16,False,False
WNT2,False,False
WNT2B,False,False
WNT3,False,False
WNT3A,False,False
WNT4,False,False
WNT5A,False,False
WNT5B,False,False
WNT6,False,False
WNT7A,False,False
WNT7B,False,False
WNT8A,False,False
WNT8B,False,False
WNT9A,False,False
WNT9B,False,False
WRAP73,False,False
WRN,True,False
WRNIP1,False,False
WSCD2,False,False
WT1,False,False
WTAP,False,False
WWC1,False,False
WWC3,False,False
WWOX,False,False
WWP1,False,False
WWP2,False,False
WWTR1,False,False
XAB2,False,False
XAF1,False,False
XBP1,False,False
XCL1,False,False
XCL2,False,False
XCR1,False,False
XDH,False,True
XIAP,False,False
XIRP1,False,False
XIRP2,False,False
XIST,False,False
XK,False,False
XKR5,False,False
XKR6,False,False
XPA,False,False
XPC,False,False
XPNPEP1,False,False
XPNPEP3,False,False
XPO1,False,False
XPO5,False,False
XPO6,False,False
XPR1,False,False
XRCC1,False,False
XRCC2,False,False
XRCC3,False,False
XRCC4,False,False
XRCC5,False,False
XRCC6,False,False
XRCC6P5,False,False
XRN1,False,False
XRRA1,False,False
XXYLT1,False,False
XYLT1,False,False
XYLT2,False,False
YAF2,False,False
YAP1,False,False
YARS1,False,False
YBEY,False,False
YBX1,False,False
YBX2,False,False
YBX3,False,False
YEATS2,False,False
YES1,False,False
YES1P1,False,False
YIF1A,False,False
YIF1B,False,False
YIPF3,False,False
YIPF5,False,False
YIPF6,False,False
YJEFN3,False,False
YKT6,False,False
YLPM1,False,False
YME1L1,False,False
YOD1,False,False
YPEL1,False,False
YPEL2,False,False
YPEL3,False,False
YPEL5,False,False
YRDC,False,False
YTHDC1,False,False
YTHDC2,False,False
YTHDF1,False,False
YTHDF2,False,False
YTHDF3,False,False
YWHAB,False,False
YWHAE,False,False
YWHAG,False,False
YWHAH,False,False
YWHAQ,False,False
YWHAZ,False,False
YY1,False,False
YY1AP1,False,False
YY2,False,False
Y_RNA,False,False
ZACN,False,False
ZAN,False,False
ZAP70,False,False
ZAR1,False,False
ZBBX,False,False
ZBED10P,False,False
ZBED3,False,False
ZBED5,False,False
ZBED6,False,False
ZBP1,False,False
ZBTB10,False,False
ZBTB12,False,False
ZBTB14,False,False
ZBTB16,False,False
ZBTB17,False,False
ZBTB18,False,False
ZBTB2,False,False
ZBTB20,True,False
ZBTB21,False,False
ZBTB22,False,False
ZBTB24,False,False
ZBTB25,False,False
ZBTB26,False,False
ZBTB32,False,False
ZBTB33,False,False
ZBTB35,False,False
ZBTB37,False,False
ZBTB38,False,False
ZBTB39,False,False
ZBTB4,False,False
ZBTB43,False,False
ZBTB46,False,False
ZBTB49,False,False
ZBTB6,False,False
ZBTB7A,False,False
ZBTB7B,False,False
ZBTB7C,False,False
ZBTB8A,False,False
ZBTB9,False,False
ZC2HC1A,False,False
ZC3H10,False,False
ZC3H11A,False,False
ZC3H11B,False,False
ZC3H11D,False,False
ZC3H12A,False,False
ZC3H12C,False,False
ZC3H13,False,False
ZC3H14,False,False
ZC3H15,False,False
ZC3H18,False,False
ZC3H4,False,False
ZC3H8,False,False
ZC3HC1,False,False
ZCCHC10,False,False
ZCCHC12,False,False
ZCCHC14,False,False
ZCCHC17,False,False
ZCCHC18,False,False
ZCCHC2,False,False
ZCCHC24,False,False
ZCCHC4,False,False
ZCCHC7,False,False
ZCCHC9,False,False
ZCWPW2,False,False
ZDHHC1,False,False
ZDHHC11,False,False
ZDHHC13,False,False
ZDHHC14,False,False
ZDHHC16,False,False
ZDHHC17,False,False
ZDHHC18,False,False
ZDHHC2,False,False
ZDHHC21,False,False
ZDHHC23,False,False
ZDHHC4,False,False
ZDHHC5,False,False
ZDHHC6,False,False
ZDHHC7,False,False
ZDHHC8,False,False
ZDHHC9,False,False
ZEB1,False,False
ZEB2,False,False
ZFAND2A,False,False
ZFAND3,False,False
ZFAND6,False,False
ZFAS1,False,False
ZFAT,False,False
ZFC3H1,False,False
ZFHX2,False,False
ZFHX3,False,False
ZFHX4,False,False
ZFP1,False,False
ZFP36,False,False
ZFP36L1,False,False
ZFP36L2,False,False
ZFP37,False,False
ZFP57,True,False
ZFP62,False,False
ZFP64,False,False
ZFP69,False,False
ZFP69B,False,False
ZFP90,False,False
ZFP91,False,False
ZFPM1,False,False
ZFPM2,False,False
ZFR,False,False
ZFTRAF1,False,False
ZFY,False,False
ZFYVE1,False,False
ZFYVE16,False,False
ZFYVE19,False,False
ZFYVE26,False,False
ZFYVE28,False,False
ZG16,False,False
ZG16B,False,False
ZGLP1,False,False
ZGPAT,False,False
ZHX2,False,False
ZHX3,False,False
ZIC1,False,False
ZIC2,False,False
ZIC3,False,False
ZIC4,False,False
ZIK1,False,False
ZIM2,False,False
ZKSCAN3,False,False
ZKSCAN5,False,False
ZKSCAN7,False,False
ZMAT2,False,False
ZMAT3,False,False
ZMAT5,False,False
ZMIZ1,False,False
ZMIZ2,False,False
ZMPSTE24,False,False
ZMYM2,False,False
ZMYM3,False,False
ZMYM4,False,False
ZMYM6,False,False
ZMYND10,False,False
ZMYND11,False,False
ZMYND8,False,False
ZNF10,False,False
ZNF100,False,False
ZNF101,False,False
ZNF106,False,False
ZNF117,False,False
ZNF12,False,False
ZNF134,False,False
ZNF135,False,False
ZNF140,False,False
ZNF143,False,False
ZNF146,False,False
ZNF148,False,False
ZNF169,False,False
ZNF18,False,False
ZNF181,False,False
ZNF184,False,False
ZNF189,False,False
ZNF2,False,False
ZNF200,False,False
ZNF208,False,False
ZNF211,False,False
ZNF213,False,False
ZNF217,False,False
ZNF217-AS1,False,False
ZNF219,False,False
ZNF224,False,False
ZNF232,False,False
ZNF236,False,False
ZNF239,False,False
ZNF24,False,False
ZNF248,False,False
ZNF250,False,False
ZNF251,False,False
ZNF257,False,False
ZNF26,False,False
ZNF263,False,False
ZNF266,False,False
ZNF268,False,False
ZNF276,False,False
ZNF277,False,False
ZNF280A,False,False
ZNF280B,False,False
ZNF280D,False,False
ZNF281,False,False
ZNF283,False,False
ZNF287,False,False
ZNF292,False,False
ZNF300,False,False
ZNF304,False,False
ZNF311,False,False
ZNF319,False,False
ZNF32,False,False
ZNF322,False,False
ZNF329,False,False
ZNF333,False,False
ZNF334,False,False
ZNF33B,False,False
ZNF34,False,False
ZNF341,False,False
ZNF362,False,False
ZNF365,False,False
ZNF366,False,False
ZNF384,False,False
ZNF385B,False,False
ZNF385C,False,False
ZNF385D,False,False
ZNF394,False,False
ZNF397,False,False
ZNF398,False,False
ZNF408,False,False
ZNF410,False,False
ZNF415,False,False
ZNF416,False,False
ZNF417,False,False
ZNF419,False,False
ZNF423,False,False
ZNF429,False,False
ZNF43,False,False
ZNF431,False,False
ZNF436,False,False
ZNF436-AS1,False,False
ZNF438,False,False
ZNF442,False,False
ZNF443,False,False
ZNF445,False,False
ZNF449,False,False
ZNF460,False,False
ZNF467,False,False
ZNF469,False,False
ZNF474,False,False
ZNF475,False,False
ZNF479,False,False
ZNF480,False,False
ZNF485,False,False
ZNF486,False,False
ZNF488,False,False
ZNF492,False,False
ZNF493,False,False
ZNF497,False,False
ZNF503,False,False
ZNF506,False,False
ZNF507,False,False
ZNF510,False,False
ZNF512,False,False
ZNF513,False,False
ZNF516,False,False
ZNF517,False,False
ZNF518B,False,False
ZNF521,False,False
ZNF529,False,False
ZNF532,False,False
ZNF536,False,False
ZNF547,False,False
ZNF550,False,False
ZNF557,False,False
ZNF564,False,False
ZNF565,False,False
ZNF57,False,False
ZNF575,False,False
ZNF576,False,False
ZNF578,False,False
ZNF580,False,False
ZNF582,False,False
ZNF583,False,False
ZNF589,False,False
ZNF593,False,False
ZNF594,False,False
ZNF596,False,False
ZNF608,False,False
ZNF609,False,False
ZNF613,False,False
ZNF618,False,False
ZNF624,False,False
ZNF626,False,False
ZNF627,False,False
ZNF638,False,False
ZNF641,False,False
ZNF644,False,False
ZNF648,False,False
ZNF652,False,False
ZNF654,False,False
ZNF655,False,False
ZNF664,False,False
ZNF668,False,False
ZNF676,False,False
ZNF678,False,False
ZNF679,False,False
ZNF680,False,False
ZNF682,False,False
ZNF683,False,False
ZNF696,False,False
ZNF697,False,False
ZNF7,False,False
ZNF703,False,False
ZNF704,False,False
ZNF706,False,False
ZNF708,False,False
ZNF709,False,False
ZNF710,False,False
ZNF713,False,False
ZNF714,False,False
ZNF716,False,False
ZNF717,False,False
ZNF718,False,False
ZNF721,False,False
ZNF722,False,False
ZNF727,False,False
ZNF729,False,False
ZNF735,False,False
ZNF737,False,False
ZNF738,False,False
ZNF74,False,False
ZNF740,False,False
ZNF746,False,False
ZNF75A,False,False
ZNF76,False,False
ZNF761,False,False
ZNF765,False,False
ZNF77,False,False
ZNF771,False,False
ZNF773,False,False
ZNF775,False,False
ZNF777,False,False
ZNF778,False,False
ZNF782,False,False
ZNF785,False,False
ZNF787,False,False
ZNF793,False,False
ZNF799,False,False
ZNF800,False,False
ZNF804A,False,False
ZNF808,True,False
ZNF827,False,False
ZNF831,False,False
ZNF84,False,False
ZNF841,False,False
ZNF85,False,False
ZNF852,False,False
ZNF853,False,False
ZNF860,False,False
ZNF876P,False,False
ZNF880,False,False
ZNF883,False,False
ZNF891,False,False
ZNF90,False,False
ZNF93,False,False
ZNF98,False,False
ZNFX1,False,False
ZNG1A,False,False
ZNG1B,False,False
ZNHIT2,False,False
ZNHIT3,False,False
ZNRD2,False,False
ZNRF1,False,False
ZNRF3,False,False
ZP4,False,False
ZPBP,False,False
ZPBP2,False,False
ZPR1,False,False
ZRANB2,False,False
ZRANB3,False,False
ZSCAN10,False,False
ZSCAN20,False,False
ZSCAN26,False,False
ZSCAN31,False,False
ZSCAN5A,False,False
ZSWIM2,False,False
ZSWIM6,False,False
ZSWIM8,False,False
ZUP1,False,False
ZWILCH,False,False
ZWINT,False,False
ZXDA,False,False
ZXDB,False,False
ZYG11A,False,False
ZYX,False,False
ZZEF1,False,False
