gene_id,variant,pip,beta_eqtl,beta_t2d,se_t2d,p_t2d,wald_ratio,genetic_direction
ENSG00000095932,chr19_3474215_T_TCAGGGCTCAAAGTC,1.0,1.22316,0.00463352,0.00705307,0.511213,0.0037881552699565064,higher expression -> MORE T2D
ENSG00000287927,chr8_85978735_CCTGATTTCAGGT_C,1.0,0.788618,0.0144154,0.00620206,0.0201099,0.018279319011232305,higher expression -> MORE T2D
ENSG00000166126,chr14_102922602_C_G,1.0,-0.189718,0.00163923,0.0102584,0.873044,-0.008640350414826217,higher expression -> LESS T2D
ENSG00000228812,chr20_62356168_C_T,1.0,0.854485,-0.00966161,0.00587116,0.0998458,-0.01130693926751201,higher expression -> LESS T2D
ENSG00000204792,chr2_74958729_G_T,1.0,1.23825,-0.0168481,0.00652618,0.00983377,-0.013606379971734302,higher expression -> LESS T2D
ENSG00000241945,chr21_44057219_G_A,1.0,1.11392,0.00274658,0.00697789,0.693867,0.0024656887388681413,higher expression -> MORE T2D
ENSG00000003147,chr7_8240209_A_AGCAATATTTGCTGTTCT,0.999999999999996,1.1732,0.00186452,0.00679383,0.783744,0.0015892601431980906,higher expression -> MORE T2D
ENSG00000167608,chr19_54173178_GGCCAGGGGCAGGTGT_G,0.999999999999991,1.5765,-0.023098,0.0149762,0.122997,-0.014651443070091976,higher expression -> LESS T2D
ENSG00000241489,chrX_149527012_G_T,0.999999999999971,-0.794631,3.46204e-05,0.00484032,0.994293,-4.3567895035557386e-05,higher expression -> LESS T2D
ENSG00000144230,chr2_127648067_C_T,0.999999999999958,1.73469,0.00365902,0.0102815,0.721928,0.002109322126720048,higher expression -> MORE T2D
ENSG00000181754,chr1_109509517_A_G,0.999999999999467,0.857689,-0.00304641,0.00585335,0.602747,-0.0035518818592753312,higher expression -> LESS T2D
ENSG00000078237,chr12_4321174_AGCCGGCCGGCT_A,0.999999999999264,0.870337,-0.0676692,0.0101268,2.35396e-11,-0.0777505724793959,higher expression -> LESS T2D
ENSG00000130202,chr19_44857967_G_A,0.999999999998519,-0.791477,0.0139329,0.0059086,0.0183705,-0.017603670100331405,higher expression -> LESS T2D
ENSG00000259237,chr15_53129207_A_G,0.99999999998649,-0.967244,-0.0107571,0.0058684,0.0667944,0.011121392327065353,higher expression -> MORE T2D
ENSG00000230438,chr6_2876301_G_A,0.999999999983004,-0.914698,0.00234631,0.00595363,0.693509,-0.0025651198537659423,higher expression -> LESS T2D
ENSG00000135541,chr6_135302695_C_T,0.999999999942493,-0.718696,-0.0063753,0.00757776,0.40017,0.008870649064416666,higher expression -> MORE T2D
ENSG00000228649,chr7_22854176_C_G,0.999999999826667,0.661286,-0.0146179,0.00593363,0.0137562,-0.02210526156609999,higher expression -> LESS T2D
ENSG00000288885,chr21_45556197_C_T,0.999999999813319,-0.95263,0.00100656,0.00610795,0.869105,-0.0010566116960414854,higher expression -> LESS T2D
ENSG00000037757,chr19_13763485_G_A,0.999999999788178,-2.07556,-0.00104891,0.039109,0.978603,0.0005053624082175412,higher expression -> MORE T2D
ENSG00000157399,chrX_2952412_C_T,0.999999999775294,-0.468667,-0.00793467,0.0076339,0.298619,0.016930293790687202,higher expression -> MORE T2D
ENSG00000160200,chr21_42993347_G_A,0.999999999716928,-0.991367,-0.0105762,0.00745493,0.155992,0.0106682994289703,higher expression -> MORE T2D
ENSG00000146707,chr7_76626787_G_GGGAGGGCGGTGT,0.999999999217129,-0.648878,0.00508627,0.00747329,0.496129,-0.007838561332022353,higher expression -> LESS T2D
ENSG00000238039,chrX_149527012_G_T,0.999999998910544,-0.807199,3.46204e-05,0.00484032,0.994293,-4.2889547682789496e-05,higher expression -> LESS T2D
ENSG00000124588,chr6_3003736_A_G,0.999999996962651,-0.677277,-0.00521746,0.00621226,0.400984,0.0077035836149758515,higher expression -> MORE T2D
ENSG00000145476,chr4_186200855_C_A,0.999999996560733,-0.720369,0.020289,0.0072121,0.00490524,-0.028164732241392952,higher expression -> LESS T2D
ENSG00000162777,chr1_111195494_T_G,0.999999989901918,0.696171,0.00805121,0.00603821,0.182408,0.011564989061595499,higher expression -> MORE T2D
ENSG00000217442,chr22_50562842_G_A,0.999999989044447,1.45962,-0.0103952,0.0111853,0.3527,-0.007121853633137392,higher expression -> LESS T2D
ENSG00000227719,chr7_8240209_A_AGCAATATTTGCTGTTCT,0.999999983680573,1.07494,0.00186452,0.00679383,0.783744,0.0017345340205034698,higher expression -> MORE T2D
ENSG00000268575,chr1_1689221_G_A,0.999999982794644,-1.48335,-0.0244332,0.0223884,0.275127,0.016471635150166853,higher expression -> MORE T2D
ENSG00000183793,chr16_15036083_C_T,0.99999998052953,0.82481,-0.0183957,0.00593241,0.00192943,-0.022302954619851843,higher expression -> LESS T2D
ENSG00000214026,chr11_1941470_C_T,0.999999953818962,-1.07299,-0.0033204,0.00791122,0.674699,0.0030945302379332515,higher expression -> MORE T2D
ENSG00000236209,chr2_74958729_G_T,0.999999951100902,0.981372,-0.0168481,0.00652618,0.00983377,-0.017167903710315763,higher expression -> LESS T2D
ENSG00000136141,chr13_46675725_A_G,0.999999945199742,0.467678,0.0171336,0.00653402,0.00873615,0.03663546286119937,higher expression -> MORE T2D
ENSG00000101204,chr20_63365354_A_G,0.999999797651836,-0.100687,-0.00100621,0.00749694,0.893232,0.00999344503262586,higher expression -> MORE T2D
ENSG00000204920,chr19_43984200_G_A,0.999999769160732,-1.09616,-0.00298646,0.0104665,0.775388,0.0027244745292658,higher expression -> MORE T2D
ENSG00000008128,chr1_1689221_G_A,0.999999674763875,-1.35337,-0.0244332,0.0223884,0.275127,0.018053599533017578,higher expression -> MORE T2D
ENSG00000253199,chr8_20570782_C_T,0.999999450773172,-1.01424,0.00641664,0.00685418,0.349189,-0.0063265499290108855,higher expression -> LESS T2D
ENSG00000012124,chr19_35309759_G_T,0.99999938350811,-1.09172,0.00761753,0.00675912,0.259742,-0.006977549188436595,higher expression -> LESS T2D
ENSG00000119720,chr14_90330430_A_G,0.999999239814876,0.736697,0.011373,0.00890345,0.201471,0.015437825863278931,higher expression -> MORE T2D
ENSG00000105426,chr19_5293037_C_T,0.999999201114895,0.51107,-0.0127166,0.00601748,0.0345764,-0.024882305750679946,higher expression -> LESS T2D
ENSG00000189190,chr19_52781467_C_G,0.999999168992843,0.627492,0.005707,0.0059073,0.333998,0.009094936668515295,higher expression -> MORE T2D
ENSG00000112599,chr6_42199722_GACTCCAGCCCCAGCTTCTGAGCT_G,0.999998760487831,0.728096,0.00234294,0.00706074,0.740021,0.003217899837384081,higher expression -> MORE T2D
ENSG00000259065,chr14_73787509_G_A,0.999998064732686,0.962157,-0.021741,0.00775387,0.00504894,-0.022596104377975736,higher expression -> LESS T2D
ENSG00000182986,chr19_52897507_C_A,0.999996452377373,-0.486002,-0.00884807,0.00603818,0.142824,0.018205830428681364,higher expression -> MORE T2D
ENSG00000261308,chr12_51849336_C_G,0.999995996480407,0.571514,0.00148695,0.00601002,0.80459,0.0026017735348565388,higher expression -> MORE T2D
ENSG00000271916,chr3_53813035_G_A,0.999995724438732,-0.845556,0.0142038,0.00594549,0.0168939,-0.016798177767055052,higher expression -> LESS T2D
ENSG00000175691,chr19_2936537_G_A,0.999995639953438,1.28643,0.0144318,0.0224388,0.520119,0.011218488374804693,higher expression -> MORE T2D
ENSG00000080573,chr19_10002012_A_G,0.99999535653248,0.598922,0.00338627,0.005973,0.570762,0.00565394158170847,higher expression -> MORE T2D
ENSG00000156886,chr16_31393250_T_C,0.999994235609637,0.603484,-0.0134646,0.00585672,0.021505,-0.02231144487674901,higher expression -> LESS T2D
ENSG00000198945,chr6_130053316_T_A,0.999992688178611,-0.866761,0.0159011,0.00659855,0.0159617,-0.018345426247835334,higher expression -> LESS T2D
ENSG00000288968,chr9_87420416_A_G,0.999987965847959,0.599268,-0.00182709,0.00596675,0.759443,-0.0030488696209375436,higher expression -> LESS T2D
ENSG00000119632,chr14_94129652_T_C,0.999982448343046,-0.511389,0.000227972,0.00708445,0.974329,-0.00044578979993703424,higher expression -> LESS T2D
ENSG00000160948,chr8_144428520_G_C,0.999969936361974,1.53542,0.0318871,0.0126759,0.0118842,0.020767672688905968,higher expression -> MORE T2D
ENSG00000258920,chr14_89420596_T_C,0.999969872399942,0.509312,-0.00444377,0.00632976,0.482652,-0.008725044766272932,higher expression -> LESS T2D
ENSG00000274922,chr13_112716652_C_G,0.999964867333329,-0.674125,-0.00466846,0.00690271,0.498836,0.006925214166512146,higher expression -> MORE T2D
ENSG00000173786,chr17_41974115_G_A,0.999952979954062,-0.639561,-0.00575505,0.00711763,0.418768,0.008998437991059493,higher expression -> MORE T2D
ENSG00000196990,chr9_133635393_T_C,0.999941262876502,-0.981356,-0.00765951,0.00778986,0.325476,0.007805026921932509,higher expression -> MORE T2D
ENSG00000167646,chr19_55166155_C_T,0.999939932121277,0.929964,0.0109339,0.00618088,0.0768971,0.011757336843146617,higher expression -> MORE T2D
ENSG00000224429,chr13_21298170_C_G,0.999939372670017,1.2158,0.00816934,0.0317685,0.797061,0.006719312386905742,higher expression -> MORE T2D
ENSG00000154889,chr18_11905954_C_T,0.999929160187667,-0.389349,0.00796653,0.00605923,0.188585,-0.02046115438847923,higher expression -> LESS T2D
ENSG00000183426,chr16_15036083_C_T,0.999926123300075,-0.550053,-0.0183957,0.00593241,0.00192943,0.033443504535017536,higher expression -> MORE T2D
ENSG00000120341,chr1_177969302_G_A,0.999920297901607,0.705707,0.00715857,0.00791196,0.365583,0.010143827395788904,higher expression -> MORE T2D
ENSG00000165806,chr10_113679635_C_T,0.999916798313471,0.704992,0.00738059,0.00609944,0.226262,0.010469040783441515,higher expression -> MORE T2D
ENSG00000188321,chr19_9324196_C_T,0.999915154300933,-0.983817,0.01236,0.012487,0.322257,-0.012563312079380615,higher expression -> LESS T2D
ENSG00000176485,chr11_63609847_G_C,0.999912463661981,-0.601416,-0.00144679,0.00876951,0.86896,0.002405639357782301,higher expression -> MORE T2D
ENSG00000101405,chr20_3069244_T_G,0.999890476572188,0.637878,0.00316484,0.00641519,0.621776,0.00496151301659565,higher expression -> MORE T2D
ENSG00000257906,chr12_47377646_T_G,0.999852796182933,-0.81639,0.00271217,0.00723556,0.707781,-0.0033221499528411666,higher expression -> LESS T2D
ENSG00000236384,chr21_41742040_T_C,0.999848828227479,-0.933558,0.00247144,0.0058517,0.672774,-0.002647334177415865,higher expression -> LESS T2D
ENSG00000225484,chr10_79758006_G_A,0.999826121655489,-0.709341,0.000971635,0.00650226,0.881214,-0.001369771379350693,higher expression -> LESS T2D
ENSG00000130150,chrX_14893907_C_T,0.999821367397281,-0.700826,-0.000424292,0.00509246,0.933599,0.0006054170364683959,higher expression -> MORE T2D
ENSG00000122674,chr7_5910199_C_T,0.999820124017902,-0.332155,0.0079162,0.00657048,0.228275,-0.023832849121645017,higher expression -> LESS T2D
ENSG00000267726,chr18_57424086_G_A,0.999802330911989,-0.899417,0.013553,0.0104306,0.193822,-0.01506865002551653,higher expression -> LESS T2D
ENSG00000267751,chr19_563639_T_C,0.999789126086374,-0.772291,0.00186311,0.00697835,0.789482,-0.002412445567797631,higher expression -> LESS T2D
ENSG00000275464,chr21_5089937_T_C,0.999762648900967,-0.734698,-0.0411623,0.0713507,0.564006,0.056026149519938805,higher expression -> MORE T2D
ENSG00000175967,chr6_113904647_A_G,0.999755172159487,0.607832,-0.00768798,0.00891649,0.388566,-0.012648198844417535,higher expression -> LESS T2D
ENSG00000227403,chr2_161244750_G_A,0.99970470614023,-0.722559,-0.00747314,0.00601485,0.214072,0.01034260178061584,higher expression -> MORE T2D
ENSG00000123415,chr12_54182016_C_A,0.999643995231684,-0.509769,-0.00317423,0.005884,0.589564,0.006226800766621745,higher expression -> MORE T2D
ENSG00000288973,chr7_29691418_G_C,0.999613326841026,-1.66297,0.019855,0.0309042,0.520567,-0.011939481770567119,higher expression -> LESS T2D
ENSG00000181885,chr17_7261180_C_T,0.999562058779099,-1.0958,0.0226056,0.0127917,0.0771934,-0.02062931191823325,higher expression -> LESS T2D
ENSG00000127947,chr7_77540465_C_G,0.999521356380364,0.402211,0.00258151,0.00665531,0.698099,0.006418297858586663,higher expression -> MORE T2D
ENSG00000280071,chr21_5089937_T_C,0.999515752022751,-0.660331,-0.0411623,0.0713507,0.564006,0.06233585883443303,higher expression -> MORE T2D
ENSG00000128039,chr4_55346203_G_GCGCGTCCCCGCCCCGCGC,0.999515287982031,1.00113,-0.00997048,0.0093009,0.283725,-0.009959226074535775,higher expression -> LESS T2D
ENSG00000170074,chr5_177755817_C_A,0.999509282591026,0.761524,0.0148282,0.00665892,0.0259591,0.019471743503816034,higher expression -> MORE T2D
ENSG00000170425,chr17_15976596_C_T,0.999490206926997,-0.923293,-0.00769774,0.0059651,0.19689,0.008337266718149059,higher expression -> MORE T2D
ENSG00000142794,chr1_21440112_TGCAGGC_T,0.999482986939491,-1.07566,0.00297743,0.00586447,0.611658,-0.002768002900544782,higher expression -> LESS T2D
ENSG00000260246,chr1_109713453_A_G,0.99943491419149,-0.594153,0.00923413,0.00766628,0.228392,-0.015541670243186518,higher expression -> LESS T2D
ENSG00000005421,chr7_95324583_G_A,0.999408088024825,-0.452573,0.0128861,0.00609761,0.0345748,-0.028472975630450776,higher expression -> LESS T2D
ENSG00000100299,chr22_50625049_T_C,0.999384825918479,-1.11148,-0.00458452,0.0157076,0.770389,0.004124698600064779,higher expression -> MORE T2D
ENSG00000162994,chr2_55232237_T_G,0.99926910839348,0.948732,0.00657936,0.0103148,0.523567,0.006934898369613337,higher expression -> MORE T2D
ENSG00000288947,chr7_36189896_A_G,0.999267890391319,1.54014,-0.00963084,0.0252702,0.703119,-0.0062532237329073976,higher expression -> LESS T2D
ENSG00000275005,chr10_129792036_T_A,0.999242956511816,-0.590292,0.0093452,0.00597674,0.117913,-0.01583148678958888,higher expression -> LESS T2D
ENSG00000134243,chr1_109274968_G_T,0.999215599971967,1.32423,0.0220441,0.00708329,0.00185746,0.01664673055284958,higher expression -> MORE T2D
ENSG00000197728,chr12_56042145_C_G,0.999110195408951,-1.10734,0.00687347,0.0059143,0.245163,-0.006207190203550851,higher expression -> LESS T2D
ENSG00000260671,chr16_87730661_A_T,0.999062219333315,0.608609,-0.00767803,0.00598541,0.199565,-0.012615702363915092,higher expression -> LESS T2D
ENSG00000006047,chr17_7280727_G_A,0.998806209328517,0.691028,0.019794,0.00676069,0.00341366,0.028644280694848832,higher expression -> MORE T2D
ENSG00000118197,chr1_200681362_C_T,0.998802877901344,-0.52417,0.0146611,0.00616701,0.0174377,-0.027970124196348513,higher expression -> LESS T2D
ENSG00000013563,chrX_154412069_T_C,0.998773935849489,0.306235,-0.0280786,0.00530789,1.22338e-07,-0.09168971541463256,higher expression -> LESS T2D
ENSG00000226856,chr2_118186225_T_A,0.998771241193964,1.44719,-0.034078,0.0295444,0.248726,-0.02354770278954387,higher expression -> LESS T2D
ENSG00000159899,chr9_35801439_C_T,0.998759654087218,-0.906424,0.0237982,0.00908062,0.00877324,-0.026255041790596893,higher expression -> LESS T2D
ENSG00000215915,chr1_1456829_G_C,0.998681220090362,0.87488,-0.00407212,0.00703305,0.562591,-0.004654489758595465,higher expression -> LESS T2D
ENSG00000237940,chr2_242145162_C_T,0.998672838738456,-0.715282,0.00666397,0.0204616,0.744665,-0.009316563257568343,higher expression -> LESS T2D
ENSG00000134265,chr18_10526266_C_G,0.99865853749067,-0.736415,-0.000566692,0.00629127,0.928227,0.0007695280514383873,higher expression -> MORE T2D
ENSG00000242474,chr7_148717_C_G,0.998639448490908,0.994765,-0.020894,0.0258599,0.41911,-0.02100395570813207,higher expression -> LESS T2D
ENSG00000105695,chr19_35309759_G_T,0.998594492899623,-1.04215,0.00761753,0.00675912,0.259742,-0.007309437221129396,higher expression -> LESS T2D
ENSG00000059122,chr16_2936322_T_C,0.998432102582534,0.920977,0.00277155,0.00594481,0.641063,0.00300935853989839,higher expression -> MORE T2D
ENSG00000280767,chrX_402043_C_T,0.99841406752017,0.65772,0.00156577,0.00726646,0.829394,0.0023806026880739523,higher expression -> MORE T2D
ENSG00000236975,chr1_229223589_A_C,0.998275578114283,0.596699,0.00865099,0.00703691,0.218932,0.014498080271627741,higher expression -> MORE T2D
ENSG00000106976,chr9_128209149_G_A,0.998204571136121,-1.13865,-0.00638994,0.0202603,0.752464,0.005611856145435384,higher expression -> MORE T2D
ENSG00000188234,chr10_45947840_C_T,0.998202014429331,-0.893713,0.0232489,0.0112078,0.038047,-0.026013832181024557,higher expression -> LESS T2D
ENSG00000135899,chr2_230377417_G_T,0.998156769515403,-1.31098,0.0468099,0.0251375,0.0625821,-0.03570603670536545,higher expression -> LESS T2D
ENSG00000113231,chr5_77217088_T_C,0.998152853046811,-0.772016,0.0031522,0.0094173,0.737833,-0.004083075998424903,higher expression -> LESS T2D
ENSG00000230513,chr22_20996591_T_C,0.998076168786685,0.552664,0.00822611,0.00670335,0.219761,0.01488446868259919,higher expression -> MORE T2D
ENSG00000203724,chr1_197902889_G_T,0.998003303563421,-0.499723,-0.0126923,0.00658065,0.053765,0.02539867086365847,higher expression -> MORE T2D
ENSG00000226944,chr1_6199030_C_T,0.997754342558705,0.570755,0.0185438,0.00754305,0.013956,0.03248994752564585,higher expression -> MORE T2D
ENSG00000136425,chr15_78131254_A_C,0.99766396982013,0.867959,0.00099313,0.0066276,0.880885,0.0011442130331040983,higher expression -> MORE T2D
ENSG00000286373,chr10_63630874_T_C,0.997641716471129,-0.597495,-0.00137398,0.00633723,0.828356,0.002299567360396321,higher expression -> MORE T2D
ENSG00000111696,chr12_103787094_G_A,0.997563846223627,0.86601,-0.0107593,0.00786518,0.171322,-0.012423990485098325,higher expression -> LESS T2D
ENSG00000186399,chr15_30984082_G_A,0.997405945179881,-1.22313,-0.0205833,0.0225145,0.360598,0.016828382919231805,higher expression -> MORE T2D
ENSG00000063761,chr14_77907949_C_T,0.997276170127811,-0.761289,0.00993127,0.00827242,0.229934,-0.01304533495164123,higher expression -> LESS T2D
ENSG00000103245,chr16_733004_T_C,0.997259039483615,0.697211,-0.00716236,0.00628946,0.254792,-0.010272872917954536,higher expression -> LESS T2D
ENSG00000167723,chr17_3559264_C_T,0.997213835589046,0.914128,0.0114898,0.00607538,0.0585963,0.012569136926119755,higher expression -> MORE T2D
ENSG00000002933,chr7_150815702_TC_T,0.997138867549624,-0.437826,-0.0362223,0.00641778,1.661e-08,0.0827321812774938,higher expression -> MORE T2D
ENSG00000187796,chr9_136363451_G_A,0.996991987743185,1.23726,0.0453339,0.026517,0.0873373,0.03664056059356966,higher expression -> MORE T2D
ENSG00000234719,chr16_11976565_T_C,0.996934241266161,-0.720028,-0.022096,0.00584724,0.000157543,0.03068769547850917,higher expression -> MORE T2D
ENSG00000025772,chr20_44960400_G_A,0.996893195009844,-0.488751,0.0072533,0.00717786,0.312251,-0.014840481144795612,higher expression -> LESS T2D
ENSG00000145949,chr6_2680498_C_T,0.996850131813895,0.695318,-0.000112047,0.00789218,0.988673,-0.00016114497251617247,higher expression -> LESS T2D
ENSG00000130348,chr6_106629627_G_A,0.996507917639635,-0.613445,0.0047148,0.00602826,0.434146,-0.007685774600819959,higher expression -> LESS T2D
ENSG00000006282,chr17_50547162_A_C,0.99641252768158,-0.80304,-0.0122737,0.00622009,0.0484674,0.015284045626618848,higher expression -> MORE T2D
ENSG00000288107,chr10_133441072_G_A,0.995968312212543,0.849215,0.00915778,0.0123763,0.459334,0.010783817996620409,higher expression -> MORE T2D
ENSG00000188372,chr7_76430915_G_A,0.995896604737485,1.37325,0.0143298,0.0119265,0.229556,0.010434953577280174,higher expression -> MORE T2D
ENSG00000134202,chr1_109713453_A_G,0.995875856057061,-0.868376,0.00923413,0.00766628,0.228392,-0.010633792274314352,higher expression -> LESS T2D
ENSG00000103226,chr16_16232314_G_A,0.995858614625852,-0.344115,-0.000886016,0.00785231,0.910161,0.002574767156328553,higher expression -> MORE T2D
ENSG00000177406,chr12_642348_A_G,0.995723039758179,-0.524508,0.0039501,0.00628003,0.529353,-0.007531057676908646,higher expression -> LESS T2D
ENSG00000272989,chr3_197509972_C_G,0.995719608264902,0.472612,0.00887033,0.00600413,0.139576,0.01876873629954381,higher expression -> MORE T2D
ENSG00000271715,chr5_10275758_G_C,0.995464642043293,0.514288,-0.00128152,0.00624585,0.837432,-0.0024918333696294682,higher expression -> LESS T2D
ENSG00000225964,chr2_6849889_C_T,0.995436829079854,0.792628,0.0131983,0.00872062,0.130163,0.016651316885096162,higher expression -> MORE T2D
ENSG00000126231,chr13_113192675_G_C,0.99540858522483,0.162906,-0.00903756,0.00716946,0.207467,-0.055477146329785273,higher expression -> LESS T2D
ENSG00000287928,chr12_13582210_C_T,0.995354951827079,0.711245,0.0128118,0.00943314,0.174411,0.018013202201772948,higher expression -> MORE T2D
ENSG00000288018,chr11_88337904_A_G,0.99506940301942,1.06603,0.00911366,0.0102014,0.371658,0.008549159029295612,higher expression -> MORE T2D
ENSG00000226416,chr11_1941470_C_T,0.994988277728437,-0.521912,-0.0033204,0.00791122,0.674699,0.006361992059964131,higher expression -> MORE T2D
ENSG00000167065,chr22_30667817_GT_G,0.9946636844279,-0.586706,-0.0100585,0.00751406,0.180691,0.01714402102586304,higher expression -> MORE T2D
ENSG00000100053,chr22_25201364_T_C,0.994552420069075,-0.415922,0.0082825,0.00587583,0.158662,-0.019913589567274632,higher expression -> LESS T2D
ENSG00000255389,chr6_111608659_G_T,0.99454291287964,-0.814106,-0.00847991,0.0108568,0.434761,0.010416223440190836,higher expression -> MORE T2D
ENSG00000065621,chr10_104267428_A_T,0.994355028154828,2.11362,-0.00975869,0.0300204,0.74513,-0.004617050368561994,higher expression -> LESS T2D
ENSG00000183474,chr5_69497101_A_G,0.994049688681563,1.11878,0.0420524,0.0169115,0.0128964,0.03758772949105275,higher expression -> MORE T2D
ENSG00000270127,chr15_100553922_T_C,0.993714419771248,-1.00665,-0.00453162,0.00588996,0.441667,0.004501683802711966,higher expression -> MORE T2D
ENSG00000273138,chr7_95417095_GC_G,0.993660624243024,0.838065,0.00304231,0.013652,0.823654,0.0036301599517937154,higher expression -> MORE T2D
ENSG00000264404,chr10_47570282_T_C,0.993458716687392,0.666343,-0.00783743,0.00734232,0.285776,-0.01176185538078737,higher expression -> LESS T2D
ENSG00000211679,chr22_22906870_C_T,0.993213123194764,-0.434099,-0.0155649,0.00607669,0.0104249,0.03585564583194156,higher expression -> MORE T2D
ENSG00000107099,chr9_370199_A_G,0.99278057407865,0.534144,-0.00154654,0.00918554,0.866295,-0.0028953615504433263,higher expression -> LESS T2D
ENSG00000178700,chr3_93741529_G_A,0.992567779608145,-1.04497,0.0360272,0.013591,0.00802971,-0.03447677923768147,higher expression -> LESS T2D
ENSG00000223482,chr10_87367307_C_T,0.992514197078269,-0.542973,-0.0109831,0.00639333,0.0858144,0.02022770929677903,higher expression -> MORE T2D
ENSG00000104964,chr19_3062859_T_C,0.99220352476512,-0.35488,0.0160399,0.00593715,0.00690033,-0.04519809513074843,higher expression -> LESS T2D
ENSG00000198829,chr3_151833340_T_C,0.992028715884171,0.535895,0.00217062,0.00686135,0.751734,0.004050457645620877,higher expression -> MORE T2D
ENSG00000272430,chr10_47593213_T_C,0.991982541018422,-0.390797,0.000472206,0.00683638,0.944932,-0.001208315314600675,higher expression -> LESS T2D
ENSG00000108001,chr10_129792036_T_A,0.991715663700421,-0.445127,0.0093452,0.00597674,0.117913,-0.020994457761492787,higher expression -> LESS T2D
ENSG00000283141,chr10_129792036_T_A,0.991355626956747,-0.424243,0.0093452,0.00597674,0.117913,-0.02202794153350792,higher expression -> LESS T2D
ENSG00000156171,chr1_111195494_T_G,0.991331078351574,0.667557,0.00805121,0.00603821,0.182408,0.012060707924566741,higher expression -> MORE T2D
ENSG00000273253,chr22_50200073_T_C,0.991203722986539,-0.98329,0.0341734,0.0187448,0.0682889,-0.034754141707939674,higher expression -> LESS T2D
ENSG00000117472,chr1_46183374_C_T,0.990463313876474,0.605606,-0.0168062,0.00782855,0.0318105,-0.027751046059649346,higher expression -> LESS T2D
ENSG00000100197,chr22_42196233_C_T,0.989970755310664,-0.42992,0.00487489,0.00585057,0.404714,-0.011339063081503535,higher expression -> LESS T2D
ENSG00000205837,chr2_6849889_C_T,0.98976290612499,0.731548,0.0131983,0.00872062,0.130163,0.018041604925445768,higher expression -> MORE T2D
ENSG00000166750,chr17_35244527_G_A,0.98947149051825,0.644227,0.0134073,0.00586807,0.0223249,0.020811453105815187,higher expression -> MORE T2D
ENSG00000005436,chr2_75709345_T_G,0.98939225341816,-0.616306,-0.0578163,0.0177152,0.00109989,0.0938110289369242,higher expression -> MORE T2D
ENSG00000249201,chr5_1182536_C_T,0.987670752002998,0.609081,-0.00942411,0.00585722,0.107622,-0.015472671122560053,higher expression -> LESS T2D
ENSG00000053372,chr1_19231219_G_C,0.987162463644296,-0.504923,-0.0060534,0.00598135,0.311516,0.01198875868201686,higher expression -> MORE T2D
ENSG00000278599,chr17_37901291_T_TATA,0.986321515891638,2.02069,-0.0490902,0.0301814,0.103843,-0.024293780837238765,higher expression -> LESS T2D
ENSG00000227306,chr11_1683392_T_C,0.985507142592529,0.854685,0.0166295,0.0137151,0.225324,0.019456875925048408,higher expression -> MORE T2D
ENSG00000183807,chr6_116767917_A_T,0.985420118279516,0.749839,0.0119438,0.00600702,0.0467767,0.015928485981657393,higher expression -> MORE T2D
ENSG00000166436,chr11_8675680_C_T,0.985387443132126,0.18065,0.014741,0.00594259,0.0131175,0.08159977857735953,higher expression -> MORE T2D
ENSG00000133985,chr14_70662782_C_T,0.984758401267526,0.432853,-0.00413507,0.00659467,0.530638,-0.009553058428612024,higher expression -> LESS T2D
ENSG00000260306,chr16_21796451_C_T,0.984105790415976,-1.08467,0.000781669,0.0200439,0.968892,-0.0007206514423741783,higher expression -> LESS T2D
ENSG00000228262,chr2_34703135_AT_A,0.983801193634087,0.762983,-0.00584567,0.00705914,0.407615,-0.0076615992754753386,higher expression -> LESS T2D
ENSG00000102886,chr16_30113948_C_T,0.983295511188021,1.17973,0.0163618,0.0132248,0.21601,0.013869105642816577,higher expression -> MORE T2D
ENSG00000132259,chr11_6235438_A_G,0.982645778854339,1.80667,0.0279669,0.0164238,0.0885992,0.015479805387812937,higher expression -> MORE T2D
ENSG00000188257,chr1_19979653_G_C,0.981813068982393,0.53918,-0.00144844,0.00659316,0.826113,-0.0026863756074038355,higher expression -> LESS T2D
ENSG00000164638,chr7_5284554_GTTA_G,0.981755311948401,1.51739,0.0228183,0.0154613,0.139988,0.015037861064063952,higher expression -> MORE T2D
ENSG00000197272,chr16_29335640_G_A,0.980809621048492,0.51345,-0.00623518,0.0241024,0.79587,-0.01214369461486026,higher expression -> LESS T2D
ENSG00000224846,chr6_2999467_C_G,0.979061676397384,0.981792,-0.00243047,0.00656592,0.711259,-0.0024755447182295233,higher expression -> LESS T2D
ENSG00000203772,chr10_133441072_G_A,0.97820746073885,1.00067,0.00915778,0.0123763,0.459334,0.009151648395574965,higher expression -> MORE T2D
ENSG00000172803,chr11_65856268_A_G,0.976430588223376,0.939727,0.0106389,0.00821848,0.195489,0.011321266708309966,higher expression -> MORE T2D
ENSG00000183255,chr21_44576156_C_T,0.975821694447795,-0.804048,0.00163516,0.0180605,0.92786,-0.0020336596820090345,higher expression -> LESS T2D
ENSG00000095383,chr9_98207066_G_A,0.974732180007195,0.498744,0.0176201,0.00611023,0.00393034,0.035328946313138605,higher expression -> MORE T2D
ENSG00000278690,chr17_36001503_G_A,0.974158823717107,0.80822,0.0105841,0.0237365,0.65567,0.013095568038405385,higher expression -> MORE T2D
ENSG00000164713,chr7_98291311_A_G,0.974100582828205,-0.870722,0.0412231,0.00810931,3.70672e-07,-0.04734358383043038,higher expression -> LESS T2D
ENSG00000104219,chr8_17156365_T_C,0.973929692622867,0.615702,0.00591062,0.0069381,0.394266,0.009599806399849278,higher expression -> MORE T2D
ENSG00000196810,chr4_1250089_C_T,0.973213519601448,0.652421,-0.000736394,0.00587171,0.900196,-0.001128709836133417,higher expression -> LESS T2D
ENSG00000008516,chr16_3055806_G_A,0.973177393653616,1.03978,0.0160754,0.0149143,0.281101,0.015460385850853067,higher expression -> MORE T2D
ENSG00000123454,chr9_133635393_T_C,0.97306403694409,0.570903,-0.00765951,0.00778986,0.325476,-0.013416482309604256,higher expression -> LESS T2D
ENSG00000266904,chr19_19776299_C_T,0.97252597840745,-0.927775,0.0119551,0.017772,0.501142,-0.012885775107111098,higher expression -> LESS T2D
ENSG00000169230,chr5_177304451_G_T,0.972441642706449,0.76471,0.00845187,0.00649047,0.192849,0.011052385871768383,higher expression -> MORE T2D
ENSG00000231160,chr4_39495687_G_A,0.972081122921919,-0.866103,-0.0169552,0.0123269,0.168987,0.019576424513019816,higher expression -> MORE T2D
ENSG00000119227,chr3_196948045_A_C,0.971477967269395,0.51166,-0.0107587,0.00627603,0.0864829,-0.021027049212367588,higher expression -> LESS T2D
ENSG00000235142,chr6_106772372_A_T,0.971390021943642,0.954738,-0.00879772,0.00691724,0.203425,-0.009214800290760397,higher expression -> LESS T2D
ENSG00000100612,chr14_60165528_G_C,0.970837675873692,-0.713115,-0.00849822,0.00927071,0.359313,0.011917040028606886,higher expression -> MORE T2D
ENSG00000275371,chr16_30113948_C_T,0.970253749236351,1.27952,0.0163618,0.0132248,0.21601,0.012787451544329123,higher expression -> MORE T2D
ENSG00000172661,chr10_45788964_G_A,0.970217041197684,-0.613727,-0.0105392,0.00794196,0.184499,0.017172456157216482,higher expression -> MORE T2D
ENSG00000134222,chr1_109274968_G_T,0.969147462886447,1.27336,0.0220441,0.00708329,0.00185746,0.017311757868945152,higher expression -> MORE T2D
ENSG00000068354,chrX_48539726_G_A,0.969008235260136,-0.520968,0.0271914,0.00829571,0.00104633,-0.052193992721242,higher expression -> LESS T2D
ENSG00000055208,chr6_149170778_G_A,0.967669078555583,0.605451,0.00329523,0.00676294,0.626082,0.005442603943176244,higher expression -> MORE T2D
ENSG00000115750,chr2_9904414_C_A,0.967577792894351,-0.440553,-0.00364193,0.00626519,0.561042,0.008266723867502889,higher expression -> MORE T2D
ENSG00000233806,chr2_242145162_C_T,0.963156448692139,-0.691111,0.00666397,0.0204616,0.744665,-0.00964240187176879,higher expression -> LESS T2D
ENSG00000158856,chr8_22060578_A_C,0.961397124515165,-0.981427,-0.0132256,0.00699181,0.0585464,0.01347588766153774,higher expression -> MORE T2D
ENSG00000288681,chr11_308426_G_C,0.960783449236391,0.765757,0.00090541,0.00588939,0.877818,0.0011823724758637532,higher expression -> MORE T2D
ENSG00000204310,chr6_32168770_T_G,0.959162580928896,0.573567,0.036174,0.00590567,9.0517e-10,0.06306848197333528,higher expression -> MORE T2D
ENSG00000272727,chr4_145339230_T_C,0.957822307620308,-0.802821,-0.00199258,0.00589803,0.735485,0.0024819729429100632,higher expression -> MORE T2D
ENSG00000125450,chr17_75226770_G_A,0.957180209413883,-0.818047,-0.00498466,0.00799776,0.533116,0.0060933662735759685,higher expression -> MORE T2D
ENSG00000079335,chr1_100352622_G_C,0.955267415612841,-0.771591,-0.00118781,0.00595514,0.841903,0.001539429568255721,higher expression -> MORE T2D
ENSG00000254154,chr1_177960805_G_A,0.954868135780475,0.419737,-0.00681622,0.0081204,0.401247,-0.01623926411062165,higher expression -> LESS T2D
ENSG00000275718,chr17_36001607_C_CAGGGCAG,0.952311606131323,1.20397,0.0113733,0.00951701,0.232069,0.009446497836324825,higher expression -> MORE T2D
ENSG00000103351,chr16_3539024_AC_A,0.952276457256673,0.822816,0.0302405,0.0100396,0.00259412,0.03675244526115195,higher expression -> MORE T2D
ENSG00000124915,chr11_61756894_A_C,0.951830184582849,0.919921,0.00196562,0.005869,0.737688,0.002136726958075748,higher expression -> MORE T2D
ENSG00000204147,chr10_50756905_C_T,0.949364489881012,-1.05782,-0.013519,0.0061729,0.0285207,0.012780057098561191,higher expression -> MORE T2D
ENSG00000037474,chr5_6604092_A_G,0.949133075735217,-0.605516,0.0107141,0.00678798,0.114477,-0.017694164976648014,higher expression -> LESS T2D
ENSG00000248734,chr5_96778789_T_C,0.948457684614624,-0.52236,0.0123832,0.00659118,0.0602795,-0.023706256221762766,higher expression -> LESS T2D
ENSG00000166897,chr22_37326849_A_G,0.947826791825565,-0.534895,-0.00538996,0.00652453,0.408744,0.010076669252844016,higher expression -> MORE T2D
ENSG00000178605,chrX_312722_G_GTACCCC,0.946257598686734,-0.575275,0.00150089,0.0063989,0.814555,-0.002608995697709791,higher expression -> LESS T2D
ENSG00000272668,chr1_159856126_C_T,0.943773857089148,0.714042,-0.00780587,0.00603396,0.195784,-0.010931947980650999,higher expression -> LESS T2D
ENSG00000217930,chr16_4343375_A_C,0.941025958465652,-0.669865,0.0070701,0.00871053,0.41698,-0.01055451471565166,higher expression -> LESS T2D
ENSG00000253686,chr5_173689522_T_C,0.941003641868655,0.553005,0.00693361,0.00658653,0.292481,0.012538060234536758,higher expression -> MORE T2D
ENSG00000255050,chr8_143574807_G_C,0.940621278027618,1.63997,-0.0365806,0.0145075,0.0116858,-0.022305651932657305,higher expression -> LESS T2D
ENSG00000204616,chr6_30289159_C_T,0.940414768648968,-0.610269,0.010959,0.0082666,0.18494,-0.017957654739139628,higher expression -> LESS T2D
ENSG00000143537,chr1_155062156_C_G,0.939979496346165,-0.625198,0.0134884,0.0076753,0.0788533,-0.0215746051650837,higher expression -> LESS T2D
ENSG00000154217,chr17_67372039_A_G,0.938306072618803,0.55004,0.0175213,0.00585906,0.00278561,0.03185459239328049,higher expression -> MORE T2D
ENSG00000115468,chr2_232655544_A_T,0.937198683350099,0.697035,-0.0106739,0.00585719,0.0684022,-0.015313291298141414,higher expression -> LESS T2D
ENSG00000119147,chr2_106071000_G_C,0.936189864907804,-0.745412,0.007864,0.00751217,0.295176,-0.010549870407237876,higher expression -> LESS T2D
ENSG00000253147,chr8_20570782_C_T,0.935471760251847,-1.01418,0.00641664,0.00685418,0.349189,-0.006326924214636455,higher expression -> LESS T2D
ENSG00000240288,chr3_10287693_T_C,0.934205922577008,0.56242,-0.0010844,0.00588389,0.853778,-0.0019280964403826319,higher expression -> LESS T2D
ENSG00000188677,chr22_44024618_A_G,0.933480927205549,-0.910818,-0.0176127,0.00600973,0.00338197,0.019337233124510054,higher expression -> MORE T2D
ENSG00000184616,chr7_74945747_T_C,0.931420703730375,-0.629402,-0.0287543,0.00755474,0.000141159,0.0456851106288191,higher expression -> MORE T2D
ENSG00000105677,chr19_35547488_A_G,0.930496694113447,0.586252,0.00340232,0.0062617,0.586885,0.005803511118085738,higher expression -> MORE T2D
ENSG00000085721,chr16_15094055_G_C,0.929906201478564,0.630007,-0.0258799,0.00655829,7.94237e-05,-0.0410787499186517,higher expression -> LESS T2D
ENSG00000180902,chr2_241734689_A_G,0.928454012613928,-0.324396,0.00856479,0.0063538,0.177665,-0.02640226759886065,higher expression -> LESS T2D
ENSG00000167280,chr17_79085118_A_C,0.928321248612139,-0.8273,0.00575343,0.0137766,0.676222,-0.006954466336274628,higher expression -> LESS T2D
ENSG00000226659,chr10_80535642_G_A,0.927291121737159,-0.546853,-0.00777412,0.00634192,0.220263,0.014216105607905597,higher expression -> MORE T2D
ENSG00000137221,chr6_43653008_T_TG,0.927083491328,0.914614,0.0327765,0.0335515,0.328618,0.03583642935708397,higher expression -> MORE T2D
ENSG00000260135,chr16_55438441_G_A,0.926615340913032,1.02029,0.0220523,0.00737054,0.00277198,0.0216137568730459,higher expression -> MORE T2D
ENSG00000169592,chr16_30004016_A_G,0.925303512327557,-0.379637,0.0167147,0.00588669,0.00451981,-0.04402811106399007,higher expression -> LESS T2D
ENSG00000236700,chr6_134494431_C_G,0.925119958104023,0.621259,-0.0193963,0.00583836,0.000893079,-0.031220956155162342,higher expression -> LESS T2D
ENSG00000185332,chr17_81332216_C_T,0.923316116243955,0.798856,-0.0156347,0.00716702,0.0291481,-0.019571362047728254,higher expression -> LESS T2D
ENSG00000240005,chr4_26860034_A_C,0.923218669040945,-0.720485,-0.00979901,0.00592157,0.0979648,0.013600574612934343,higher expression -> MORE T2D
ENSG00000286129,chr22_22258899_C_T,0.922919644834406,0.552805,0.00323571,0.0059515,0.586662,0.0058532574777724515,higher expression -> MORE T2D
ENSG00000203666,chr1_244970360_G_C,0.922202934235342,-0.600825,-0.012079,0.00587059,0.0396333,0.02010402363416968,higher expression -> MORE T2D
ENSG00000251129,chr4_31996940_G_A,0.921266565029223,-1.27309,0.0192463,0.00676369,0.00443384,-0.0151177842886206,higher expression -> LESS T2D
ENSG00000215187,chr9_35572722_C_T,0.919860238770362,1.19132,-0.0455897,0.0193535,0.018491,-0.03826822348319511,higher expression -> LESS T2D
ENSG00000160284,chr21_46234763_G_GC,0.918099366851407,-0.611388,0.00897551,0.00584088,0.124374,-0.014680546559631528,higher expression -> LESS T2D
ENSG00000197888,chr4_68625465_G_T,0.917905766923821,-0.738162,-0.00379653,0.00592694,0.521811,0.005143220593853382,higher expression -> MORE T2D
ENSG00000131187,chr5_177415473_T_C,0.91750596201216,0.698302,0.0149639,0.00671474,0.0258458,0.02142898058433171,higher expression -> MORE T2D
ENSG00000183087,chr13_113849020_T_C,0.915669034310618,-0.595285,0.0130221,0.00615113,0.0342571,-0.021875404218147612,higher expression -> LESS T2D
ENSG00000261186,chr2_242090469_A_C,0.914815425054018,0.596829,-0.00423786,0.00636646,0.505631,-0.007100626812705147,higher expression -> LESS T2D
ENSG00000100908,chr14_24141524_T_C,0.912583729682107,-0.774787,-0.0030769,0.00634775,0.627873,0.003971285011235346,higher expression -> MORE T2D
ENSG00000171988,chr10_62633886_T_C,0.910255451323668,-0.750728,0.0192258,0.00821468,0.0192624,-0.025609541671550818,higher expression -> LESS T2D
ENSG00000275944,chr17_36001503_G_A,0.909943528323542,0.701427,0.0105841,0.0237365,0.65567,0.015089382073972061,higher expression -> MORE T2D
ENSG00000174137,chr4_1684252_T_G,0.90736097799209,-0.538795,-0.00772128,0.00716469,0.281175,0.014330645236128767,higher expression -> MORE T2D
ENSG00000273582,chr16_29228568_C_G,0.904598964971626,-0.78872,-0.0013582,0.00585899,0.816681,0.00172203063190993,higher expression -> MORE T2D
ENSG00000131018,chr6_152443555_T_C,0.90144384762366,0.48335,0.00993979,0.00649519,0.125935,0.0205643736422882,higher expression -> MORE T2D
ENSG00000183784,chr9_211762_C_G,0.900652733668874,-0.692836,0.00556942,0.00585902,0.341822,-0.008038583445432974,higher expression -> LESS T2D
ENSG00000197838,chr19_40883044_G_T,0.899029394779298,0.521789,0.0108477,0.00737982,0.141586,0.020789437876229666,higher expression -> MORE T2D
ENSG00000197372,chr19_23687308_G_T,0.898238164917145,0.82259,-0.00311103,0.00733499,0.671466,-0.003781993459682223,higher expression -> LESS T2D
ENSG00000106484,chr7_130487677_C_T,0.896030228006967,0.443127,-0.00871269,0.00651547,0.181147,-0.019661835094679406,higher expression -> LESS T2D
ENSG00000286747,chr1_247108996_C_T,0.895448996070132,-0.398611,0.00139665,0.00604395,0.817251,-0.003503791917433287,higher expression -> LESS T2D
ENSG00000105672,chr19_35644377_C_CT,0.893512283397118,0.655139,0.00312283,0.00609044,0.608131,0.004766667836901787,higher expression -> MORE T2D
ENSG00000288086,chr20_57126605_C_CCTT,0.89069917165772,-1.09565,0.00964925,0.00638799,0.130908,-0.008806872632683795,higher expression -> LESS T2D
ENSG00000157216,chr1_54277185_G_GTACC,0.888515225814996,0.795165,0.000629899,0.00900928,0.94426,0.0007921613753120421,higher expression -> MORE T2D
ENSG00000112874,chr5_103562198_T_C,0.887544152566239,0.828706,0.010896,0.0118054,0.356026,0.013148209377028763,higher expression -> MORE T2D
ENSG00000148300,chr9_133344393_A_G,0.885833622168891,0.375582,-0.0019232,0.00586578,0.743011,-0.005120586183576422,higher expression -> LESS T2D
ENSG00000108823,chr17_50166375_G_A,0.884957222920142,-0.660675,-0.000590852,0.00608591,0.922659,0.0008943156620123358,higher expression -> MORE T2D
ENSG00000183605,chr10_119161076_T_C,0.883260046149157,0.689459,-0.0135764,0.00589897,0.0213639,-0.019691381213386146,higher expression -> LESS T2D
ENSG00000167468,chr19_1104079_G_A,0.882050872840293,0.687793,0.00898692,0.00690201,0.192891,0.013066315010475537,higher expression -> MORE T2D
ENSG00000136682,chr2_113568673_G_A,0.880867714545312,-1.25492,0.0380855,0.0338233,0.260159,-0.030348946546393397,higher expression -> LESS T2D
ENSG00000100439,chr14_22599022_T_C,0.878788222593639,-0.446485,-0.00891528,0.00614496,0.146828,0.019967703282305113,higher expression -> MORE T2D
ENSG00000253959,chr5_173642283_A_C,0.878452403871831,0.791266,-0.0136948,0.00746863,0.0667068,-0.0173074541304694,higher expression -> LESS T2D
ENSG00000204520,chr6_31409151_T_C,0.876909942047768,-0.605778,-0.0156818,0.00596646,0.00858065,0.025887041127277646,higher expression -> MORE T2D
ENSG00000258818,chr14_20699925_C_T,0.874875785733186,-0.474649,0.0139726,0.00675681,0.0386465,-0.029437752950074687,higher expression -> LESS T2D
ENSG00000287978,chr1_146385301_G_T,0.872817298055823,-0.93879,0.0120699,0.00856121,0.158587,-0.012856868948327101,higher expression -> LESS T2D
ENSG00000274139,chr15_101497780_T_G,0.872430500015031,0.810018,-0.00207474,0.00600075,0.729533,-0.0025613504885076627,higher expression -> LESS T2D
ENSG00000171056,chr8_10729350_G_C,0.870884173151547,0.557265,-0.0183522,0.00595139,0.00204456,-0.032932626308847676,higher expression -> LESS T2D
ENSG00000149292,chr11_113316054_G_A,0.870653150739663,-0.740163,-0.00473534,0.00656285,0.470578,0.006397698885245547,higher expression -> MORE T2D
ENSG00000180917,chr16_71326523_C_T,0.870331412556754,-0.432108,-0.000771139,0.00661602,0.907212,0.0017845978320234757,higher expression -> MORE T2D
ENSG00000123975,chr9_89555187_C_T,0.870313406622576,-0.626411,0.00450557,0.00798394,0.572531,-0.007192673819584905,higher expression -> LESS T2D
ENSG00000185522,chr11_536170_C_A,0.870040413931934,0.657474,-0.018052,0.010612,0.0889263,-0.027456599044220757,higher expression -> LESS T2D
ENSG00000133433,chr22_24000646_A_C,0.868654662470169,-1.16873,-0.00713195,0.0230851,0.757366,0.006102307633071795,higher expression -> MORE T2D
ENSG00000276007,chr16_78124857_G_C,0.867453929213341,0.513202,-0.00195681,0.00955224,0.837686,-0.0038129430516638664,higher expression -> LESS T2D
ENSG00000274979,chr12_69338325_T_C,0.863689406004598,-0.439528,-0.00793287,0.00593743,0.181524,0.018048611237509327,higher expression -> MORE T2D
ENSG00000125637,chr2_113185893_A_G,0.863658751828887,0.668495,-0.0107756,0.00590657,0.068102,-0.016119193112887904,higher expression -> LESS T2D
ENSG00000198064,chr16_30149961_G_T,0.863529724034435,-0.477307,0.000115458,0.00601781,0.984693,-0.0002418946296618319,higher expression -> LESS T2D
ENSG00000163975,chr3_196971249_T_G,0.86350540843168,1.10309,-0.020401,0.0169258,0.22808,-0.018494411154121603,higher expression -> LESS T2D
ENSG00000271780,chr14_101948430_G_A,0.859889765835947,0.801654,-0.0285147,0.00912185,0.00177219,-0.03556983436744531,higher expression -> LESS T2D
ENSG00000172197,chr6_20202539_G_A,0.850279623378331,-0.636249,0.018528,0.0065125,0.0044412,-0.02912067445292645,higher expression -> LESS T2D
ENSG00000124920,chr11_61757502_G_A,0.850129352056811,-0.895896,0.00185683,0.00587534,0.751974,-0.0020725954798324806,higher expression -> LESS T2D
ENSG00000140575,chr15_90440233_A_G,0.844797644046238,0.494783,0.00710217,0.00734189,0.33337,0.014354110792003768,higher expression -> MORE T2D
ENSG00000103148,chr16_139972_T_C,0.842526381607044,-0.345383,-0.00162059,0.00588078,0.782876,0.004692153348601408,higher expression -> MORE T2D
ENSG00000103168,chr16_84180359_G_A,0.842341251062589,-0.562793,0.00277439,0.00585987,0.635887,-0.004929681072792305,higher expression -> LESS T2D
ENSG00000099330,chr19_17226604_G_T,0.841882302559004,0.379845,0.00439091,0.00591352,0.457772,0.011559741473495767,higher expression -> MORE T2D
ENSG00000174007,chr3_196712253_C_G,0.841453576835009,0.565386,0.00609016,0.00736747,0.408447,0.010771685184988661,higher expression -> MORE T2D
ENSG00000254815,chr11_536170_C_A,0.840776441067003,0.872547,-0.018052,0.010612,0.0889263,-0.020688856875331642,higher expression -> LESS T2D
ENSG00000164880,chr7_1465340_C_T,0.838074176639096,-0.453027,0.000379739,0.00645935,0.95312,-0.0008382259777011083,higher expression -> LESS T2D
ENSG00000144120,chr2_119680939_G_C,0.837739205993018,-0.58776,-0.00840621,0.00854573,0.325276,0.014302113107390775,higher expression -> MORE T2D
ENSG00000263001,chr7_74720592_C_T,0.837733618080456,-0.463192,-0.0514563,0.00912568,1.71412e-08,0.11109064923401096,higher expression -> MORE T2D
ENSG00000237037,chr22_42126611_C_G,0.837102205516351,-0.900929,8.38739e-05,0.00584689,0.988555,-9.309712530066187e-05,higher expression -> LESS T2D
ENSG00000285762,chr22_23942093_C_G,0.834190565937537,-1.6848,-0.00971885,0.0110657,0.37979,0.005768548195631528,higher expression -> MORE T2D
ENSG00000119943,chr10_98926814_C_G,0.8333526924713,-1.47701,-0.0435271,0.230877,0.850462,0.02946973954137074,higher expression -> MORE T2D
ENSG00000175322,chr18_14132403_G_C,0.832245152542774,0.677433,0.00822438,0.00717196,0.251488,0.012140506884075622,higher expression -> MORE T2D
ENSG00000173258,chr9_110656853_C_A,0.828692588973752,1.41446,0.0076435,0.0305964,0.802729,0.005403829023090083,higher expression -> MORE T2D
ENSG00000109991,chr11_57351682_T_C,0.827113643159432,0.609746,-0.000814298,0.00971073,0.933171,-0.0013354708353970342,higher expression -> LESS T2D
ENSG00000232987,chr11_1899055_A_G,0.826336107072213,0.614087,0.0183604,0.00642586,0.00427307,0.02989869513603121,higher expression -> MORE T2D
ENSG00000253357,chr5_167379024_A_C,0.821717253248625,-0.956829,-0.000884738,0.00662945,0.893833,0.0009246563388024401,higher expression -> MORE T2D
ENSG00000259803,chr16_89194418_C_T,0.819731414695363,1.18295,-0.0101877,0.00815422,0.211526,-0.008612113783338263,higher expression -> LESS T2D
ENSG00000272733,chr22_23646070_T_C,0.819713554745496,-0.51905,0.00304044,0.00631533,0.630205,-0.005857701570176284,higher expression -> LESS T2D
ENSG00000236008,chr2_8583543_G_A,0.818958970964267,-0.846849,0.00831573,0.00627527,0.185119,-0.009819613650131252,higher expression -> LESS T2D
ENSG00000175265,chr15_34583543_C_CCGCCGCCGTCCTCGCCG,0.818651729103709,0.569006,-0.00145283,0.00604251,0.809993,-0.002553277118343216,higher expression -> LESS T2D
ENSG00000182022,chr10_124044156_G_A,0.817569364688937,0.773785,0.00421184,0.00825862,0.610056,0.005443165737252596,higher expression -> MORE T2D
ENSG00000172164,chr8_120859855_T_C,0.817464205582557,-0.537023,-0.014722,0.00660267,0.0257674,0.02741409585809174,higher expression -> MORE T2D
ENSG00000120645,chr12_131697_G_A,0.817327726530304,0.735093,0.00326845,0.00646042,0.612915,0.004446308154206338,higher expression -> MORE T2D
ENSG00000280433,chr21_5097921_C_T,0.814935065823331,-0.457919,0.0483454,0.0157243,0.00210805,-0.10557631371487096,higher expression -> LESS T2D
ENSG00000182154,chr9_137549626_T_C,0.813737680420474,0.489843,-0.00379335,0.00600208,0.527383,-0.00774401185686026,higher expression -> LESS T2D
ENSG00000181404,chr9_306517_G_A,0.810480357312851,-0.515192,0.0682832,0.0744973,0.359359,-0.1325393251448004,higher expression -> LESS T2D
ENSG00000197978,chr15_82377956_A_G,0.810294149441603,-0.65968,-0.00032406,0.00586645,0.955948,0.0004912381760853746,higher expression -> MORE T2D
ENSG00000288821,chr16_78611978_C_G,0.806380359049744,0.611972,-0.0155044,0.00590725,0.00867421,-0.025335146052433772,higher expression -> LESS T2D
ENSG00000158445,chr20_49475539_A_G,0.805565103239836,0.739711,0.0170347,0.00610508,0.00526672,0.02302885856773794,higher expression -> MORE T2D
ENSG00000182362,chr21_46298578_C_T,0.804406115923078,-0.776663,0.0134204,0.00627572,0.0324795,-0.017279566555893612,higher expression -> LESS T2D
ENSG00000204625,chr6_29977115_G_C,0.804172965347724,0.526759,0.0205978,0.00952912,0.0306521,0.039102891455105655,higher expression -> MORE T2D
ENSG00000253982,chr8_1761427_C_G,0.804155062647537,0.719379,-0.00547179,0.00665975,0.411293,-0.007606268740121688,higher expression -> LESS T2D
ENSG00000272360,chr3_58491105_C_A,0.80224080104273,-0.490581,-0.00953119,0.00605119,0.115235,0.019428371665433437,higher expression -> MORE T2D
ENSG00000226124,chr2_199756040_T_C,0.799210615461316,-0.434319,0.00226622,0.00671691,0.735822,-0.0052178698145832906,higher expression -> LESS T2D
ENSG00000260708,chr22_46762282_G_A,0.795080284564525,-0.660787,0.00109662,0.00616287,0.85877,-0.0016595665471627013,higher expression -> LESS T2D
ENSG00000110203,chr11_72139110_CTA_C,0.793537319482573,-0.818555,0.00834816,0.00914265,0.361189,-0.01019865494682703,higher expression -> LESS T2D
ENSG00000171840,chr12_642587_C_T,0.791709011588139,0.525124,0.0021218,0.00591777,0.719935,0.0040405694654976725,higher expression -> MORE T2D
ENSG00000262580,chr17_80207333_T_C,0.788951979005219,-0.759467,0.0108661,0.00611594,0.0756188,-0.014307534099572463,higher expression -> LESS T2D
ENSG00000104899,chr19_2249478_G_T,0.787532126468955,0.819817,0.00265127,0.00736539,0.718874,0.003233977826758898,higher expression -> MORE T2D
ENSG00000259709,chr15_52136916_A_C,0.785957733042037,1.83948,0.0303646,0.0152964,0.0471357,0.016507165068388892,higher expression -> MORE T2D
ENSG00000203875,chr6_85678170_G_T,0.785323644697061,0.649144,-0.0054059,0.00583252,0.354002,-0.008327736218774261,higher expression -> LESS T2D
ENSG00000289004,chr16_58551465_C_A,0.784413264126617,-0.433099,-0.0114514,0.00613527,0.0619741,0.026440605958452917,higher expression -> MORE T2D
ENSG00000275557,chr1_149629603_G_A,0.782622107670897,-0.855679,0.0092027,0.00888317,0.300216,-0.010754850826069121,higher expression -> LESS T2D
ENSG00000165688,chr9_136422149_C_T,0.782307137729181,0.643438,-0.0200779,0.00601778,0.000848614,-0.03120409425616765,higher expression -> LESS T2D
ENSG00000289142,chr1_220878371_C_G,0.780682131494571,0.957017,0.00982899,0.00913798,0.282097,0.010270444516659578,higher expression -> MORE T2D
ENSG00000189339,chr1_1665061_C_T,0.779884804391017,-0.903522,-0.0159895,0.00704159,0.0231633,0.017696857409116768,higher expression -> MORE T2D
ENSG00000104537,chr8_123725653_A_G,0.778942420970216,-0.855165,0.0043841,0.00583689,0.452591,-0.005126612992814253,higher expression -> LESS T2D
ENSG00000276850,chr10_48286783_A_T,0.770143840614427,-1.17773,-0.0542463,0.0266298,0.0416447,0.0460600477189169,higher expression -> MORE T2D
ENSG00000254094,chr4_1355814_T_A,0.768718484884092,-0.443728,-0.00994264,0.00590836,0.0924123,0.022407060181011792,higher expression -> MORE T2D
ENSG00000165948,chr14_94098420_G_A,0.765702598911706,0.799565,0.00146071,0.00798917,0.854926,0.0018268808664711439,higher expression -> MORE T2D
ENSG00000114126,chr3_142160128_G_A,0.761618358678522,0.464705,-0.0411618,0.0106167,0.000105711,-0.08857619349910158,higher expression -> LESS T2D
ENSG00000169885,chr1_1810077_T_A,0.760629913887991,-0.347091,-0.0102859,0.00619622,0.0969081,0.029634591504821506,higher expression -> MORE T2D
ENSG00000289039,chr10_133013682_G_A,0.760143736720321,0.756442,-0.00494381,0.00590497,0.402465,-0.0065356101327001944,higher expression -> LESS T2D
ENSG00000274512,chr17_37901291_T_TATA,0.759009322975503,-1.04329,-0.0490902,0.0301814,0.103843,0.0470532641930815,higher expression -> MORE T2D
ENSG00000259721,chr15_32709533_T_A,0.755624935101804,1.06263,-0.0103915,0.00661578,0.116249,-0.009779038799958593,higher expression -> LESS T2D
ENSG00000157315,chr16_69343650_A_G,0.753767054470812,-0.81088,-0.00270041,0.00605591,0.65566,0.0033302214877663767,higher expression -> MORE T2D
ENSG00000267534,chr19_10236408_T_C,0.753286633245722,0.546355,0.00923725,0.00655014,0.158469,0.01690704761556131,higher expression -> MORE T2D
ENSG00000186088,chr7_77397143_G_A,0.749575737325476,0.814388,0.0231423,0.0092214,0.0120856,0.02841679887228201,higher expression -> MORE T2D
ENSG00000175611,chr9_95887764_A_G,0.748439219563922,0.84929,-0.00534492,0.00586183,0.361865,-0.006293398014812373,higher expression -> LESS T2D
ENSG00000133687,chr12_29665316_G_A,0.747381956677324,-0.675752,-0.0133279,0.00767396,0.0824271,0.01972306408268122,higher expression -> MORE T2D
ENSG00000133816,chr11_12050000_A_G,0.744266537203229,-0.530458,0.00318053,0.00663119,0.631489,-0.0059958187076073885,higher expression -> LESS T2D
ENSG00000158286,chr1_6206026_A_G,0.743438549956997,-0.870437,-0.0173193,0.0246502,0.482302,0.019897247015005105,higher expression -> MORE T2D
ENSG00000171495,chr5_40998094_T_C,0.741478127433587,-0.781912,0.00226502,0.00652165,0.72836,-0.002896770992132107,higher expression -> LESS T2D
ENSG00000120675,chr13_43023570_C_T,0.736940977787301,-1.11341,-0.00956352,0.00693115,0.167652,0.008589396538561717,higher expression -> MORE T2D
ENSG00000171124,chr19_5866643_A_G,0.732571291709833,0.695071,-0.00648346,0.00656288,0.323203,-0.00932776651593866,higher expression -> LESS T2D
ENSG00000155530,chr7_134086377_C_T,0.730864124195315,-0.798042,-0.019505,0.00634439,0.00210945,0.024441069517644437,higher expression -> MORE T2D
ENSG00000269973,chr2_9819982_C_T,0.728305039281893,0.390479,0.00629159,0.00589122,0.285538,0.01611249260523613,higher expression -> MORE T2D
ENSG00000272977,chr22_25448060_CTGCGTGGCG_C,0.725746314566851,-1.02038,-0.0741563,0.195273,0.704125,0.07267517983496344,higher expression -> MORE T2D
ENSG00000272977,chr22_25448060_CTGCGTGGCG_C,0.725746314566851,-1.02038,0.0121579,0.0112667,0.280542,-0.011915070855955622,higher expression -> LESS T2D
ENSG00000205517,chr19_11745576_C_A,0.725337569090153,0.767841,0.00735402,0.0455751,0.87181,0.009577529722950454,higher expression -> MORE T2D
ENSG00000260083,chr16_30761991_G_A,0.724357814628514,0.821361,-0.02865,0.021859,0.18997,-0.034881130221668666,higher expression -> LESS T2D
ENSG00000147894,chr9_27529736_G_A,0.721617618830793,-0.413856,-0.0103067,0.00639685,0.107133,0.02490407291425037,higher expression -> MORE T2D
ENSG00000237937,chr11_116658807_A_G,0.719986358219815,-0.702743,0.00139245,0.00620117,0.822332,-0.0019814498330114993,higher expression -> LESS T2D
ENSG00000109472,chr4_165349860_T_A,0.718035577329955,0.473663,-0.0185162,0.00651649,0.00449107,-0.03909150598632361,higher expression -> LESS T2D
ENSG00000233942,chr7_95494158_A_G,0.717882530512503,-0.702657,-0.00550788,0.00583836,0.345478,0.007838646736601215,higher expression -> MORE T2D
ENSG00000143126,chr1_109274968_G_T,0.713916306124084,1.11985,0.0220441,0.00708329,0.00185746,0.019684868509175335,higher expression -> MORE T2D
ENSG00000274265,chr1_149183886_T_C,0.712064710369026,0.345454,-0.0201143,0.00831068,0.0155082,-0.05822569719846927,higher expression -> LESS T2D
ENSG00000234444,chr7_64687243_G_A,0.710868887318825,1.48118,0.0249745,0.0204316,0.221576,0.016861218758017257,higher expression -> MORE T2D
ENSG00000251061,chr4_170345163_G_A,0.709662812206474,0.973235,0.000825114,0.00635077,0.896627,0.0008478055145982213,higher expression -> MORE T2D
ENSG00000108179,chr10_79335762_C_T,0.708930302393255,-0.63564,-0.00243773,0.00716304,0.733615,0.003835079604807753,higher expression -> MORE T2D
ENSG00000131845,chr19_57352545_C_T,0.704816646455672,-0.536012,0.00584517,0.00587085,0.319432,-0.01090492377036335,higher expression -> LESS T2D
ENSG00000196268,chr19_21599427_T_C,0.704083699531123,-0.532477,-0.00141287,0.00617872,0.819128,0.002653391601890786,higher expression -> MORE T2D
ENSG00000180155,chr8_142785741_C_T,0.70382194313249,0.744028,-0.000976876,0.00605497,0.87183,-0.0013129559640228594,higher expression -> LESS T2D
ENSG00000126246,chr19_35739273_T_C,0.701768278990701,1.06105,0.0036224,0.0106212,0.733062,0.0034139767211724234,higher expression -> MORE T2D
ENSG00000217702,chr2_74127417_A_G,0.701531627303662,1.25094,0.0108913,0.00819601,0.183895,0.008706492717476458,higher expression -> MORE T2D
ENSG00000176393,chr1_201983470_G_A,0.700507749143839,-0.708284,-0.0158297,0.00615412,0.0101049,0.0223493683324768,higher expression -> MORE T2D
ENSG00000205978,chr14_24402720_C_T,0.694433271541709,0.575716,0.0127147,0.00605811,0.0358352,0.022085021086785846,higher expression -> MORE T2D
ENSG00000166881,chr12_57078761_C_T,0.694090855944669,1.617,0.0203536,0.0203712,0.317727,0.01258726035868893,higher expression -> MORE T2D
ENSG00000203900,chr20_63363313_C_T,0.693504925912893,-0.732219,0.00492862,0.0058902,0.402734,-0.00673107362687939,higher expression -> LESS T2D
ENSG00000289182,chr17_81513660_T_C,0.691348009921094,0.773377,0.00117834,0.00590221,0.841759,0.0015236294847144408,higher expression -> MORE T2D
ENSG00000022556,chr19_54962842_G_A,0.690810085771309,0.551727,-0.00265445,0.00598037,0.657143,-0.004811165667078102,higher expression -> LESS T2D
ENSG00000141391,chr18_12439063_A_C,0.687556434501915,0.700112,-0.00312265,0.00966552,0.746641,-0.004460214937038645,higher expression -> LESS T2D
ENSG00000256969,chr12_4012010_G_A,0.687525030309933,1.114,-0.0860534,0.0194217,9.38901e-06,-0.0772472172351885,higher expression -> LESS T2D
ENSG00000288778,chr22_36221856_C_G,0.686361542281058,-0.784266,0.00573741,0.00599968,0.338928,-0.007315642906870883,higher expression -> LESS T2D
ENSG00000260423,chr12_9305294_G_C,0.684500378645188,-0.039135,0.00717763,0.00624036,0.250064,-0.18340692474766832,higher expression -> LESS T2D
ENSG00000151948,chr12_128905081_T_TAAAC,0.681741547242255,0.830359,-0.00227505,0.00584022,0.69687,-0.0027398390334782904,higher expression -> LESS T2D
ENSG00000255545,chr11_134469757_C_G,0.677156453488339,-0.354644,0.00150635,0.00626979,0.810132,-0.004247498900305659,higher expression -> LESS T2D
ENSG00000236017,chrX_1411420_C_T,0.674177635884457,-0.374687,0.000542327,0.00904122,0.952168,-0.0014474134410854928,higher expression -> LESS T2D
ENSG00000258303,chr12_93837157_CATGTGAGAGAA_C,0.673753374257151,-0.753605,-0.0198172,0.00791013,0.0122352,0.02629653465674989,higher expression -> MORE T2D
ENSG00000268707,chr9_129147457_C_T,0.673079267782887,1.0835,0.0030449,0.0106789,0.775543,0.0028102445777572686,higher expression -> MORE T2D
ENSG00000030110,chr6_33580313_A_AG,0.672916363176986,-0.550411,-0.0081338,0.00705468,0.248925,0.014777684312268469,higher expression -> MORE T2D
ENSG00000146574,chr7_5890028_A_T,0.671178639241835,0.388108,-0.0023683,0.00681228,0.728102,-0.006102167437929648,higher expression -> LESS T2D
ENSG00000170802,chr2_48346756_G_C,0.668282026633973,0.709306,0.0320702,0.0106909,0.00270184,0.04521349036945973,higher expression -> MORE T2D
ENSG00000197056,chr1_34952435_C_G,0.667882841312909,1.23479,-0.00236028,0.0309969,0.939303,-0.0019114829242219326,higher expression -> LESS T2D
ENSG00000286619,chr1_205813590_A_G,0.666197443817066,1.1041,-0.0214907,0.00586852,0.000250225,-0.01946445068381487,higher expression -> LESS T2D
ENSG00000125734,chr19_6737228_T_C,0.665360874222435,-0.534569,0.0016641,0.00606401,0.78376,-0.0031129751257555154,higher expression -> LESS T2D
ENSG00000176593,chr19_58016935_A_G,0.665307963736006,-0.485778,0.0106147,0.0061246,0.083073,-0.02185092779006048,higher expression -> LESS T2D
ENSG00000255198,chr16_1964978_G_T,0.665200280202397,0.598804,0.00320735,0.00586051,0.584186,0.00535626014522281,higher expression -> MORE T2D
ENSG00000233429,chr7_27104138_T_C,0.664618310268338,-0.745538,0.0171003,0.0124261,0.168773,-0.02293685901992923,higher expression -> LESS T2D
ENSG00000196456,chr7_150375411_G_C,0.662489199180078,-0.434052,0.012643,0.00607219,0.0373328,-0.029127846433146257,higher expression -> LESS T2D
ENSG00000204839,chr8_143574807_G_C,0.661348457831126,1.57369,-0.0365806,0.0145075,0.0116858,-0.023245111807280974,higher expression -> LESS T2D
ENSG00000187010,chr1_25235176_G_A,0.660771986869289,-1.08905,-0.0107301,0.00615749,0.0814029,0.00985271566962031,higher expression -> MORE T2D
ENSG00000134460,chr10_6053965_C_A,0.660472489883484,0.649901,-0.0301219,0.0117743,0.0105196,-0.04634844383990793,higher expression -> LESS T2D
ENSG00000171365,chrX_50477410_C_A,0.659576732519041,-0.72534,-0.0407212,0.0286494,0.155212,0.05614084429371054,higher expression -> MORE T2D
ENSG00000230797,chrX_21836243_T_C,0.659052531205823,0.494834,-0.00434128,0.00562986,0.440638,-0.00877320475149242,higher expression -> LESS T2D
ENSG00000274895,chr1_213983517_T_C,0.659040392750376,0.506391,0.0380188,0.00588428,1.03958e-10,0.07507795359712158,higher expression -> MORE T2D
ENSG00000181381,chr4_168476196_A_AAAAC,0.658558392226599,-0.609036,-0.00346453,0.00586843,0.554944,0.005688547146638294,higher expression -> MORE T2D
ENSG00000183682,chr1_39554348_C_A,0.658185317121634,-0.985821,0.00207619,0.0120682,0.863408,-0.0021060517071557617,higher expression -> LESS T2D
ENSG00000129946,chr19_458829_G_A,0.656733857966959,-0.693496,-0.00765423,0.0090125,0.39572,0.011037165318905948,higher expression -> MORE T2D
ENSG00000259238,chr15_59721887_C_T,0.652471898639851,-0.680062,-0.00614624,0.00587419,0.295417,0.009037764203852001,higher expression -> MORE T2D
ENSG00000142197,chr21_36203237_G_A,0.649498096174344,1.0442,0.00394504,0.00625659,0.528341,0.0037780501819574797,higher expression -> MORE T2D
ENSG00000159733,chr4_2403611_C_A,0.649171440438991,0.804622,-0.000883337,0.00905945,0.922326,-0.0010978285455779237,higher expression -> LESS T2D
ENSG00000145934,chr5_167379024_A_C,0.648125973169243,-0.871365,-0.000884738,0.00662945,0.893833,0.001015347185163508,higher expression -> MORE T2D
ENSG00000151136,chr12_107670678_A_T,0.647120358694706,0.596561,0.00244006,0.00588554,0.678446,0.0040902103892141795,higher expression -> MORE T2D
ENSG00000157978,chr1_25573724_T_C,0.646611977012186,-0.356263,0.00637599,0.00612164,0.297621,-0.017896862710974758,higher expression -> LESS T2D
ENSG00000286789,chr10_133551499_C_T,0.645784962440237,-0.769556,-0.0145149,0.00707423,0.0401893,0.018861395402024025,higher expression -> MORE T2D
ENSG00000149054,chr11_6903328_G_A,0.644574026016069,0.85138,0.00908554,0.0076579,0.235454,0.010671545021024688,higher expression -> MORE T2D
ENSG00000167757,chr19_51019947_T_C,0.644519799396663,0.658992,-6.98284e-05,0.00590626,0.990567,-0.00010596243960472964,higher expression -> LESS T2D
ENSG00000249096,chr4_184365615_G_A,0.642715829870417,0.482097,0.00013226,0.00635312,0.983391,0.00027434313011696817,higher expression -> MORE T2D
ENSG00000231106,chr21_36005333_G_A,0.642633554676611,0.753294,0.00531848,0.00609743,0.383072,0.007060297838559713,higher expression -> MORE T2D
ENSG00000253616,chr8_23080343_G_A,0.642470914916671,0.556554,-0.00158432,0.00693921,0.819402,-0.002846659982679129,higher expression -> LESS T2D
ENSG00000144746,chr3_69105192_C_G,0.640995077017545,-0.422706,0.00191605,0.00585534,0.743493,-0.004532819501024353,higher expression -> LESS T2D
ENSG00000102858,chr16_4686079_TTCTGGCTGCGC_T,0.640511757124586,0.430893,-0.0104815,0.00589683,0.0754884,-0.024325064459158073,higher expression -> LESS T2D
ENSG00000289607,chr10_71348024_C_T,0.639718917986428,0.586649,-0.0119009,0.0071422,0.0956577,-0.02028623589233085,higher expression -> LESS T2D
ENSG00000164823,chr8_89889825_T_C,0.639443692777347,0.337708,-0.00901745,0.00617202,0.14401,-0.02670191407961908,higher expression -> LESS T2D
ENSG00000204876,chr7_155961234_T_A,0.634884062371891,1.07642,0.00369735,0.00592348,0.532505,0.00343485814087438,higher expression -> MORE T2D
ENSG00000100221,chr22_38700597_T_C,0.632407835771279,0.42131,-0.00159058,0.00596793,0.789838,-0.0037753198357503978,higher expression -> LESS T2D
ENSG00000196653,chr3_44721338_A_G,0.632325107420883,0.520909,-0.0303142,0.0070105,1.5314e-05,-0.058194809458081934,higher expression -> LESS T2D
ENSG00000198711,chr1_54277185_G_GTACC,0.631529195785375,0.662718,0.000629899,0.00900928,0.94426,0.0009504781822736064,higher expression -> MORE T2D
ENSG00000260932,chr16_83946901_T_C,0.630251686889939,-0.561044,0.013627,0.00637808,0.0326355,-0.02428864759270218,higher expression -> LESS T2D
ENSG00000178852,chr17_47332020_T_A,0.628468001859659,0.428508,0.00661526,0.00604022,0.273428,0.01543789147460491,higher expression -> MORE T2D
ENSG00000150054,chr10_28303187_C_CA,0.627973993704734,-0.658427,0.00904733,0.00684827,0.186464,-0.013740824723165969,higher expression -> LESS T2D
ENSG00000130653,chr9_137549626_T_C,0.623296416442366,0.285753,-0.00379335,0.00600208,0.527383,-0.013274926247493466,higher expression -> LESS T2D
ENSG00000175221,chr19_893080_A_G,0.621178664415254,-0.394086,-0.00617403,0.00586652,0.292608,0.015666707266941735,higher expression -> MORE T2D
ENSG00000262801,chr16_13246161_C_T,0.619694350263672,0.863162,0.000343275,0.00789648,0.965325,0.00039769475486640975,higher expression -> MORE T2D
ENSG00000288734,chr2_88137320_T_C,0.615363982892451,-0.610716,-0.00504815,0.00588043,0.390636,0.008265953405510909,higher expression -> MORE T2D
ENSG00000260710,chr16_1299658_T_G,0.615138104166886,-0.684354,-0.00512031,0.00682005,0.452789,0.007481961090312909,higher expression -> MORE T2D
ENSG00000198203,chr2_108269979_C_T,0.611251203083636,0.580681,-0.00800242,0.00584906,0.171264,-0.013781094955750231,higher expression -> LESS T2D
ENSG00000267452,chr17_51435992_G_T,0.610789607763238,0.635,-0.012493,0.00599118,0.0370476,-0.019674015748031497,higher expression -> LESS T2D
ENSG00000188185,chr7_39733396_G_A,0.60785548349502,-0.747411,0.0103587,0.00606153,0.0874661,-0.013859442796533634,higher expression -> LESS T2D
ENSG00000225765,chr2_104409824_T_C,0.607699715578748,0.443016,0.013118,0.00626583,0.0362978,0.02961066868916698,higher expression -> MORE T2D
ENSG00000237248,chr12_9244269_CT_C,0.604497358813983,0.647844,-0.00722565,0.00598777,0.227534,-0.011153379517291201,higher expression -> LESS T2D
ENSG00000081665,chr19_19826104_C_G,0.604157576035544,0.449904,0.0174398,0.00586258,0.00293218,0.03876338063231267,higher expression -> MORE T2D
ENSG00000100505,chr14_51028818_G_A,0.602753798799329,1.20745,0.00708778,0.0104241,0.496542,0.005870040167294713,higher expression -> MORE T2D
ENSG00000244125,chr2_142131585_C_A,0.601246231607609,-0.497729,0.00249603,0.00587799,0.6711,-0.005014837391431885,higher expression -> LESS T2D
ENSG00000186998,chr22_29217450_C_T,0.599960132370682,1.03731,-0.0138592,0.0118031,0.240316,-0.013360711841204655,higher expression -> LESS T2D
ENSG00000137673,chr11_102530930_T_C,0.5996192965056,-0.540672,0.00316426,0.00593281,0.593792,-0.005852457682291666,higher expression -> LESS T2D
ENSG00000171357,chr1_46198577_A_G,0.598598935657736,1.39767,-0.00361558,0.00811386,0.655882,-0.0025868624210292845,higher expression -> LESS T2D
ENSG00000002726,chr7_150825973_A_G,0.597843068025063,0.998736,0.00213167,0.00608443,0.726078,0.002134367840950962,higher expression -> MORE T2D
ENSG00000151360,chr2_3594771_T_C,0.59174555359011,-0.543985,0.00578547,0.00619774,0.350572,-0.010635348401150766,higher expression -> LESS T2D
ENSG00000121417,chr19_57643721_G_A,0.58805720799219,0.555872,0.00179898,0.00847811,0.831958,0.0032363205917909157,higher expression -> MORE T2D
ENSG00000138744,chr4_75919485_A_AC,0.587534236779851,0.602068,0.00822244,0.0172544,0.633687,0.01365699555531933,higher expression -> MORE T2D
ENSG00000224477,chr6_160698207_C_T,0.587400581877781,0.50635,0.0129723,0.00663643,0.0506186,0.02561923570652711,higher expression -> MORE T2D
ENSG00000189171,chr1_153628302_G_A,0.585745132509169,0.351412,0.00984674,0.00594537,0.097681,0.028020500153665782,higher expression -> MORE T2D
ENSG00000133106,chr13_42992237_A_C,0.580825237095972,0.666165,-0.00438707,0.00690598,0.525261,-0.006585560634377369,higher expression -> LESS T2D
ENSG00000229178,chr3_195603017_A_G,0.579312211546622,-0.516483,0.0139135,0.00673863,0.0389475,-0.026938931194250344,higher expression -> LESS T2D
ENSG00000174514,chr1_205633549_G_A,0.578174385065837,-0.408087,0.00445172,0.00622533,0.474549,-0.010908752300367324,higher expression -> LESS T2D
ENSG00000121577,chr3_119642403_A_G,0.57614451383925,-0.446514,0.00292089,0.00585952,0.618142,-0.006541541810559132,higher expression -> LESS T2D
ENSG00000165389,chr14_34499698_C_T,0.575447597629975,-0.674712,0.00356595,0.00614725,0.561855,-0.005285143883612564,higher expression -> LESS T2D
ENSG00000254260,chr8_20585357_C_A,0.573314278300075,-0.681272,0.0053579,0.00681207,0.431557,-0.00786455336488216,higher expression -> LESS T2D
ENSG00000196159,chr4_125313776_A_G,0.573216024733167,0.56386,0.0132297,0.00934557,0.156888,0.023462738977760435,higher expression -> MORE T2D
ENSG00000242147,chr10_5610791_C_A,0.571442829305261,-0.852689,-5.22482e-05,0.00982222,0.995756,6.127462650509154e-05,higher expression -> MORE T2D
ENSG00000185043,chr15_90233143_T_C,0.57142191003886,0.469693,-0.00427939,0.00586103,0.465302,-0.009111036357791152,higher expression -> LESS T2D
ENSG00000286388,chr5_1349420_A_G,0.570821456476803,-0.630766,0.0170913,0.00587112,0.0036018,-0.02709610219954785,higher expression -> LESS T2D
ENSG00000010626,chr12_6906751_A_G,0.569398224787868,1.06543,0.00191123,0.00678416,0.778158,0.0017938578789784406,higher expression -> MORE T2D
ENSG00000204172,chr10_47557412_C_A,0.56837974754536,-1.0591,0.00776484,0.00736021,0.291437,-0.007331545651968654,higher expression -> LESS T2D
ENSG00000232153,chr2_34704697_C_T,0.565278039826467,-0.601912,-0.00361543,0.00601811,0.548001,0.006006575712064222,higher expression -> MORE T2D
ENSG00000152749,chr13_94606690_T_C,0.564218894417575,-0.78722,0.0239047,0.00603994,7.56519e-05,-0.030365971393003226,higher expression -> LESS T2D
ENSG00000253196,chr8_142767785_C_T,0.563501082274814,0.438019,-0.000887827,0.00608747,0.884044,-0.00202691435759636,higher expression -> LESS T2D
ENSG00000266709,chr17_14306698_G_A,0.563186415511482,-0.385761,-0.00939063,0.0114647,0.412733,0.024343129554309534,higher expression -> MORE T2D
ENSG00000271980,chr5_10275758_G_C,0.562999369633875,0.369917,-0.00128152,0.00624585,0.837432,-0.003464344704352598,higher expression -> LESS T2D
ENSG00000255142,chr11_780321_C_CTG,0.562218570330019,-0.570891,-0.0108904,0.00586726,0.0634337,0.019076145884240597,higher expression -> MORE T2D
ENSG00000225177,chr6_138696995_A_G,0.560304810404559,0.564861,-0.0150567,0.00743722,0.0429181,-0.02665558429418919,higher expression -> LESS T2D
ENSG00000090316,chr4_1281669_T_C,0.559906103030278,-0.570469,0.000363725,0.00586586,0.950557,-0.0006375894220369556,higher expression -> LESS T2D
ENSG00000117602,chr1_24541244_G_T,0.559728227903124,0.609334,0.00827187,0.0058407,0.156704,0.01357526414084886,higher expression -> MORE T2D
ENSG00000261613,chr16_2663727_C_T,0.558919987603546,1.1819,0.0180989,0.0066452,0.00645729,0.015313393688129284,higher expression -> MORE T2D
ENSG00000116157,chr1_52602758_G_A,0.558871383672664,-0.902531,0.00956224,0.0058782,0.103794,-0.01059491585330587,higher expression -> LESS T2D
ENSG00000289444,chr10_47563459_T_C,0.55785071026197,-1.08428,-0.00689452,0.00728071,0.343661,0.006358615855683035,higher expression -> MORE T2D
ENSG00000100304,chr22_43181208_C_T,0.557327755999855,-0.461456,0.00296258,0.00591662,0.616567,-0.006420070385908949,higher expression -> LESS T2D
ENSG00000266933,chr19_488506_A_G,0.556824074309226,-0.485299,-0.00901559,0.00598116,0.131726,0.018577392494111878,higher expression -> MORE T2D
ENSG00000106125,chr7_30755715_A_G,0.556230741182452,0.465453,-0.00385966,0.00586602,0.510558,-0.008292265814163835,higher expression -> LESS T2D
ENSG00000183060,chr15_99733217_C_G,0.555038550983574,-0.748275,0.00287473,0.00613772,0.63952,-0.003841809495172229,higher expression -> LESS T2D
ENSG00000152348,chr5_82104445_A_C,0.55337960608692,0.79128,0.0174435,0.00709952,0.0140107,0.022044661813770097,higher expression -> MORE T2D
ENSG00000204934,chr7_149877742_C_T,0.552811695903983,0.517164,0.00574568,0.00657795,0.382404,0.011109976719183859,higher expression -> MORE T2D
ENSG00000111254,chr12_4648730_T_C,0.552347788809913,0.54799,0.011008,0.00600079,0.0665902,0.02008795780944908,higher expression -> MORE T2D
ENSG00000251369,chr19_57559827_C_T,0.549944925545049,0.756257,0.00231747,0.00742755,0.755033,0.0030643947758500086,higher expression -> MORE T2D
ENSG00000257062,chr12_20916115_G_A,0.549474933731262,1.12965,0.0259743,0.0247429,0.293826,0.022993227990970654,higher expression -> MORE T2D
ENSG00000182534,chr17_76710298_C_T,0.549022303847028,-0.593,0.00103526,0.00597755,0.8625,-0.0017458010118043847,higher expression -> LESS T2D
ENSG00000231467,chr22_37057216_G_T,0.548363247314774,0.504749,-0.000335398,0.00844407,0.968316,-0.0006644847240905875,higher expression -> LESS T2D
ENSG00000243384,chr3_58574316_G_T,0.54594850338193,0.844454,-0.00175073,0.00584239,0.764436,-0.0020732094347353435,higher expression -> LESS T2D
ENSG00000275426,chr4_167376_A_G,0.544592706024447,-0.61716,-0.0189169,0.00638709,0.003059,0.03065153282779182,higher expression -> MORE T2D
ENSG00000121898,chr10_123914031_T_G,0.543004435334381,-0.713098,0.00188819,0.0061496,0.758812,-0.002647868876367624,higher expression -> LESS T2D
ENSG00000243708,chr15_41841304_T_C,0.53952001467669,0.934457,0.0256581,0.00596452,1.69422e-05,0.027457764241693303,higher expression -> MORE T2D
ENSG00000188573,chr5_168531414_C_G,0.539180244648351,0.941633,-0.0107125,0.00592665,0.0706838,-0.011376512930196796,higher expression -> LESS T2D
ENSG00000287146,chr22_19292283_G_C,0.537389667959725,0.806275,0.0137974,0.00827421,0.0954113,0.017112523642677745,higher expression -> MORE T2D
ENSG00000124568,chr6_25829810_C_A,0.53570476007445,0.797898,-0.00319868,0.00844279,0.704789,-0.004008883340978421,higher expression -> LESS T2D
ENSG00000281404,chr7_30403918_T_C,0.533091530276955,-0.645316,0.0303721,0.0120283,0.0115678,-0.047065468700605594,higher expression -> LESS T2D
ENSG00000286303,chr12_16367558_A_G,0.53237866298236,-0.517341,-0.00840828,0.00595657,0.158068,0.016252877695755796,higher expression -> MORE T2D
ENSG00000134278,chr18_12552633_A_T,0.531498172312793,0.941397,-0.0055963,0.00585586,0.339237,-0.005944675838142675,higher expression -> LESS T2D
ENSG00000260565,chr16_2666434_A_G,0.529858140849118,-0.710654,0.0170425,0.0061285,0.00542163,-0.023981431188736007,higher expression -> LESS T2D
ENSG00000133019,chr1_239913308_A_G,0.528721685151364,0.493307,-0.00644343,0.00675545,0.340178,-0.013061703969333498,higher expression -> LESS T2D
ENSG00000288538,chr11_78201837_G_GC,0.527034961227471,-0.77047,-0.0191965,0.00702513,0.00628478,0.024915311433280983,higher expression -> MORE T2D
ENSG00000153814,chr7_28140480_C_T,0.52568355197298,-0.978998,0.0409902,0.00956729,1.83227e-05,-0.04186954416658665,higher expression -> LESS T2D
ENSG00000113318,chr5_80654344_C_CTGGCGCGTCCCGCCCAGGT,0.525324728345565,0.428395,-0.0119147,0.00584932,0.0416562,-0.02781241611129915,higher expression -> LESS T2D
ENSG00000184227,chr14_73526314_A_G,0.524893641623527,0.472291,0.0154456,0.00712824,0.0302489,0.032703566233529754,higher expression -> MORE T2D
ENSG00000168566,chr6_7590420_A_G,0.521544615828146,-0.442695,-0.000175173,0.00589712,0.976302,0.0003956968115745604,higher expression -> MORE T2D
ENSG00000178773,chr16_89871237_G_C,0.51953373851898,-1.02138,-0.000905633,0.0116443,0.938007,0.0008866758699015058,higher expression -> MORE T2D
ENSG00000100065,chr22_37483241_G_A,0.518461487517411,1.03123,5.46105e-05,0.0103367,0.995785,5.295666340195688e-05,higher expression -> MORE T2D
ENSG00000036448,chr8_2117303_T_G,0.517637006652486,0.549629,0.0133137,0.0066427,0.0450422,0.024223066832354187,higher expression -> MORE T2D
ENSG00000152672,chr2_70825809_A_G,0.513320553800449,-0.43147,0.000275766,0.00584384,0.962363,-0.000639131341692354,higher expression -> LESS T2D
ENSG00000274373,chr12_132433305_T_C,0.511684286305205,1.09755,0.0218191,0.00968114,0.0242103,0.019879823242676873,higher expression -> MORE T2D
ENSG00000185619,chr4_732533_G_A,0.511053661654427,-0.607606,0.00260305,0.00633704,0.681243,-0.004284108451858606,higher expression -> LESS T2D
ENSG00000169249,chrX_15796127_G_C,0.509850540328589,-0.575557,-0.00193273,0.00542062,0.721426,0.0033580166690701354,higher expression -> MORE T2D
ENSG00000186153,chr16_78282803_C_G,0.5096535967079,0.390172,0.0190877,0.00606264,0.00164161,0.04892124498938929,higher expression -> MORE T2D
ENSG00000185989,chr13_114112699_G_A,0.509458059156514,-0.511173,-0.00434478,0.00616936,0.481276,0.008499627327734446,higher expression -> MORE T2D
ENSG00000204257,chr6_32968343_C_T,0.508780556737961,1.39895,-0.0128803,0.0115033,0.262839,-0.009207119625433361,higher expression -> LESS T2D
ENSG00000078618,chr1_51562424_C_A,0.50780175037921,1.13,-0.0469189,0.0315792,0.137344,-0.04152115044247788,higher expression -> LESS T2D
ENSG00000272512,chr1_995786_A_G,0.504627276417971,-0.453362,-0.0132634,0.00590346,0.0246581,0.029255650010366993,higher expression -> MORE T2D
ENSG00000240344,chr2_201043814_G_A,0.504529526987186,-0.812766,-0.00389823,0.00714787,0.585499,0.004796251319567994,higher expression -> MORE T2D
ENSG00000168056,chr11_65556805_C_T,0.504062372228306,1.19974,-0.00304207,0.0131078,0.816474,-0.0025356077150049177,higher expression -> LESS T2D
ENSG00000271868,chr2_3515512_T_C,0.503637598282383,0.670415,-0.0051307,0.00696945,0.461627,-0.0076530208900457185,higher expression -> LESS T2D
ENSG00000289378,chr19_33183115_G_T,0.502674832039243,-0.471842,0.00559923,0.00646135,0.386177,-0.011866747767261076,higher expression -> LESS T2D
ENSG00000243818,chr3_142933393_A_G,0.50155862330448,0.379033,-0.00624398,0.00667612,0.349649,-0.016473446903040104,higher expression -> LESS T2D
ENSG00000077713,chrX_119395733_C_G,0.500799104630932,0.380724,0.0145406,0.00532148,0.00628666,0.03819197108666646,higher expression -> MORE T2D
ENSG00000205436,chr14_103110107_C_G,0.500693504504533,0.497295,0.00168256,0.00660716,0.798989,0.0033834243256015044,higher expression -> MORE T2D
ENSG00000244879,chr15_50356171_ATG_A,0.500614703971157,0.747745,-0.00796026,0.00670497,0.235142,-0.010645688035359648,higher expression -> LESS T2D
ENSG00000249572,chr5_33454223_G_A,0.500538137733145,-1.00984,0.00189792,0.00701758,0.786812,-0.001879426443793076,higher expression -> LESS T2D
ENSG00000181619,chr14_59473099_A_T,0.500517991526057,1.80237,-0.00240772,0.0332606,0.942292,-0.001335863335497151,higher expression -> LESS T2D
ENSG00000182263,chr2_163614467_T_G,0.500453139718162,0.52617,0.00600606,0.00720273,0.404361,0.011414675865214663,higher expression -> MORE T2D
ENSG00000281655,chr11_102642593_T_C,0.500433839752471,1.26248,-0.0133394,0.0069858,0.0561979,-0.010566028768772573,higher expression -> LESS T2D
ENSG00000106565,chr7_150800408_C_A,0.500390345609369,-0.795848,-0.0354384,0.0109287,0.0011841,0.04452910606045376,higher expression -> MORE T2D
ENSG00000132938,chr13_28955242_C_T,0.50037161247539,-0.813547,-0.00380862,0.00627451,0.543851,0.004681499655213528,higher expression -> MORE T2D
ENSG00000241106,chr6_32829080_ACAC_A,0.500138263864657,1.71115,0.0018547,0.0113105,0.869746,0.001083890950530345,higher expression -> MORE T2D
ENSG00000119673,chr14_73565418_C_T,0.500103660934364,-0.344881,-0.00487369,0.00590192,0.408928,0.014131512028786741,higher expression -> MORE T2D
ENSG00000188659,chr15_82270026_G_A,0.500043235110276,-0.27485,0.00639633,0.00585469,0.274608,-0.02327207567764235,higher expression -> LESS T2D
ENSG00000117748,chr1_27914572_G_A,0.500029723114068,1.36286,-0.0075508,0.0138918,0.586757,-0.005540407672101316,higher expression -> LESS T2D
ENSG00000164308,chr5_96916728_G_A,0.500027609766122,1.16477,0.00669722,0.00586409,0.253424,0.005749821853241412,higher expression -> MORE T2D
ENSG00000188000,chr19_9153725_G_A,0.499999999351285,1.67344,0.0131998,0.0101291,0.192521,0.007887823883736494,higher expression -> MORE T2D
ENSG00000113273,chr5_78982476_T_C,0.499994521004529,-0.768078,-0.0116921,0.00708129,0.098712,0.015222542502193787,higher expression -> MORE T2D
ENSG00000105185,chr19_32581179_A_G,0.499982586785474,0.570085,0.00877111,0.00688849,0.202912,0.015385617934167714,higher expression -> MORE T2D
ENSG00000100124,chr22_38051629_C_A,0.499967615343305,1.25872,0.0120612,0.0119579,0.313148,0.009582115164611668,higher expression -> MORE T2D
ENSG00000144134,chr2_113627627_T_C,0.499961023173471,-0.412402,0.00177228,0.00595727,0.766087,-0.004297457335318451,higher expression -> LESS T2D
ENSG00000184343,chrX_153785130_C_T,0.499958229463922,-0.855548,-0.0286106,0.0118959,0.0161693,0.03344125636434192,higher expression -> MORE T2D
ENSG00000229739,chr1_186899299_G_C,0.499833743427375,1.34983,-0.0201503,0.0206649,0.329512,-0.014928027973893008,higher expression -> LESS T2D
ENSG00000137675,chr11_102642593_T_C,0.499822176401403,1.09078,-0.0133394,0.0069858,0.0561979,-0.01222923045893764,higher expression -> LESS T2D
ENSG00000205865,chr11_1665422_G_T,0.49950591481651,0.85356,0.000646241,0.0189962,0.972862,0.0007571125638502272,higher expression -> MORE T2D
ENSG00000251209,chr15_97756001_G_A,0.499195739539771,0.681976,0.00454854,0.00607161,0.453767,0.006669648198763593,higher expression -> MORE T2D
ENSG00000157181,chr1_186899299_G_C,0.49876399085102,-1.36491,-0.0201503,0.0206649,0.329512,0.014763097933197059,higher expression -> MORE T2D
ENSG00000182923,chr3_134537268_G_C,0.498314319180332,1.11015,0.005633,0.0105484,0.593331,0.005074089087060307,higher expression -> MORE T2D
ENSG00000233621,chr1_37475037_G_A,0.497635430800012,0.49809,-0.00260957,0.00595541,0.661252,-0.005239153566624506,higher expression -> LESS T2D
ENSG00000270020,chr16_86531581_A_T,0.494299077649299,1.16671,0.0411546,0.0203962,0.0436164,0.0352740612491536,higher expression -> MORE T2D
ENSG00000167555,chr19_52414470_G_T,0.494005869299824,0.503827,-0.00646883,0.00666688,0.331901,-0.012839387329380917,higher expression -> LESS T2D
ENSG00000159363,chr1_17056944_A_G,0.493578509083537,0.842968,0.0166322,0.00965785,0.0850433,0.01973052357859373,higher expression -> MORE T2D
ENSG00000143355,chr1_197955640_G_A,0.493339538981585,1.67019,-0.0172851,0.0201877,0.391875,-0.0103491818296122,higher expression -> LESS T2D
ENSG00000176532,chr7_29566359_C_G,0.493239737625849,-1.34934,-0.0201984,0.0127264,0.112482,0.014969096002490105,higher expression -> MORE T2D
ENSG00000198912,chr1_3913050_A_G,0.493046550563212,0.654674,-3.63968e-05,0.00678602,0.995721,-5.559530392225749e-05,higher expression -> LESS T2D
ENSG00000041802,chr3_194648850_C_A,0.492779132885117,1.15464,-0.00298029,0.00791677,0.706581,-0.0025811421741841613,higher expression -> LESS T2D
ENSG00000099974,chr22_23924680_G_A,0.490850003181013,-0.869073,-0.00961675,0.00605387,0.112166,0.011065526141072155,higher expression -> MORE T2D
ENSG00000205106,chr11_45791523_G_C,0.490044394248286,0.800757,0.0275913,0.00584046,2.31057e-06,0.03445652051746035,higher expression -> MORE T2D
ENSG00000268043,chr1_147000715_T_C,0.489351354606781,-0.561494,0.000960412,0.00609031,0.874697,-0.0017104581705236386,higher expression -> LESS T2D
ENSG00000132677,chr1_156373126_A_G,0.489063600822128,-0.443774,-0.0148013,0.00668588,0.0268411,0.03335323836006616,higher expression -> MORE T2D
ENSG00000160014,chr19_46603007_G_C,0.488812108918215,-0.472468,0.0148128,0.00717192,0.0388866,-0.031351964577495194,higher expression -> LESS T2D
ENSG00000250317,chr4_25914835_A_G,0.487927830363053,-0.821066,-0.00560795,0.00635873,0.377815,0.006830084305037597,higher expression -> MORE T2D
ENSG00000164818,chr7_792966_T_C,0.48630211324751,-0.522049,0.00401159,0.00585101,0.492951,-0.007684316989401378,higher expression -> LESS T2D
ENSG00000277210,chr15_101525132_G_T,0.485234181979661,-0.528686,-0.0057579,0.00585671,0.325544,0.010890963634368983,higher expression -> MORE T2D
ENSG00000249740,chr5_38844649_C_G,0.485085206628418,-0.485817,-0.00128569,0.00739661,0.862005,0.0026464491773651394,higher expression -> MORE T2D
ENSG00000163866,chr1_34850574_C_A,0.48391397595494,0.301281,0.00918769,0.00700876,0.189897,0.030495417898905006,higher expression -> MORE T2D
ENSG00000196683,chr7_22793781_C_T,0.483183734749011,-0.576877,-0.0347887,0.00673734,2.42287e-07,0.06030522971101292,higher expression -> MORE T2D
ENSG00000100376,chr22_45333097_G_C,0.481631387793298,-1.35154,0.00833082,0.0076969,0.279092,-0.006163946313094692,higher expression -> LESS T2D
ENSG00000078549,chr7_31032854_C_T,0.479905006240788,0.939718,-0.0165519,0.00618671,0.00746414,-0.0176136883618277,higher expression -> LESS T2D
ENSG00000131966,chr14_58339884_G_A,0.479872082484392,-1.19389,0.0195153,0.0128161,0.127829,-0.016345978272705192,higher expression -> LESS T2D
ENSG00000014914,chr1_149936215_A_G,0.479321131808448,0.46281,-0.00611075,0.00644109,0.342766,-0.013203582463645988,higher expression -> LESS T2D
ENSG00000129204,chr17_4835728_G_A,0.478991683721835,1.52724,0.109265,0.0455584,0.0164691,0.07154409261150835,higher expression -> MORE T2D
ENSG00000160221,chr21_44092213_G_A,0.478880873735355,1.36621,-0.00648981,0.00844672,0.442296,-0.004750228734967539,higher expression -> LESS T2D
ENSG00000126790,chr14_59473099_A_T,0.478547191399041,-1.56868,-0.00240772,0.0332606,0.942292,0.0015348700818522579,higher expression -> MORE T2D
ENSG00000251532,chr5_1585654_C_T,0.478350775657656,-0.739099,0.0295827,0.0150708,0.0496569,-0.040025355195988634,higher expression -> LESS T2D
ENSG00000288007,chr1_212507707_G_A,0.47727714707474,0.757857,-0.0211509,0.00787448,0.00723119,-0.027908827127017366,higher expression -> LESS T2D
ENSG00000197353,chr8_142762732_G_A,0.476492827953718,1.10736,0.000705601,0.016844,0.966586,0.0006371920603958966,higher expression -> MORE T2D
ENSG00000284505,chr8_142780034_T_G,0.474695008143648,0.700993,-0.000531312,0.00605763,0.930107,-0.000757941948065102,higher expression -> LESS T2D
ENSG00000129347,chr19_10571147_C_T,0.474051745707891,0.577059,0.00732167,0.0063054,0.245571,0.012687905396155332,higher expression -> MORE T2D
ENSG00000131697,chr1_5992014_C_CCCA,0.473232604275379,1.23807,0.00837892,0.00617261,0.174643,0.006767727188284992,higher expression -> MORE T2D
ENSG00000153885,chr19_33787413_T_C,0.472665524256852,0.69589,0.0197121,0.00759976,0.00949271,0.028326459641610024,higher expression -> MORE T2D
ENSG00000250012,chr3_126085342_C_A,0.471785139522579,-0.576801,-0.00971341,0.00762857,0.202914,0.016840140707106956,higher expression -> MORE T2D
ENSG00000160226,chr21_44335925_G_A,0.467269261356842,-0.469286,-0.00282213,0.00710352,0.691157,0.006013667571587476,higher expression -> MORE T2D
ENSG00000260876,chr16_79721549_G_A,0.467268557025205,-0.789408,-0.00775082,0.0063556,0.222645,0.009818522234383235,higher expression -> MORE T2D
ENSG00000132600,chr16_68355869_C_T,0.467188991515202,-0.442738,-0.00550197,0.00596257,0.356137,0.012427146529098473,higher expression -> MORE T2D
ENSG00000106392,chr7_7176935_T_G,0.466701425475599,0.796664,0.0344549,0.00830086,3.3136e-05,0.04324897321832039,higher expression -> MORE T2D
ENSG00000013288,chr4_6608895_C_T,0.466153095025903,-0.522266,0.0034486,0.00812286,0.671161,-0.006603148587118441,higher expression -> LESS T2D
ENSG00000143028,chr1_109466812_A_C,0.466014899614877,-0.995221,-0.00510167,0.00621433,0.411674,0.005126167956664902,higher expression -> MORE T2D
ENSG00000158406,chr6_26285455_T_C,0.464864575425958,-0.60875,-0.0110824,0.00609975,0.0692389,0.018205174537987676,higher expression -> MORE T2D
ENSG00000159261,chr21_36475191_G_A,0.464409692612346,0.288202,0.00310225,0.00597524,0.603633,0.010764151532605602,higher expression -> MORE T2D
ENSG00000168724,chr5_34563769_G_A,0.464237205741492,-0.4401,-0.016173,0.00634009,0.0107443,0.03674846625766871,higher expression -> MORE T2D
ENSG00000142609,chr1_1921745_T_C,0.462328504970609,0.597139,-0.011204,0.0058643,0.0560622,-0.01876280062096095,higher expression -> LESS T2D
ENSG00000147419,chr8_27772635_G_A,0.461565494680146,0.580761,0.00282707,0.00584702,0.628736,0.00486787163738612,higher expression -> MORE T2D
ENSG00000150787,chr11_112205864_G_C,0.460328370488518,-0.638825,0.0102737,0.00663943,0.121774,-0.016082182131256603,higher expression -> LESS T2D
ENSG00000218537,chr22_23924680_G_A,0.459780512584323,1.11811,-0.00961675,0.00605387,0.112166,-0.008600897943851679,higher expression -> LESS T2D
ENSG00000101188,chr20_62775724_T_C,0.459596768851553,-0.628428,0.011605,0.00666981,0.081871,-0.0184667137683235,higher expression -> LESS T2D
ENSG00000154914,chr17_9688254_TG_T,0.459053776780632,0.962979,0.00389517,0.00669849,0.560905,0.004044916867346017,higher expression -> MORE T2D
ENSG00000175772,chr2_110367786_G_C,0.456019828102353,-1.08293,-0.00709522,0.0156336,0.649941,0.00655187315892994,higher expression -> MORE T2D
ENSG00000288075,chr4_9132793_T_C,0.454886487245245,0.86077,0.00220435,0.00666839,0.740971,0.002560904771309409,higher expression -> MORE T2D
ENSG00000261126,chr18_80068160_T_C,0.454791542570181,-0.872824,0.00893545,0.00702057,0.203106,-0.010237401812965728,higher expression -> LESS T2D
ENSG00000170638,chr22_50190508_G_A,0.454122160292885,-0.541024,-0.0015363,0.00954739,0.872162,0.00283961524812208,higher expression -> MORE T2D
ENSG00000253428,chr5_173691301_C_T,0.453931124281215,0.587038,0.00700733,0.00659141,0.287736,0.01193675707535117,higher expression -> MORE T2D
ENSG00000156232,chr15_82812827_A_C,0.45368580256385,0.773019,-0.00300009,0.00588658,0.610297,-0.0038810042185250296,higher expression -> LESS T2D
ENSG00000223784,chr10_6739028_GT_G,0.452507588335112,0.533344,-0.00535491,0.00738588,0.46844,-0.010040255444891101,higher expression -> LESS T2D
ENSG00000185519,chr1_16063332_T_TCCCTGGATGCTCAGTCCAGTCCAGC,0.451760957380229,1.42899,-0.0228395,0.0163565,0.162608,-0.015982966990671733,higher expression -> LESS T2D
ENSG00000058453,chr1_16963416_C_T,0.451581149982484,0.431682,0.00322541,0.00609633,0.596754,0.007471726873022271,higher expression -> MORE T2D
ENSG00000177239,chr9_137111973_C_G,0.45051437581763,-0.701062,-0.0131887,0.00626924,0.035403,0.018812458812487342,higher expression -> MORE T2D
ENSG00000123892,chr11_88146459_A_G,0.449950038861398,0.724038,-0.00961784,0.00644478,0.135609,-0.01328361218610073,higher expression -> LESS T2D
ENSG00000060069,chr18_79707811_C_A,0.447953395675497,-0.557263,0.0132094,0.00611106,0.0306521,-0.02370406791766186,higher expression -> LESS T2D
ENSG00000114395,chr3_50372395_A_G,0.447300755768528,-0.491492,0.0180769,0.00746151,0.0154064,-0.036779642394993206,higher expression -> LESS T2D
ENSG00000168411,chr16_74660794_T_C,0.447266282177468,-0.361124,-0.00876394,0.00602862,0.146023,0.02426850610870504,higher expression -> MORE T2D
ENSG00000267077,chr16_4788197_T_C,0.446501626794107,0.589737,-0.0152902,0.00690253,0.0267485,-0.025927150577291235,higher expression -> LESS T2D
ENSG00000197020,chr19_21767600_T_C,0.444012518096123,-0.842364,0.0188672,0.00585952,0.00128224,-0.022397918239620878,higher expression -> LESS T2D
ENSG00000130332,chr19_2360013_C_T,0.442810706235327,0.653947,0.0191834,0.00589554,0.00113836,0.02933479318660381,higher expression -> MORE T2D
ENSG00000182156,chr17_79731283_C_T,0.440591187028357,-0.577003,0.0045854,0.00603261,0.447193,-0.007946925752552412,higher expression -> LESS T2D
ENSG00000125505,chr19_54167640_T_G,0.440354058885895,0.607509,-0.021369,0.00691452,0.00199857,-0.03517478753401184,higher expression -> LESS T2D
ENSG00000236267,chr11_116813448_T_C,0.440108092250713,0.792487,-0.0237527,0.00718887,0.000952862,-0.029972352858785065,higher expression -> LESS T2D
ENSG00000165985,chr10_16513333_A_G,0.437701412528581,0.773577,0.00498533,0.011493,0.664454,0.006444516835428148,higher expression -> MORE T2D
ENSG00000234378,chr2_20106868_G_C,0.437503935388885,0.896229,-0.000864891,0.00630608,0.890911,-0.0009650334903244594,higher expression -> LESS T2D
ENSG00000111886,chr6_89329951_G_C,0.435793230560952,0.379312,0.0037445,0.00624699,0.5489,0.009871820559328469,higher expression -> MORE T2D
ENSG00000166928,chr11_60391176_G_A,0.435503116965418,0.69435,-0.0108374,0.00604614,0.0730617,-0.015607978685101173,higher expression -> LESS T2D
ENSG00000250258,chr5_79785890_A_G,0.434725675520995,0.578126,-0.00914925,0.00739494,0.216001,-0.01582570235554187,higher expression -> LESS T2D
ENSG00000175003,chr6_160139813_A_G,0.429949989299254,0.362079,0.00890518,0.00586433,0.12888,0.02459457742647323,higher expression -> MORE T2D
ENSG00000105877,chr7_21567734_T_C,0.424760765386084,0.802591,-0.00242981,0.0067942,0.720619,-0.0030274573225964408,higher expression -> LESS T2D
ENSG00000175920,chr4_3461725_G_A,0.424598553445548,0.42864,0.000489638,0.00589453,0.933799,0.001142305897723031,higher expression -> MORE T2D
ENSG00000126464,chr19_49584136_C_T,0.423756803399923,0.897264,0.00783662,0.0107892,0.467632,0.008733906631715973,higher expression -> MORE T2D
ENSG00000261105,chr13_75636606_A_C,0.421505211520625,-0.433996,0.00127212,0.00589475,0.82914,-0.002931179089208196,higher expression -> LESS T2D
ENSG00000196418,chr1_247159958_C_A,0.420196973482638,-0.594694,0.00579244,0.00678501,0.393265,-0.009740202524323435,higher expression -> LESS T2D
ENSG00000234854,chr13_109707835_G_A,0.420132136446559,0.742589,-0.0179605,0.00712714,0.0117349,-0.024186326487464802,higher expression -> LESS T2D
ENSG00000161395,chr17_39670910_A_G,0.419534207313849,-0.306577,-0.0112528,0.00628449,0.0733618,0.036704645162552965,higher expression -> MORE T2D
ENSG00000137968,chr1_75393107_G_A,0.41866732288745,-0.83032,0.00434929,0.0058429,0.456652,-0.005238088929569323,higher expression -> LESS T2D
ENSG00000251136,chr8_89709136_C_G,0.418364759727388,-0.758832,0.00549145,0.0160735,0.732617,-0.007236713791722016,higher expression -> LESS T2D
ENSG00000042088,chr14_89999280_A_G,0.417746030742504,-0.766545,0.00418931,0.0108912,0.700497,-0.005465184692353351,higher expression -> LESS T2D
ENSG00000065268,chr19_984537_A_G,0.416726752691178,1.27719,-0.00853782,0.00870785,0.326853,-0.006684847203626712,higher expression -> LESS T2D
ENSG00000108963,chr17_2029720_A_G,0.416544932592214,-0.446018,0.00236563,0.00589915,0.688411,-0.005303889080709747,higher expression -> LESS T2D
ENSG00000261707,chr16_77748361_G_A,0.416050212818211,-0.530171,0.00940638,0.00583372,0.106872,-0.01774216243438438,higher expression -> LESS T2D
ENSG00000135046,chr9_74109585_CTCT_C,0.415022303239507,-0.5514,0.0130542,0.0102387,0.202315,-0.023674646354733406,higher expression -> LESS T2D
ENSG00000289594,chr13_100648425_T_G,0.414649707498062,1.12118,6.66968e-05,0.00595061,0.991057,5.948803938707433e-05,higher expression -> MORE T2D
ENSG00000248333,chr1_1717376_CTAACACCCG_C,0.414050777882301,-0.493403,-0.00887936,0.00612161,0.146921,0.01799616135289003,higher expression -> MORE T2D
ENSG00000288611,chr8_52825473_G_A,0.413142194750843,-0.751705,-0.0026169,0.00597472,0.661389,0.0034812858767734687,higher expression -> MORE T2D
ENSG00000167766,chr19_52615913_G_A,0.412483092434844,0.344028,0.00140488,0.00604229,0.816143,0.00408362110060809,higher expression -> MORE T2D
ENSG00000243317,chr7_135664525_A_T,0.412223085281646,0.748588,0.0121384,0.00770675,0.115248,0.016215060887965076,higher expression -> MORE T2D
ENSG00000165471,chr10_52771925_G_C,0.40919596979245,0.741303,0.00242282,0.00722513,0.737374,0.003268326177015336,higher expression -> MORE T2D
ENSG00000214872,chr11_57544281_G_T,0.408993100739405,0.624089,0.00438854,0.00585474,0.453514,0.007031913717434532,higher expression -> MORE T2D
ENSG00000251580,chr4_6672879_C_T,0.407598219102444,-0.733315,-0.00917038,0.00815587,0.260847,0.012505376270770405,higher expression -> MORE T2D
ENSG00000095261,chr9_120848010_C_T,0.40696962269183,-0.822367,0.0179691,0.00591145,0.0023681,-0.021850463357600682,higher expression -> LESS T2D
ENSG00000166402,chr11_7627519_A_G,0.406705209185151,0.53464,0.00371691,0.00594069,0.531531,0.006952173425108484,higher expression -> MORE T2D
ENSG00000185432,chr12_50484125_G_T,0.406473763194111,0.74297,-0.0342391,0.0220379,0.120269,-0.046084094916349246,higher expression -> LESS T2D
ENSG00000171533,chr11_75686186_T_G,0.406254151665982,-0.431131,0.00534467,0.00585664,0.361462,-0.0123968584954457,higher expression -> LESS T2D
ENSG00000273295,chr22_23924680_G_A,0.405898816324157,1.08429,-0.00961675,0.00605387,0.112166,-0.008869167842551347,higher expression -> LESS T2D
ENSG00000289286,chr6_73568139_G_C,0.403993971408328,-0.513069,-0.00611813,0.00628168,0.330075,0.011924575446967173,higher expression -> MORE T2D
ENSG00000103249,chr16_1460537_A_G,0.400682678703893,-0.781828,0.00709986,0.00993669,0.474912,-0.009081102237320742,higher expression -> LESS T2D
ENSG00000101457,chr20_45791998_G_A,0.400512646161749,0.554915,-0.000928208,0.0061842,0.880691,-0.0016727030265896578,higher expression -> LESS T2D
ENSG00000254859,chr8_143535521_A_G,0.400185801359751,-0.995485,0.0044431,0.00594875,0.455126,-0.004463251580887708,higher expression -> LESS T2D
ENSG00000110080,chr11_126364925_G_C,0.400103266194847,0.819044,-0.0115289,0.00834336,0.167031,-0.014076044754616358,higher expression -> LESS T2D
ENSG00000174358,chr5_1187527_G_A,0.399017370820042,-0.762983,0.00311469,0.00836659,0.709687,-0.004082253470916128,higher expression -> LESS T2D
ENSG00000261616,chr15_99277476_A_G,0.398591739382196,-0.748305,0.0047307,0.0111329,0.670886,-0.00632188746567242,higher expression -> LESS T2D
ENSG00000183092,chr14_100538878_T_C,0.39671166295051,-0.476346,0.00328559,0.00589318,0.577169,-0.006897486280980632,higher expression -> LESS T2D
ENSG00000262877,chr17_81395365_C_T,0.396530819303053,1.15952,-0.00502052,0.00912375,0.582134,-0.004329826134952393,higher expression -> LESS T2D
ENSG00000285696,chr11_108304031_G_A,0.396342520481934,1.29728,-0.0038927,0.0110904,0.72559,-0.0030006629255056733,higher expression -> LESS T2D
ENSG00000281162,chr2_101962100_A_G,0.396077742035549,-0.722722,0.00474652,0.00742277,0.522527,-0.006567559863958756,higher expression -> LESS T2D
ENSG00000181894,chr19_58150868_C_T,0.395667716020696,-0.639295,-0.000122202,0.00866486,0.988748,0.00019115118998271535,higher expression -> MORE T2D
ENSG00000140319,chr15_40031491_A_G,0.395561732427449,-0.701346,0.00478992,0.0100666,0.6342,-0.006829610491825717,higher expression -> LESS T2D
ENSG00000133048,chr1_203186754_G_C,0.39473112401611,0.484607,-0.0101256,0.00658198,0.123954,-0.020894456745362736,higher expression -> LESS T2D
ENSG00000198502,chr6_32636487_G_T,0.394725523804309,-1.31903,0.0148028,0.00821267,0.0714776,-0.011222489253466562,higher expression -> LESS T2D
ENSG00000117114,chr1_81798632_T_G,0.394120050535436,-0.511142,0.00834099,0.00669355,0.212719,-0.016318342065414305,higher expression -> LESS T2D
ENSG00000283240,chr12_16365260_A_AT,0.392730401150344,-0.605766,-0.00833625,0.00595739,0.161719,0.013761501966105724,higher expression -> MORE T2D
ENSG00000272911,chr17_2688267_G_A,0.392660879794822,-0.434717,-0.000252122,0.00587343,0.965761,0.0005799681171888839,higher expression -> MORE T2D
ENSG00000188163,chr9_137249763_A_G,0.390652552993776,-1.00763,0.00401197,0.00734372,0.584851,-0.003981590464753927,higher expression -> LESS T2D
ENSG00000187624,chr17_409857_G_A,0.390361944450033,1.20125,-0.0093645,0.00676188,0.166084,-0.007795629552549428,higher expression -> LESS T2D
ENSG00000100577,chr14_77324529_T_A,0.389913613342571,-0.352404,0.00508258,0.00599587,0.396617,-0.014422594522196115,higher expression -> LESS T2D
ENSG00000255026,chr11_289553_G_C,0.389418674726024,0.612381,0.0120493,0.00652582,0.0648321,0.019676149325338312,higher expression -> MORE T2D
ENSG00000275491,chr20_3810869_G_T,0.389363356039955,0.531518,0.00881839,0.00599924,0.141584,0.016590952705270563,higher expression -> MORE T2D
ENSG00000136213,chr7_2359850_G_C,0.389230368125904,1.56003,0.0594718,0.0273893,0.0299047,0.038122215598417976,higher expression -> MORE T2D
ENSG00000264745,chr18_24001970_C_T,0.388923212414331,0.542391,-0.00647257,0.00644691,0.315388,-0.011933402287279841,higher expression -> LESS T2D
ENSG00000287735,chr14_20317850_C_A,0.388332077568874,-0.530309,0.0152326,0.00649569,0.0190252,-0.02872400807830906,higher expression -> LESS T2D
ENSG00000148484,chr10_16830886_A_G,0.38821362622576,0.479486,-0.0125712,0.00696616,0.0711345,-0.026218075188848056,higher expression -> LESS T2D
ENSG00000276566,chr2_90155495_G_A,0.387641272947366,-0.799521,-0.00732639,0.00935525,0.43355,0.00916347413013542,higher expression -> MORE T2D
ENSG00000140400,chr15_75506965_G_A,0.386698393036862,0.808683,-0.0306277,0.00715583,1.8681e-05,-0.0378735549034665,higher expression -> LESS T2D
ENSG00000155158,chr9_15304784_C_A,0.385392073177224,-0.663493,-0.0254731,0.00906503,0.00495359,0.038392417101612224,higher expression -> MORE T2D
ENSG00000287837,chr13_40874262_G_C,0.385220042986036,-0.4728,-0.00941894,0.0061794,0.127447,0.019921615905245348,higher expression -> MORE T2D
ENSG00000261600,chr2_91453255_T_G,0.383406765211389,-0.469738,0.0419019,0.0221005,0.0579642,-0.08920270448633068,higher expression -> LESS T2D
ENSG00000189060,chr22_36880243_C_A,0.382878488909507,0.458653,-0.00400725,0.00595052,0.500675,-0.008736997250644824,higher expression -> LESS T2D
ENSG00000125877,chr20_3212640_AG_A,0.382746808662172,-0.827922,0.00939501,0.0105748,0.374308,-0.011347699420959945,higher expression -> LESS T2D
ENSG00000145214,chr4_966925_G_A,0.382248378090664,0.405288,0.00143168,0.00587572,0.807494,0.003532500345433371,higher expression -> MORE T2D
ENSG00000282122,chr14_106028946_C_A,0.381169493626242,1.01543,0.00171808,0.00811074,0.832242,0.0016919728587888874,higher expression -> MORE T2D
ENSG00000102362,chrX_100767215_G_T,0.380706333475312,0.509411,0.00959069,0.00478397,0.0449894,0.018827017869657313,higher expression -> MORE T2D
ENSG00000273117,chr7_155296798_A_ACT,0.378677750743606,0.536091,0.00148495,0.0065581,0.820867,0.0027699588316162744,higher expression -> MORE T2D
ENSG00000151470,chr4_129121077_A_C,0.377205710571762,-0.828725,-0.00508804,0.00816365,0.533116,0.006139599987933271,higher expression -> MORE T2D
ENSG00000224272,chr2_241812055_TGACCCCAGAGGGTGTGCGCG_T,0.376943601660257,-0.416069,-0.00299374,0.00683518,0.661394,0.007195296933922017,higher expression -> MORE T2D
ENSG00000163320,chr3_88058029_T_C,0.376807395607544,0.479546,-0.00918944,0.00798021,0.249515,-0.019162791473602118,higher expression -> LESS T2D
ENSG00000267769,chr19_4457521_C_G,0.376764911090314,-0.844369,-0.0127264,0.00795026,0.109432,0.015072083413768152,higher expression -> MORE T2D
ENSG00000100321,chr22_39342720_T_C,0.375650927634098,0.416012,-0.00807294,0.00591847,0.17256,-0.019405545993865563,higher expression -> LESS T2D
ENSG00000282021,chr8_1763109_T_C,0.375359342995214,-1.08732,0.0045018,0.00852317,0.597371,-0.0041402714932126695,higher expression -> LESS T2D
ENSG00000260778,chr16_2264880_CCA_C,0.374821230119305,0.393432,-0.0151231,0.00593552,0.010837,-0.03843891701742614,higher expression -> LESS T2D
ENSG00000269125,chr13_113257337_C_T,0.374647560999484,-0.242287,0.00245038,0.0100257,0.806913,-0.010113543029547601,higher expression -> LESS T2D
ENSG00000276449,chr19_57432329_A_G,0.373816026509521,-0.461057,0.000258241,0.0058625,0.964865,-0.0005601064510461829,higher expression -> LESS T2D
ENSG00000166130,chr12_98605333_C_T,0.373060016994153,0.418041,-0.00652103,0.00661116,0.323953,-0.015599020191799368,higher expression -> LESS T2D
ENSG00000223638,chr19_55759309_G_C,0.373048260116831,-0.344255,0.0197493,0.00697171,0.00461456,-0.05736822994582505,higher expression -> LESS T2D
ENSG00000146285,chr6_107817767_C_G,0.37294457074972,-0.719253,0.00641209,0.00851579,0.451471,-0.008914929795218093,higher expression -> LESS T2D
ENSG00000196704,chr17_68248848_T_C,0.372060196264473,-0.364762,0.0192443,0.00585621,0.00101573,-0.05275851102910939,higher expression -> LESS T2D
ENSG00000176974,chr17_18365345_C_T,0.371166280321013,0.862145,-0.00380805,0.0101082,0.706374,-0.004416948425148902,higher expression -> LESS T2D
ENSG00000272240,chr8_250451_T_C,0.370629803065249,0.558556,0.00718637,0.00590516,0.223618,0.012865979418357334,higher expression -> MORE T2D
ENSG00000254415,chr19_51627385_C_A,0.370376530437087,-0.705403,-0.00604744,0.00792637,0.445492,0.00857302846741508,higher expression -> MORE T2D
ENSG00000127663,chr19_5080189_C_T,0.369645818118821,0.450418,-0.0151774,0.00602504,0.0117671,-0.033696255478244654,higher expression -> LESS T2D
ENSG00000213171,chr1_151617730_A_G,0.369172798245899,1.26398,-0.0266134,0.0155815,0.0876335,-0.021055238215794553,higher expression -> LESS T2D
ENSG00000250312,chr4_109223_T_C,0.369008461412633,1.0111,0.00893927,0.00663283,0.177745,0.008841133419048559,higher expression -> MORE T2D
ENSG00000127399,chr7_150336793_A_G,0.368994466842498,1.05367,0.00965808,0.006602,0.143494,0.009166133609194528,higher expression -> MORE T2D
ENSG00000237886,chr9_136546393_G_A,0.368544581835227,-0.424569,-0.00289273,0.00589626,0.623706,0.006813333050693763,higher expression -> MORE T2D
ENSG00000092758,chr20_62833088_G_A,0.368369900545132,-0.477078,0.000583573,0.00743566,0.937444,-0.0012232234561224788,higher expression -> LESS T2D
ENSG00000285907,chr9_89599052_G_A,0.367970812131798,-0.714929,0.00128132,0.00583985,0.826331,-0.0017922339141369283,higher expression -> LESS T2D
ENSG00000225889,chr2_64274565_CA_C,0.366999906653229,-0.642835,0.00305195,0.00725685,0.674075,-0.004747641307645041,higher expression -> LESS T2D
ENSG00000233415,chr20_40005839_C_T,0.36665886182328,-0.722861,-0.000327087,0.00892189,0.970755,0.0004524894827636295,higher expression -> MORE T2D
ENSG00000112297,chr6_106513082_C_T,0.366377482996774,-0.759692,-0.00143172,0.0068549,0.834556,0.0018846058665880382,higher expression -> MORE T2D
ENSG00000115425,chr2_216041204_G_A,0.366244810134097,0.415587,0.0126764,0.0114512,0.2683,0.0305023978132136,higher expression -> MORE T2D
ENSG00000272787,chr22_23924680_G_A,0.365602121627067,-1.11012,-0.00961675,0.00605387,0.112166,0.008662802219579865,higher expression -> MORE T2D
ENSG00000196204,chr7_4975088_AT_A,0.363074677556214,-0.823049,-0.0176227,0.00642333,0.00607799,0.021411483398922786,higher expression -> MORE T2D
ENSG00000283991,chr7_4111258_T_C,0.362147198714134,0.855066,0.0279429,0.00819576,0.000650999,0.03267923177859955,higher expression -> MORE T2D
ENSG00000279833,chr22_39164394_AT_A,0.361730450919185,-0.50268,-0.0209008,0.00727679,0.0040754,0.041578737964510226,higher expression -> MORE T2D
ENSG00000132881,chr1_16230128_C_T,0.361340838349109,-0.586693,0.013446,0.00722679,0.0628044,-0.022918289463143414,higher expression -> LESS T2D
ENSG00000167034,chr8_23680913_A_G,0.361112331822043,0.445076,-0.00373753,0.0061409,0.54277,-0.008397509638803261,higher expression -> LESS T2D
ENSG00000010932,chr1_171372697_A_G,0.360399861776953,0.568844,-0.0105119,0.00635625,0.098168,-0.018479407359486957,higher expression -> LESS T2D
ENSG00000254614,chr11_65180806_A_C,0.360058911887472,-1.08893,0.0044237,0.0064221,0.490934,-0.004062428255259751,higher expression -> LESS T2D
ENSG00000164010,chr1_42845892_A_G,0.359757875176337,-0.518705,0.00705012,0.00816988,0.38817,-0.013591771816350335,higher expression -> LESS T2D
ENSG00000130829,chrX_153637649_C_T,0.359533480121944,-0.401023,0.0293431,0.00578872,3.99862e-07,-0.07317061614919843,higher expression -> LESS T2D
ENSG00000228705,chr20_62775724_T_C,0.358278565003539,-0.499686,0.011605,0.00666981,0.081871,-0.023224585039404746,higher expression -> LESS T2D
ENSG00000176715,chr16_89102797_C_G,0.357944273969325,-0.836122,0.0208398,0.00694405,0.00269005,-0.024924353144636785,higher expression -> LESS T2D
ENSG00000184009,chr17_81513660_T_C,0.357765908525682,0.422458,0.00117834,0.00590221,0.841759,0.0027892476885276168,higher expression -> MORE T2D
ENSG00000289166,chr9_87419671_G_A,0.35771283414709,0.766341,-0.00189941,0.0103599,0.854529,-0.002478544146796269,higher expression -> LESS T2D
ENSG00000104825,chr19_38904749_CTTGT_C,0.357123839429706,0.521196,0.0041796,0.00627732,0.505522,0.008019248037206732,higher expression -> MORE T2D
ENSG00000120071,chr17_46185130_T_C,0.356826423643968,0.538909,-0.0175271,0.00613138,0.0042554,-0.032523301707709465,higher expression -> LESS T2D
ENSG00000256576,chr12_132189162_C_G,0.352446113962236,0.563503,-0.0133079,0.00589702,0.0240265,-0.02361637826240499,higher expression -> LESS T2D
ENSG00000146147,chr6_54047815_C_T,0.3522118894447,0.906058,-0.00907309,0.00634791,0.152917,-0.010013807063123995,higher expression -> LESS T2D
ENSG00000234427,chr6_11856368_C_T,0.351613771654776,0.938966,-0.0198697,0.018207,0.275131,-0.02116125610511989,higher expression -> LESS T2D
ENSG00000164251,chr5_76839328_C_T,0.350370224302763,-0.513195,0.000588582,0.00655434,0.928446,-0.0011468973781895773,higher expression -> LESS T2D
ENSG00000110074,chr11_126201503_T_TATATGAGA,0.349616002961353,0.625957,0.00595601,0.00705973,0.39886,0.009515046560706248,higher expression -> MORE T2D
ENSG00000272541,chr6_57950555_C_T,0.349551953084321,-0.67768,-0.0141354,0.00629144,0.0246547,0.020858517294298193,higher expression -> MORE T2D
ENSG00000164707,chr7_135626419_G_A,0.345873766964182,-0.76233,0.0120384,0.00769657,0.117788,-0.015791586320884655,higher expression -> LESS T2D
ENSG00000267838,chr19_54438698_TACA_T,0.344028758256157,-0.392809,0.00599611,0.00681804,0.379159,-0.015264696073664298,higher expression -> LESS T2D
ENSG00000262294,chr17_355274_A_G,0.343822152621537,0.523624,0.0049111,0.00591839,0.40665,0.009379058255542146,higher expression -> MORE T2D
ENSG00000255031,chr11_68040649_G_A,0.343814549115847,-0.487556,-0.0135264,0.0107889,0.209938,0.027743274618710467,higher expression -> MORE T2D
ENSG00000257176,chr12_29338595_A_G,0.343432716848991,0.890504,-0.00159237,0.00642007,0.804111,-0.001788167150287927,higher expression -> LESS T2D
ENSG00000272277,chr6_3060031_C_G,0.341526855498171,-0.510187,0.00357455,0.00596399,0.548935,-0.007006352572684134,higher expression -> LESS T2D
ENSG00000141560,chr17_82720752_C_CCTT,0.341459579890781,-0.635557,0.0196921,0.00615516,0.00137769,-0.03098400300838477,higher expression -> LESS T2D
ENSG00000205060,chr7_134355882_T_C,0.34077444766185,-0.441655,0.00331269,0.0059639,0.578582,-0.007500628318483885,higher expression -> LESS T2D
ENSG00000173200,chr3_122646823_C_G,0.33747405651268,0.456631,0.0068417,0.00647274,0.29051,0.014982995022238963,higher expression -> MORE T2D
ENSG00000154134,chr11_124881655_T_C,0.337242299478763,-0.765029,-0.00565447,0.00709868,0.425711,0.007391183863618242,higher expression -> MORE T2D
ENSG00000142961,chr1_46569256_T_C,0.336422773269936,-0.59293,-0.0164004,0.00676616,0.0153554,0.027659926129559982,higher expression -> MORE T2D
ENSG00000166359,chr19_33154843_C_T,0.334984104368715,0.567081,0.00195608,0.00715222,0.784475,0.003449383774099291,higher expression -> MORE T2D
ENSG00000116874,chr1_119012523_G_T,0.334695954040557,-0.3732,0.0172236,0.00583729,0.00317147,-0.04615112540192926,higher expression -> LESS T2D
ENSG00000214435,chr10_102861311_A_G,0.334518423380347,-0.793256,-0.00869368,0.00622896,0.162809,0.010959488487953448,higher expression -> MORE T2D
ENSG00000074071,chr16_1773443_C_G,0.334081354529818,-0.495834,0.000280792,0.00586338,0.961805,-0.0005663024318622765,higher expression -> LESS T2D
ENSG00000242086,chr3_195611256_A_G,0.333700803371514,0.568084,-0.00134466,0.00587311,0.818906,-0.0023670091042873936,higher expression -> LESS T2D
ENSG00000142149,chr21_31981834_C_T,0.333347821698757,-0.673828,-0.00790684,0.00586063,0.17729,0.011734211104317422,higher expression -> MORE T2D
ENSG00000196247,chr7_64666158_G_C,0.333333375965411,-0.937879,0.00797932,0.00736426,0.278578,-0.008507835232476684,higher expression -> LESS T2D
ENSG00000243678,chr17_51149056_G_A,0.333333333333341,1.3673,0.00948818,0.0131548,0.470741,0.006939354933079793,higher expression -> MORE T2D
ENSG00000160447,chr9_128703202_C_G,0.333333333333333,1.83323,-0.000797729,0.0095075,0.933132,-0.0004351494356954665,higher expression -> LESS T2D
ENSG00000254860,chr11_8965891_C_T,0.333289981407945,0.870123,-0.0102886,0.0075075,0.17055,-0.011824305299365722,higher expression -> LESS T2D
ENSG00000125945,chr1_23371627_C_G,0.333156932533294,1.42463,0.00201923,0.0125785,0.872464,0.0014173715280458785,higher expression -> MORE T2D
ENSG00000115944,chr2_42350663_T_TAAATACACAC,0.333147755667613,-0.703794,0.00985222,0.0059888,0.0999471,-0.01399872690020091,higher expression -> LESS T2D
ENSG00000273619,chr20_62410108_C_T,0.333141778792937,-0.519932,-0.000250028,0.00739165,0.973016,0.0004808859620104168,higher expression -> MORE T2D
ENSG00000254827,chr11_2904391_G_T,0.333132832727539,-0.710756,0.0188242,0.00604057,0.00183139,-0.026484757075564608,higher expression -> LESS T2D
ENSG00000249087,chr1_23371627_C_G,0.333024850372315,1.15337,0.00201923,0.0125785,0.872464,0.0017507217978619176,higher expression -> MORE T2D
ENSG00000122512,chr7_6738095_T_C,0.331071315500275,1.01945,0.011752,0.00803215,0.143435,0.011527784589729757,higher expression -> MORE T2D
ENSG00000083290,chr17_19829119_AT_A,0.330687686158508,-0.594212,0.00134101,0.00648406,0.836153,-0.00225678713994332,higher expression -> LESS T2D
ENSG00000171861,chr17_781489_C_T,0.330646481741498,0.520337,-0.00847846,0.00730656,0.24589,-0.016294170893094283,higher expression -> LESS T2D
ENSG00000118094,chr11_118690148_G_A,0.330457970937351,-0.769462,-0.0214415,0.00692791,0.00196848,0.027865573608573262,higher expression -> MORE T2D
ENSG00000141252,chr17_507211_C_A,0.330325426323076,-0.370714,0.00782605,0.00606643,0.19703,-0.021110748447590325,higher expression -> LESS T2D
ENSG00000137877,chr15_41909223_G_A,0.330139883002522,-0.513999,-0.0278566,0.00601172,3.5917e-06,0.054195825283706776,higher expression -> MORE T2D
ENSG00000205959,chr4_8503182_A_T,0.329800232351237,-0.413192,-0.000983986,0.00599378,0.869599,0.0023814255842320277,higher expression -> MORE T2D
ENSG00000188959,chr9_110191508_A_G,0.329511857553931,-0.685947,0.000668542,0.00596984,0.910834,-0.0009746263195261443,higher expression -> LESS T2D
ENSG00000120915,chr8_27544557_A_G,0.329276803174169,0.337748,0.0024296,0.00667847,0.716012,0.007193528903205941,higher expression -> MORE T2D
ENSG00000213799,chr19_53329382_A_C,0.329096229680514,0.492764,-0.00519483,0.00585841,0.375223,-0.010542227110746727,higher expression -> LESS T2D
ENSG00000178826,chr7_143284623_C_CAAGGTAAATTACCCAAATAG,0.328563689896912,-0.579079,0.0143045,0.0116622,0.219981,-0.02470215635517779,higher expression -> LESS T2D
ENSG00000251323,chr11_78352472_G_A,0.328479413463249,0.956413,-0.012857,0.0117504,0.273879,-0.013442937308464022,higher expression -> LESS T2D
ENSG00000183765,chr22_28711207_G_A,0.326753752086051,-0.781343,0.0194763,0.00669796,0.0036399,-0.02492669672602173,higher expression -> LESS T2D
ENSG00000020922,chr11_94420759_G_A,0.325447294165595,0.78398,-0.00401644,0.00606328,0.507702,-0.005123140896451439,higher expression -> LESS T2D
ENSG00000269560,chr19_12530246_A_T,0.325022651945687,-0.517191,0.000926505,0.0066913,0.889874,-0.001791417484062948,higher expression -> LESS T2D
ENSG00000184441,chr21_44339472_T_C,0.324934714580384,0.522972,-0.0147074,0.00727478,0.0432066,-0.028122729323940863,higher expression -> LESS T2D
ENSG00000232710,chr22_42142884_G_T,0.324771462545092,-0.742217,-0.0106167,0.0080703,0.188335,0.014304037767930402,higher expression -> MORE T2D
ENSG00000161265,chr19_35729529_A_G,0.324179945158372,-0.661713,-0.00772356,0.00799959,0.334297,0.0116720693110155,higher expression -> MORE T2D
ENSG00000260633,chr3_134358159_G_A,0.322567721618553,-0.585298,0.000971538,0.00601283,0.871638,-0.0016599031604413478,higher expression -> LESS T2D
ENSG00000285244,chr6_36680287_CGCGT_C,0.322454966470998,0.533309,-0.0191272,0.00767595,0.0127084,-0.03586513634684582,higher expression -> LESS T2D
ENSG00000130475,chr19_17750400_T_C,0.322360900597409,-0.553475,0.0102877,0.00708956,0.146752,-0.018587470075432492,higher expression -> LESS T2D
ENSG00000173801,chr17_41786242_G_A,0.321927343164521,0.449889,0.0190474,0.00587806,0.00119352,0.042337998928624616,higher expression -> MORE T2D
ENSG00000235106,chr9_134010899_G_A,0.321896979943462,0.464857,0.0233805,0.00593332,8.12999e-05,0.050296112567950996,higher expression -> MORE T2D
ENSG00000273760,chr10_48066751_T_C,0.321644962390195,0.683752,-0.0253558,0.00633531,6.27307e-05,-0.03708332845827142,higher expression -> LESS T2D
ENSG00000255274,chr11_118088509_C_T,0.321486916273966,0.621566,-0.0142338,0.00632793,0.0244895,-0.02289990121724805,higher expression -> LESS T2D
ENSG00000165424,chr10_79424764_C_T,0.321333452883341,-0.420951,-0.00995866,0.00599549,0.0967075,0.02365752783578136,higher expression -> MORE T2D
ENSG00000166275,chr10_102863821_C_T,0.321283984028925,-0.600168,-0.00721762,0.00711541,0.310409,0.012025999386838352,higher expression -> MORE T2D
ENSG00000187630,chr14_23929696_C_A,0.320983061895452,-0.793017,0.0168407,0.0391748,0.667278,-0.02123624083720778,higher expression -> LESS T2D
ENSG00000104689,chr8_23230732_T_C,0.320541751107907,-0.477874,-0.0121261,0.00676002,0.072845,0.025375098875435785,higher expression -> MORE T2D
ENSG00000178297,chr19_2398851_A_G,0.320252653159751,-0.639052,-0.00417341,0.0059355,0.481977,0.006530626615674468,higher expression -> MORE T2D
ENSG00000115073,chr2_97658891_G_A,0.318706756729981,0.99644,-0.00639533,0.00694059,0.356821,-0.006418178716229779,higher expression -> LESS T2D
ENSG00000255284,chr11_780321_C_CTG,0.31751377148439,-0.366876,-0.0108904,0.00586726,0.0634337,0.029684143961447466,higher expression -> MORE T2D
ENSG00000164061,chr3_49671370_TCAAA_T,0.317257668942638,-1.01286,0.0496426,0.0116074,1.89601e-05,-0.04901230179886657,higher expression -> LESS T2D
ENSG00000145113,chr3_195942091_T_C,0.316916434588309,0.722245,0.0203415,0.00632022,0.00128875,0.02816426558854682,higher expression -> MORE T2D
ENSG00000106733,chr9_75082715_G_T,0.316506248000567,-0.382291,-0.0093095,0.00689359,0.176869,0.024351868079551964,higher expression -> MORE T2D
ENSG00000059573,chr10_95881615_T_TA,0.316450840631474,0.592492,0.000462746,0.00644462,0.942758,0.0007810164525428191,higher expression -> MORE T2D
ENSG00000149196,chr11_86327033_G_A,0.316286793600197,0.457776,-0.0011881,0.0060425,0.844122,-0.002595374156792842,higher expression -> LESS T2D
ENSG00000206573,chr3_9375148_C_T,0.315590740519859,0.335543,-0.0244342,0.0058989,3.44049e-05,-0.0728198770351341,higher expression -> LESS T2D
ENSG00000247679,chr5_177617303_A_G,0.314431838016344,0.823705,-0.00517331,0.0058393,0.375646,-0.006280537328291076,higher expression -> LESS T2D
ENSG00000196696,chr16_69939224_A_G,0.31398988106018,-0.773638,0.000213151,0.00585608,0.970965,-0.0002755177486111075,higher expression -> LESS T2D
ENSG00000165730,chr10_68815110_A_AAT,0.313358775884768,1.02783,-0.0238019,0.00803658,0.0030595,-0.023157428757673935,higher expression -> LESS T2D
ENSG00000230628,chr1_234679138_C_G,0.312956069126875,-0.530636,-0.00846647,0.00584999,0.147823,0.015955325307743917,higher expression -> MORE T2D
ENSG00000225083,chr13_113360700_A_G,0.312936561362995,0.442006,4.46738e-05,0.00597282,0.994032,0.00010107057370261942,higher expression -> MORE T2D
ENSG00000187609,chr9_137378565_GAGA_G,0.312553239975322,0.864522,-0.00250644,0.0241273,0.917261,-0.002899220609770486,higher expression -> LESS T2D
ENSG00000152778,chr10_89434310_T_C,0.311368458661525,0.534382,0.0131293,0.00645063,0.0418148,0.02456912845118286,higher expression -> MORE T2D
ENSG00000164307,chr5_96798410_A_G,0.310438494743696,-0.733554,0.0219468,0.00691348,0.00150093,-0.02991845181131859,higher expression -> LESS T2D
ENSG00000238102,chr20_7258347_G_C,0.309976043798007,-1.19676,0.00628058,0.00742002,0.397309,-0.005247986229486279,higher expression -> LESS T2D
ENSG00000170955,chr11_6356424_G_A,0.309615268470419,0.800178,-0.0219404,0.0113743,0.0537378,-0.02741939918368163,higher expression -> LESS T2D
ENSG00000177483,chr2_237778573_T_A,0.309597631587856,0.693728,0.00158056,0.00725961,0.827647,0.0022783569352829926,higher expression -> MORE T2D
ENSG00000113946,chr3_190329263_T_C,0.309179136270348,-0.492986,-0.00506436,0.00584732,0.386435,0.010272827220245606,higher expression -> MORE T2D
ENSG00000198185,chr20_46524301_T_C,0.309137404923368,0.856415,-0.00146821,0.00735757,0.841832,-0.0017143674503599306,higher expression -> LESS T2D
ENSG00000112249,chr6_100852090_G_A,0.308822151897963,-0.520392,-0.0123183,0.0116335,0.289661,0.023671194022967305,higher expression -> MORE T2D
ENSG00000163864,chr3_139674080_T_C,0.308689817016872,-0.553433,-0.0102493,0.00712003,0.15001,0.018519495584831406,higher expression -> MORE T2D
ENSG00000128536,chr7_105870898_G_A,0.307956635828808,-0.563601,-0.00230023,0.00936669,0.806011,0.004081309295050931,higher expression -> MORE T2D
ENSG00000134317,chr2_9957726_A_C,0.306945632332952,0.750911,0.00294505,0.00874637,0.736331,0.003921969447777433,higher expression -> MORE T2D
ENSG00000188672,chr1_25361785_A_G,0.306831646205875,0.632772,0.00602846,0.00584673,0.302502,0.009527065040804587,higher expression -> MORE T2D
ENSG00000198089,chr22_31596659_C_T,0.306746237684391,0.498612,0.0248236,0.00838857,0.00308418,0.049785404282287636,higher expression -> MORE T2D
ENSG00000185324,chr16_89686659_GGGCCGTCCGCGTCTGCGCCTGCGCGCAAGAGA_G,0.306707941858536,-0.69907,0.00539904,0.0117137,0.644859,-0.0077231750754573935,higher expression -> LESS T2D
ENSG00000231365,chr1_119171578_G_A,0.305163078556371,0.56137,-0.010682,0.00716543,0.136023,-0.019028448260505548,higher expression -> LESS T2D
ENSG00000133488,chr22_30524133_C_A,0.305051486993076,1.06514,-0.0604074,0.0229246,0.0084124,-0.05671310813601968,higher expression -> LESS T2D
ENSG00000154099,chr16_84175748_T_A,0.303926347750186,0.495459,0.00715725,0.0060683,0.23822,0.014445695809340431,higher expression -> MORE T2D
ENSG00000084676,chr2_24509699_A_G,0.303866044579417,-0.367591,0.00832825,0.00585371,0.154814,-0.02265629463180546,higher expression -> LESS T2D
ENSG00000153406,chr16_4468753_A_G,0.303582433909944,-0.733615,-0.0188148,0.00671668,0.00509132,0.02564669479222753,higher expression -> MORE T2D
ENSG00000288752,chr8_98042568_C_T,0.302691003572136,0.689202,-0.0102397,0.00583681,0.0793743,-0.014857327750064566,higher expression -> LESS T2D
ENSG00000115423,chr2_84693389_T_TG,0.3024293527826,0.552537,0.00568104,0.00815994,0.486297,0.010281736788667548,higher expression -> MORE T2D
ENSG00000285825,chr11_124950629_T_C,0.301962383456038,0.596526,0.00793556,0.00785141,0.312151,0.013302957457009417,higher expression -> MORE T2D
ENSG00000257681,chr12_103778741_G_C,0.301528954497676,0.528588,-0.00418342,0.00715971,0.559018,-0.007914330253429894,higher expression -> LESS T2D
ENSG00000237767,chr20_40006331_G_A,0.301462223692604,-0.787854,-0.000258515,0.00892214,0.976885,0.0003281255156412229,higher expression -> MORE T2D
ENSG00000144559,chr3_11812164_C_G,0.301360673578058,-0.920168,0.0077641,0.00586598,0.185642,-0.008437698333347824,higher expression -> LESS T2D
ENSG00000168993,chr4_783123_T_C,0.300907095573539,-0.565814,-0.0107709,0.00637637,0.0911843,0.019036114341462032,higher expression -> MORE T2D
ENSG00000172296,chr20_12977844_A_ACTC,0.300755494290213,-0.520394,-0.00967742,0.00615048,0.115616,0.018596332778625428,higher expression -> MORE T2D
ENSG00000273328,chr3_42872118_T_C,0.300603832555509,0.594786,-0.0105383,0.00638878,0.0990444,-0.017717801024233926,higher expression -> LESS T2D
ENSG00000261305,chr7_150336793_A_G,0.300537224332829,0.428245,0.00965808,0.006602,0.143494,0.022552697638034302,higher expression -> MORE T2D
ENSG00000113971,chr3_132719255_C_T,0.299696804987839,-0.618781,0.00761187,0.00723104,0.292495,-0.012301395808856445,higher expression -> LESS T2D
ENSG00000139835,chr13_113362571_G_C,0.29898692994938,0.400292,0.000162286,0.00597511,0.978332,0.00040541904409780865,higher expression -> MORE T2D
ENSG00000167799,chr11_67622061_C_T,0.298307154244116,-0.742672,0.00510771,0.00591044,0.387486,-0.006877477540556261,higher expression -> LESS T2D
ENSG00000231824,chr18_5237477_A_G,0.297712631727768,0.691827,0.00434395,0.00771894,0.573596,0.0062789541315964835,higher expression -> MORE T2D
ENSG00000239445,chr3_98684125_C_T,0.297643490393255,-0.744211,0.00592912,0.00587012,0.312471,-0.007966987856938423,higher expression -> LESS T2D
ENSG00000284428,chr19_23239874_T_C,0.297530262916414,-0.803406,0.00864398,0.00685855,0.207553,-0.010759167842908817,higher expression -> LESS T2D
ENSG00000137941,chr1_83859446_C_T,0.2968639919942,0.644204,0.0121546,0.00662051,0.0663713,0.01886762578313702,higher expression -> MORE T2D
ENSG00000263280,chr16_2870447_C_T,0.296589273269016,0.592166,0.00242079,0.00673366,0.719217,0.004088025992711504,higher expression -> MORE T2D
ENSG00000005156,chr17_35113309_A_G,0.296324540965384,0.417121,4.77933e-05,0.00586072,0.993493,0.000114578983076853,higher expression -> MORE T2D
ENSG00000142623,chr1_17215960_C_T,0.29623721224169,1.81936,0.00290325,0.0177918,0.870378,0.0015957534517632573,higher expression -> MORE T2D
ENSG00000088451,chr13_94578623_G_A,0.295189473993222,-0.655469,0.00374659,0.00670103,0.57609,-0.0057158919796359555,higher expression -> LESS T2D
ENSG00000205642,chrX_8460547_G_A,0.294995809169619,-0.366475,0.00265183,0.00480334,0.580893,-0.0072360461150146665,higher expression -> LESS T2D
ENSG00000144455,chr3_4368850_C_T,0.294700613459118,-0.48284,-0.0106606,0.00584283,0.0680691,0.02207894954850468,higher expression -> MORE T2D
ENSG00000234171,chr2_3568533_C_A,0.293524113895518,-0.89547,0.000452185,0.00610229,0.94093,-0.0005049694573799234,higher expression -> LESS T2D
ENSG00000204584,chr17_49809814_C_T,0.293523094265896,1.02307,-0.00317925,0.0144695,0.826089,-0.003107558622577145,higher expression -> LESS T2D
ENSG00000150967,chr12_122973072_C_T,0.293177930806941,-0.946171,0.0203201,0.00663327,0.00218867,-0.021476139091136805,higher expression -> LESS T2D
ENSG00000044459,chr9_17115405_T_C,0.29283103291148,0.458033,-0.00601286,0.00730532,0.410462,-0.01312756941093764,higher expression -> LESS T2D
ENSG00000236871,chrX_1418109_C_G,0.292188060526446,0.615997,-0.00398016,0.00654905,0.543355,-0.006461330168815757,higher expression -> LESS T2D
ENSG00000175581,chr11_73769885_T_C,0.292096501562872,0.614709,-0.0154794,0.00697651,0.0265015,-0.025181671327408582,higher expression -> LESS T2D
ENSG00000071205,chr4_148060255_G_A,0.291755111818975,0.765154,-0.00385198,0.00680689,0.571465,-0.005034254542222873,higher expression -> LESS T2D
ENSG00000080345,chr2_151386857_C_A,0.291252028716423,-0.431385,0.00227846,0.00674448,0.735494,-0.0052817320954599714,higher expression -> LESS T2D
ENSG00000172995,chr3_35660899_G_T,0.291222063162177,0.708878,0.00341503,0.00586652,0.560485,0.004817514438309554,higher expression -> MORE T2D
ENSG00000282692,chr8_984744_A_G,0.291070802378971,-0.694201,0.00377463,0.00692636,0.585777,-0.00543737332559302,higher expression -> LESS T2D
ENSG00000105287,chr19_46753207_T_C,0.290967539233434,-0.520851,0.0136287,0.00734577,0.0635521,-0.026166216441938294,higher expression -> LESS T2D
ENSG00000197782,chr19_39959001_A_G,0.290712454511108,0.720711,0.0308033,0.0132634,0.0202097,0.04274015520784336,higher expression -> MORE T2D
ENSG00000178803,chr22_24450509_C_T,0.290584843712005,-0.515636,-0.00222501,0.011032,0.840161,0.0043150788540753555,higher expression -> MORE T2D
ENSG00000237494,chr6_142276231_A_C,0.290369025705662,-0.518592,-0.00869484,0.00829593,0.294599,0.016766243983709735,higher expression -> MORE T2D
ENSG00000073169,chr22_50206051_T_C,0.289789528443726,0.425377,0.00567144,0.00609265,0.351922,0.01333273778318997,higher expression -> MORE T2D
ENSG00000151640,chr10_132182721_G_A,0.289572304874837,1.12695,0.00109049,0.0108697,0.920087,0.0009676471893162962,higher expression -> MORE T2D
ENSG00000287316,chr2_37466947_T_C,0.288668389236333,0.49216,-0.00660774,0.00591155,0.263667,-0.013425999674902472,higher expression -> LESS T2D
ENSG00000105088,chr19_9948235_G_A,0.288368964175667,0.840704,-0.00965412,0.00624393,0.122066,-0.011483375837393422,higher expression -> LESS T2D
ENSG00000170498,chr1_204198544_T_C,0.287990778506118,-0.549539,0.00121413,0.00815704,0.881676,-0.0022093609370763493,higher expression -> LESS T2D
ENSG00000166923,chr15_32709533_T_A,0.287791558851345,1.03667,-0.0103915,0.00661578,0.116249,-0.01002392275265996,higher expression -> LESS T2D
ENSG00000272221,chr6_31363480_G_A,0.287600373405443,-0.435712,-0.00248371,0.00673212,0.712177,0.005700347936251469,higher expression -> MORE T2D
ENSG00000243926,chr3_156697774_G_T,0.28733681680767,-0.740927,-0.00812225,0.00860611,0.345284,0.01096228103443389,higher expression -> MORE T2D
ENSG00000259471,chr15_66582122_C_T,0.286357257603177,-0.669102,0.00312212,0.00605937,0.606375,-0.004666134610268689,higher expression -> LESS T2D
ENSG00000228888,chr20_7251766_C_G,0.286223145042215,-0.924473,0.0058,0.00742804,0.434906,-0.006273844666096251,higher expression -> LESS T2D
ENSG00000258744,chr14_24460509_G_A,0.286112849461183,0.608502,0.0138227,0.00860652,0.108258,0.022715948345280706,higher expression -> MORE T2D
ENSG00000170775,chr7_124512026_C_T,0.285451734449737,-0.600312,-0.00160835,0.00743484,0.828733,0.0026791901544530178,higher expression -> MORE T2D
ENSG00000178386,chr19_44078950_T_C,0.285122548398879,-0.922381,0.00243032,0.00909889,0.789393,-0.0026348331112631333,higher expression -> LESS T2D
ENSG00000112584,chr6_170382634_TAAAAG_T,0.284431446678005,-0.77363,-0.0120339,0.0118223,0.308725,0.01555511032405672,higher expression -> MORE T2D
ENSG00000225342,chr12_40164859_A_G,0.283699440521865,-1.07041,-0.0446323,0.0124858,0.000350711,0.04169645276109154,higher expression -> MORE T2D
ENSG00000164488,chr6_168326885_G_A,0.281584956744879,0.854105,-0.00144791,0.00715468,0.839626,-0.0016952365341497825,higher expression -> LESS T2D
ENSG00000125445,chr17_75261905_C_T,0.280619961920171,0.690681,-0.0193591,0.00952644,0.0421396,-0.02802900325910225,higher expression -> LESS T2D
ENSG00000111676,chr12_6943986_A_C,0.28052666930956,-0.428084,0.000456531,0.00662711,0.945079,-0.0010664519113071265,higher expression -> LESS T2D
ENSG00000131019,chr6_150066483_C_A,0.279137348948912,-0.618263,0.000966621,0.0103436,0.925545,-0.0015634463003608497,higher expression -> LESS T2D
ENSG00000237413,chr1_78221819_G_A,0.278219880301023,0.478134,-0.00362409,0.00618978,0.558214,-0.0075796534026026175,higher expression -> LESS T2D
ENSG00000172009,chr19_2811295_A_C,0.277882058038072,0.448011,-0.0148751,0.00587322,0.0113185,-0.03320253297352074,higher expression -> LESS T2D
ENSG00000246982,chr6_36182559_C_T,0.276413544379334,-0.486799,0.00199477,0.00932248,0.830567,-0.004097728220477034,higher expression -> LESS T2D
ENSG00000135778,chr1_232953982_C_T,0.275672248063381,-0.571298,-0.00925304,0.00779563,0.235246,0.0161965209050268,higher expression -> MORE T2D
ENSG00000168065,chr11_64702052_G_A,0.275657836614092,0.659246,-0.000608455,0.00657147,0.926229,-0.0009229559223719219,higher expression -> LESS T2D
ENSG00000111671,chr12_6880974_TTA_T,0.275571730431216,0.701075,0.00650534,0.00674792,0.33502,0.009279092821738045,higher expression -> MORE T2D
ENSG00000057593,chr13_113103654_G_A,0.274966688418842,0.395216,0.00583663,0.00625398,0.350682,0.014768202704343952,higher expression -> MORE T2D
ENSG00000135951,chr2_99141557_G_GCGCAGGCGCACGCCCA,0.274701775091813,0.718311,-0.0120252,0.00586817,0.0404399,-0.016740938117333577,higher expression -> LESS T2D
ENSG00000111581,chr12_68714668_A_G,0.274614474224628,-0.505117,0.00268961,0.00628154,0.668522,-0.005324726746476558,higher expression -> LESS T2D
ENSG00000125534,chr20_63507824_A_G,0.273300451099819,-0.819882,-0.0108586,0.00766197,0.156424,0.013244100980384982,higher expression -> MORE T2D
ENSG00000164062,chr3_49599616_C_G,0.273164357883633,-0.508381,0.0480078,0.011583,3.40298e-05,-0.09443271876801061,higher expression -> LESS T2D
ENSG00000128833,chr15_52296525_C_G,0.272526664034873,1.44104,-0.114334,0.0192931,3.10049e-09,-0.0793413090545717,higher expression -> LESS T2D
ENSG00000141698,chr17_41830402_G_A,0.271835144460246,-1.00801,0.00460715,0.00619486,0.457055,-0.004570539974801837,higher expression -> LESS T2D
ENSG00000137699,chr11_120184462_G_A,0.271099998456719,0.989301,0.00564147,0.0085214,0.507948,0.005702480842534274,higher expression -> MORE T2D
ENSG00000071894,chr8_144388759_T_C,0.270420796699211,1.09281,0.00544161,0.0058531,0.352528,0.004979465780876822,higher expression -> MORE T2D
ENSG00000167397,chr16_31096368_C_T,0.270411473038901,-0.965216,-0.00123299,0.0059922,0.836974,0.001277423913403839,higher expression -> MORE T2D
ENSG00000126016,chrX_112790104_T_C,0.270406259784237,-0.593428,-0.0254251,0.0104555,0.0150259,0.04284445627776243,higher expression -> MORE T2D
ENSG00000267481,chr19_19852155_C_A,0.270385636738905,0.481177,0.00659092,0.00617782,0.286032,0.013697495931850441,higher expression -> MORE T2D
ENSG00000105329,chr19_41284181_GTTATGGTA_G,0.269898076150164,0.502741,0.0170906,0.0069497,0.0139252,0.03399484028555459,higher expression -> MORE T2D
ENSG00000169894,chr7_100894947_G_A,0.269386227672506,0.928977,0.00406884,0.00584098,0.486052,0.004379914680341924,higher expression -> MORE T2D
ENSG00000214708,chr17_31725430_C_G,0.269374302128062,1.79798,-0.155547,0.108596,0.152045,-0.0865120857851589,higher expression -> LESS T2D
ENSG00000211683,chr22_23635854_T_A,0.269257412377703,-0.616459,0.00261034,0.00631731,0.679457,-0.004234409749877932,higher expression -> LESS T2D
ENSG00000233393,chr21_36088608_G_A,0.269070946365192,-0.560112,0.000367672,0.00587157,0.95007,-0.0006564258576856057,higher expression -> LESS T2D
ENSG00000196295,chr7_30586661_T_C,0.268773404776692,-0.695241,-0.000971362,0.00645957,0.880468,0.0013971586831041322,higher expression -> MORE T2D
ENSG00000254979,chr11_57407157_A_C,0.268637616061853,-0.584467,-0.00788929,0.0111752,0.48021,0.013498264230486924,higher expression -> MORE T2D
ENSG00000166847,chr16_23642022_C_T,0.26788388326821,0.643975,-0.00942429,0.00664696,0.156239,-0.014634558794984279,higher expression -> LESS T2D
ENSG00000181656,chr1_100575498_C_A,0.267024095000935,-0.684557,-0.00349925,0.00591251,0.553958,0.005111699975312502,higher expression -> MORE T2D
ENSG00000287257,chr17_77386959_A_G,0.266935231765073,-0.639178,0.00928945,0.00610582,0.128157,-0.014533432001727216,higher expression -> LESS T2D
ENSG00000122778,chr7_138891201_T_C,0.266010955194467,0.641818,0.0180121,0.00671069,0.00727277,0.02806418642044941,higher expression -> MORE T2D
ENSG00000131378,chr3_16534061_G_A,0.265390275979718,0.601232,0.0128997,0.00655291,0.0490061,0.021455444819969662,higher expression -> MORE T2D
ENSG00000262003,chr17_909293_G_T,0.265176295072788,-0.98443,-0.00476543,0.0058672,0.416668,0.004840801275865222,higher expression -> MORE T2D
ENSG00000183617,chr19_3763577_G_C,0.264863670891558,0.472831,-0.0119937,0.00606694,0.0480529,-0.025365722636629152,higher expression -> LESS T2D
ENSG00000169246,chr16_21395961_G_A,0.264639412971857,-0.536888,-0.00125256,0.0106491,0.906368,0.002333000551325416,higher expression -> MORE T2D
ENSG00000112139,chr6_37707557_G_C,0.264458197494629,-1.11132,0.0105965,0.0059393,0.0744012,-0.009535057409207069,higher expression -> LESS T2D
ENSG00000224122,chr7_39401428_G_A,0.26411110986567,0.608049,-0.0141209,0.0061145,0.0209209,-0.023223292859621512,higher expression -> LESS T2D
ENSG00000175390,chr11_7997005_G_A,0.263392126578297,0.578169,-0.0142193,0.00743683,0.0558753,-0.024593674167933597,higher expression -> LESS T2D
ENSG00000142632,chr1_16209309_G_C,0.263372176836715,-1.05363,-0.00305138,0.00692078,0.659285,0.002896064083217068,higher expression -> MORE T2D
ENSG00000122591,chr7_22882303_G_T,0.263258486717214,1.22174,-0.0200591,0.0282739,0.478041,-0.016418468741303385,higher expression -> LESS T2D
ENSG00000196357,chr19_36243589_G_A,0.262860094567409,-0.448399,-0.00158759,0.0061129,0.795087,0.0035405743545369192,higher expression -> MORE T2D
ENSG00000163684,chr3_58268158_C_T,0.262694832652379,-0.358851,-0.00378368,0.00635879,0.551823,0.010543874755817875,higher expression -> MORE T2D
ENSG00000171798,chr10_133160683_A_T,0.262232549624788,0.383838,0.0100174,0.00600766,0.0954267,0.02609798925588399,higher expression -> MORE T2D
ENSG00000245532,chr11_65423737_C_G,0.262082791980573,-0.550629,-0.0159956,0.00790431,0.0430061,0.029049686812717815,higher expression -> MORE T2D
ENSG00000261390,chr16_79716720_T_C,0.261464393531726,-0.679063,-0.00856264,0.00611456,0.161403,0.01260949278638359,higher expression -> MORE T2D
ENSG00000113068,chr5_140335105_T_C,0.261068734865751,0.590329,0.00374557,0.00583946,0.521246,0.006344885648511254,higher expression -> MORE T2D
ENSG00000289633,chr10_133024302_C_T,0.260829537866942,0.468019,-0.00486953,0.00602624,0.41906,-0.010404556225281452,higher expression -> LESS T2D
ENSG00000159063,chr11_78045430_T_A,0.260434963797527,-0.369143,-0.002927,0.00732989,0.689655,0.007929176497996711,higher expression -> MORE T2D
ENSG00000260476,chr2_9985276_C_T,0.260383422428263,1.00628,0.000330152,0.0220133,0.988034,0.0003280915848471598,higher expression -> MORE T2D
ENSG00000244383,chr3_58578710_G_A,0.260366409405675,0.300321,-0.00829228,0.00591601,0.161014,-0.027611389146946105,higher expression -> LESS T2D
ENSG00000172006,chr19_2817645_G_A,0.259426436920781,0.505579,-0.00867435,0.0064094,0.175934,-0.017157259300722538,higher expression -> LESS T2D
ENSG00000233308,chr3_191260102_C_G,0.259245203038945,-0.61732,0.00189564,0.00638913,0.766697,-0.0030707574677638827,higher expression -> LESS T2D
ENSG00000135698,chr16_82167869_T_C,0.259169015746111,-0.666821,0.00385913,0.0076908,0.615819,-0.0057873552272648884,higher expression -> LESS T2D
ENSG00000231131,chr10_52758522_C_G,0.258685019243278,-0.579895,-0.000982021,0.00768829,0.898363,0.0016934462273342588,higher expression -> MORE T2D
ENSG00000099869,chr11_2148525_G_C,0.258273545320777,0.54107,0.0265483,0.00610935,1.38944e-05,0.049066294564474096,higher expression -> MORE T2D
ENSG00000163597,chr17_76562364_A_G,0.257686193915645,0.349431,-0.00583566,0.00595504,0.327109,-0.016700464469380224,higher expression -> LESS T2D
ENSG00000101639,chr18_12957771_G_A,0.257640004599224,-0.0128408,0.000125313,0.00718346,0.986082,-0.009758971403650863,higher expression -> LESS T2D
ENSG00000145545,chr5_6603829_C_T,0.257334764046231,0.417898,-0.00116077,0.00623545,0.852322,-0.002777639519691408,higher expression -> LESS T2D
ENSG00000122863,chr10_71406409_G_C,0.257244833465461,-0.375306,0.0014536,0.00586869,0.804376,-0.0038731062119976766,higher expression -> LESS T2D
ENSG00000136021,chr12_100268050_T_C,0.256069929331604,-0.757981,-0.0116733,0.0080647,0.147768,0.015400517954935545,higher expression -> MORE T2D
ENSG00000248592,chr3_52856459_T_C,0.254555078906253,0.534269,0.0289124,0.00937423,0.00204075,0.0541158105748228,higher expression -> MORE T2D
ENSG00000153113,chr5_96661562_T_C,0.254371942888626,0.435158,-0.015449,0.00848511,0.0686483,-0.035502047532160734,higher expression -> LESS T2D
ENSG00000136856,chr9_127403716_C_T,0.254013850272181,-0.63858,-0.0115615,0.0062652,0.064986,0.018105014250368003,higher expression -> MORE T2D
ENSG00000153060,chr16_10733208_CACTT_C,0.253363264120249,-0.523064,0.0189746,0.00664696,0.00430874,-0.036275866815533096,higher expression -> LESS T2D
ENSG00000242612,chr16_414377_A_G,0.253331557153886,0.426853,0.00401248,0.00589688,0.496225,0.009400144780521631,higher expression -> MORE T2D
ENSG00000134077,chr3_9416565_G_A,0.25182583361433,-0.465125,0.0234704,0.00909627,0.0098737,-0.050460413867239984,higher expression -> LESS T2D
ENSG00000106327,chr7_100624226_C_T,0.250924072885889,-0.398148,-0.000163108,0.00591406,0.977997,0.000409666757085305,higher expression -> MORE T2D
ENSG00000276529,chr21_44976991_T_C,0.250522217594326,0.689431,-0.0107336,0.00802073,0.180821,-0.015568780632144476,higher expression -> LESS T2D
ENSG00000254812,chr8_143613329_C_A,0.250489148106144,-0.51546,0.00399987,0.00720777,0.578937,-0.007759806774531486,higher expression -> LESS T2D
ENSG00000256377,chr12_27695410_A_G,0.25,1.82746,0.00264644,0.0151602,0.861421,0.001448152079936086,higher expression -> MORE T2D
ENSG00000150403,chr13_113526060_C_T,0.249984579625928,0.694325,0.00683397,0.0102879,0.506516,0.009842609728873367,higher expression -> MORE T2D
ENSG00000146457,chr6_159761764_G_C,0.249457141242341,0.954102,0.00174266,0.0157603,0.911955,0.0018264923456821178,higher expression -> MORE T2D
ENSG00000170430,chr10_129602044_A_G,0.249384957110316,0.399573,-0.00772696,0.00585944,0.187263,-0.019338043361288172,higher expression -> LESS T2D
ENSG00000268555,chr19_21570287_A_C,0.249137270745744,-0.847001,-0.00126071,0.00615525,0.837714,0.0014884398011336469,higher expression -> MORE T2D
ENSG00000286751,chr5_21347916_C_T,0.249101899489216,0.677872,0.0052578,0.00599484,0.380457,0.0077563315788231404,higher expression -> MORE T2D
ENSG00000018869,chr19_56378724_C_T,0.248692341581072,-0.904057,0.00567508,0.0126878,0.654669,-0.006277347556625301,higher expression -> LESS T2D
ENSG00000186523,chr8_12419565_G_T,0.248688268135556,1.12176,-0.0358631,0.0263591,0.173653,-0.031970385822279276,higher expression -> LESS T2D
ENSG00000173320,chr4_184069238_G_A,0.248406698427991,-0.445297,0.00166418,0.00599562,0.781345,-0.0037372360469529325,higher expression -> LESS T2D
ENSG00000170846,chr4_6673694_C_T,0.248308857534977,-0.578917,-0.00891665,0.00814402,0.273573,0.015402294283981986,higher expression -> MORE T2D
ENSG00000109667,chr4_10025918_C_T,0.247855984284514,0.441893,-0.00659127,0.00654819,0.314137,-0.014915986449208293,higher expression -> LESS T2D
ENSG00000241570,chr3_142941304_A_G,0.247502378131558,-0.376649,-0.0099285,0.00613017,0.105316,0.02636008591553409,higher expression -> MORE T2D
ENSG00000087365,chr11_66037134_T_C,0.247218673479343,-0.705519,-0.00766029,0.00627164,0.221928,0.010857666483822548,higher expression -> MORE T2D
ENSG00000273018,chr17_18598283_A_G,0.247053314964781,0.947042,-0.00325232,0.00592257,0.582909,-0.0034341877128997444,higher expression -> LESS T2D
ENSG00000101825,chrX_3351938_T_C,0.247045460373409,-0.395721,-0.00475406,0.00477831,0.319772,0.012013666194111509,higher expression -> MORE T2D
ENSG00000198130,chr2_190280166_A_T,0.246887132930031,0.674506,-0.0164711,0.00599062,0.00596884,-0.02441950108672124,higher expression -> LESS T2D
ENSG00000151208,chr10_77772173_G_A,0.24685057603597,0.785793,-0.00221647,0.00656016,0.735463,-0.002820679237407307,higher expression -> LESS T2D
ENSG00000117226,chr1_89009452_C_T,0.246565167355994,-0.956116,-0.00393214,0.00685081,0.56599,0.004112618134201289,higher expression -> MORE T2D
ENSG00000164695,chr8_81747071_T_C,0.245947918383422,-1.22335,-0.0217401,0.0133162,0.102552,0.017770956798953692,higher expression -> MORE T2D
ENSG00000066230,chr5_465960_G_C,0.245738542680955,0.939349,0.003584,0.00644618,0.578219,0.0038154083306630444,higher expression -> MORE T2D
ENSG00000180011,chr18_75205371_AC_A,0.245615761264353,-0.43457,0.000618922,0.00594639,0.917103,-0.0014242170421336034,higher expression -> LESS T2D
ENSG00000289546,chr21_43887144_C_T,0.245399552553784,0.794646,-0.00498543,0.006086,0.412693,-0.0062737747374302525,higher expression -> LESS T2D
ENSG00000229177,chr7_134359234_G_T,0.24476832681185,-0.644874,0.00279492,0.00710774,0.694156,-0.0043340559551168145,higher expression -> LESS T2D
ENSG00000204525,chr6_31268562_T_C,0.244597742426369,-1.13952,0.021643,0.00641062,0.000735174,-0.0189930848076383,higher expression -> LESS T2D
ENSG00000166268,chr12_69775390_T_C,0.244527319109479,1.45782,-0.011279,0.0107751,0.295207,-0.007736894815546502,higher expression -> LESS T2D
ENSG00000267892,chr19_38744737_A_G,0.244500182300349,-0.583677,0.00438143,0.00654415,0.503166,-0.007506600397137459,higher expression -> LESS T2D
ENSG00000198890,chr1_107055366_C_T,0.244393170377806,1.17613,-0.00861262,0.00640021,0.178407,-0.007322846964196135,higher expression -> LESS T2D
ENSG00000213793,chr19_52949222_A_ACCTG,0.243823432099696,0.719014,-0.0132902,0.0063117,0.0352355,-0.01848392381789506,higher expression -> LESS T2D
ENSG00000228506,chr6_99429343_T_G,0.242430856856735,0.852491,-0.00643451,0.00584525,0.27098,-0.007547892001205878,higher expression -> LESS T2D
ENSG00000271335,chr10_35581786_C_T,0.242178526755787,0.571353,-0.00497772,0.00643491,0.439198,-0.00871216218344876,higher expression -> LESS T2D
ENSG00000131196,chr18_79398397_C_T,0.241352586023337,-0.590203,0.0125809,0.00746047,0.0917297,-0.021316225095433267,higher expression -> LESS T2D
ENSG00000274993,chr7_100900855_A_G,0.241253249694103,0.834781,0.00398629,0.00584093,0.494939,0.00477525243147604,higher expression -> MORE T2D
ENSG00000160190,chr21_42535944_T_C,0.240985632258337,0.485654,0.00132996,0.00677584,0.844391,0.00273849283646382,higher expression -> MORE T2D
ENSG00000160194,chr21_42914727_G_A,0.240478313224179,0.546353,-0.00921509,0.00585727,0.115656,-0.016866549648304304,higher expression -> LESS T2D
ENSG00000289251,chr7_45187103_C_T,0.240356340175926,-0.546521,0.00348531,0.00710517,0.623758,-0.006377266381346737,higher expression -> LESS T2D
ENSG00000167720,chr17_2305580_G_A,0.240351036701197,-0.608057,-0.0140554,0.00617727,0.022885,0.023115267154230606,higher expression -> MORE T2D
ENSG00000058404,chr7_44324927_G_A,0.240217351097227,-0.48403,-0.0445806,0.00688014,9.19602e-11,0.09210296882424643,higher expression -> MORE T2D
ENSG00000179344,chr6_32636191_A_G,0.240064234717644,-1.11091,0.00977293,0.00586668,0.0957459,-0.00879722929850303,higher expression -> LESS T2D
ENSG00000174227,chr4_531115_A_G,0.23957643295904,0.65023,0.0057743,0.0084878,0.496311,0.008880396167509958,higher expression -> MORE T2D
ENSG00000272690,chr3_75350883_C_G,0.23955803077967,-1.19881,-0.00962202,0.0117784,0.413975,0.00802630942351165,higher expression -> MORE T2D
ENSG00000169085,chr8_66471549_T_C,0.239433839337233,-0.434131,-0.0192262,0.00587165,0.00105884,0.044286632375941826,higher expression -> MORE T2D
ENSG00000153132,chr4_140408757_T_A,0.239378026902134,0.794607,-0.0090549,0.010667,0.395953,-0.011395444540508705,higher expression -> LESS T2D
ENSG00000256751,chr12_14527386_A_C,0.238959723497893,0.649708,0.00511477,0.00595554,0.390436,0.00787241345342831,higher expression -> MORE T2D
ENSG00000272462,chr6_26008648_G_A,0.238680390512467,-0.595012,-0.00490269,0.00672561,0.466027,0.008239648948256507,higher expression -> MORE T2D
ENSG00000145623,chr5_38857458_C_CT,0.238658696904432,-0.241892,0.00066536,0.00703724,0.924673,-0.0027506490499892514,higher expression -> LESS T2D
ENSG00000276791,chr16_2778172_T_C,0.238498882179545,0.419633,-0.00470632,0.0066872,0.48157,-0.011215323866330819,higher expression -> LESS T2D
ENSG00000238005,chr1_234967844_G_A,0.238431133482855,1.08035,-0.014044,0.0109174,0.198306,-0.012999490905724997,higher expression -> LESS T2D
ENSG00000169609,chr15_83001321_A_C,0.238173822541056,-0.412541,-0.0084207,0.0058485,0.149922,0.020411789373662254,higher expression -> MORE T2D
ENSG00000288722,chrX_155239176_T_C,0.237776704371046,0.720871,0.018207,0.00539577,0.000740014,0.025256946111024026,higher expression -> MORE T2D
ENSG00000275202,chr13_48966591_C_A,0.237520671465622,0.395102,-0.00833689,0.00584883,0.154044,-0.021100601869896887,higher expression -> LESS T2D
ENSG00000129071,chr3_129430122_G_GAT,0.236926726323047,-0.779443,0.0231307,0.0140347,0.0993299,-0.029675935251198615,higher expression -> LESS T2D
ENSG00000233927,chr19_8325429_A_G,0.236315362145829,-0.577414,0.00634607,0.00586182,0.278982,-0.01099050248175486,higher expression -> LESS T2D
ENSG00000144115,chr2_88132809_T_C,0.235812129307613,0.150933,-0.00475579,0.00588403,0.418945,-0.03150927895158779,higher expression -> LESS T2D
ENSG00000188191,chr7_729559_G_T,0.235759563856135,-0.928908,-0.0148306,0.00906149,0.101702,0.01596562845836186,higher expression -> MORE T2D
ENSG00000130827,chrX_154502131_C_T,0.234691159095588,0.424182,-0.00396194,0.00761696,0.602961,-0.009340188881187792,higher expression -> LESS T2D
ENSG00000092036,chr14_22960504_T_C,0.234557050496706,0.375621,-0.00975492,0.00586202,0.0960948,-0.025970113492057155,higher expression -> LESS T2D
ENSG00000158806,chr8_22059711_T_C,0.234019410971312,-0.663901,-0.0163092,0.00745533,0.0286992,0.02456571085146731,higher expression -> MORE T2D
ENSG00000258701,chr14_104816829_C_T,0.233935219599743,-0.491804,0.0115823,0.00643938,0.0720709,-0.023550642125724882,higher expression -> LESS T2D
ENSG00000128313,chr22_35726883_C_T,0.23390306485329,0.753228,-0.00483201,0.00645354,0.454015,-0.006415069540696841,higher expression -> LESS T2D
ENSG00000275476,chr12_29338595_A_G,0.233441361116165,0.704689,-0.00159237,0.00642007,0.804111,-0.0022596776734133783,higher expression -> LESS T2D
ENSG00000123643,chr5_151447743_G_T,0.233437537634074,0.00520469,-0.00049042,0.00614114,0.93635,-0.09422655335860541,higher expression -> LESS T2D
ENSG00000215114,chr8_58475531_G_T,0.233287298505281,0.477135,0.00427405,0.00622884,0.492605,0.008957737328009892,higher expression -> MORE T2D
ENSG00000164684,chr8_80963477_T_TTTGA,0.232597618194574,-0.513466,-0.00898388,0.0059248,0.129439,0.01749654310119852,higher expression -> MORE T2D
ENSG00000112031,chr6_152995640_C_A,0.23214834023407,-0.771121,0.00407407,0.0065041,0.531062,-0.0052833083264494166,higher expression -> LESS T2D
ENSG00000204217,chr2_202527756_G_C,0.232049353799187,0.640172,0.0104604,0.00637246,0.100694,0.0163399836293996,higher expression -> MORE T2D
ENSG00000226824,chr7_66795302_A_G,0.230750571049183,-0.862984,-0.0104101,0.005989,0.0821732,0.01206291194274749,higher expression -> MORE T2D
ENSG00000273136,chr1_120958318_T_C,0.230427442666768,-0.0397808,-0.011973,0.00968184,0.216217,0.3009743393798013,higher expression -> MORE T2D
ENSG00000060709,chr12_130741858_G_A,0.229567538295611,-0.568119,0.00990512,0.00592484,0.0945649,-0.01743493880683448,higher expression -> LESS T2D
ENSG00000115718,chr2_127417267_T_C,0.229282936121811,-0.261498,0.000948232,0.00610527,0.876574,-0.00362615392851953,higher expression -> LESS T2D
ENSG00000127364,chr7_141775254_T_C,0.229143764717997,0.655068,0.00256186,0.00583736,0.660754,0.003910830631323771,higher expression -> MORE T2D
ENSG00000234840,chr9_22467697_A_G,0.228609114675753,-0.443595,-0.00122993,0.00994123,0.901537,0.002772641711471049,higher expression -> MORE T2D
ENSG00000205078,chr16_77199441_C_T,0.227937464867879,0.753104,0.00734341,0.0065215,0.260152,0.009750857783254371,higher expression -> MORE T2D
ENSG00000159173,chr1_201400511_CTG_C,0.226956593027652,0.61342,-0.00135691,0.00611206,0.824309,-0.0022120406899025138,higher expression -> LESS T2D
ENSG00000175764,chr9_122099157_CGATCG_C,0.226733345528502,0.505614,-0.00554043,0.00607071,0.361427,-0.010957825534894208,higher expression -> LESS T2D
ENSG00000151006,chr16_31096368_C_T,0.225043430657666,-0.767634,-0.00123299,0.0059922,0.836974,0.0016062211939544104,higher expression -> MORE T2D
ENSG00000261000,chr1_206502998_G_A,0.223575324721554,0.426264,-0.00747352,0.00595033,0.209122,-0.017532608899649044,higher expression -> LESS T2D
ENSG00000287576,chr8_143535521_A_G,0.223079743087907,-0.999827,0.0044431,0.00594875,0.455126,-0.004443868789300549,higher expression -> LESS T2D
ENSG00000169203,chr16_30329353_A_G,0.222879400485865,0.529424,-0.00692492,0.00599721,0.248217,-0.01308010214875034,higher expression -> LESS T2D
ENSG00000276724,chr15_32609864_G_T,0.222785085982356,-0.715909,-0.0135091,0.00634664,0.033292,0.018869856364426205,higher expression -> MORE T2D
ENSG00000189067,chr16_11550986_A_G,0.222718740907399,-0.451609,0.0038323,0.00626967,0.541038,-0.008485880485109907,higher expression -> LESS T2D
ENSG00000287745,chr6_54046190_T_G,0.222195748888068,0.786243,-0.00903649,0.00635146,0.154811,-0.011493253358058512,higher expression -> LESS T2D
ENSG00000181097,chr8_143695072_T_C,0.221957331650773,-0.602943,0.00594127,0.00722976,0.411203,-0.009853783856848824,higher expression -> LESS T2D
ENSG00000237370,chr2_3606600_T_C,0.220511114991035,-0.472202,0.00529672,0.0064996,0.415112,-0.011217063883676902,higher expression -> LESS T2D
ENSG00000213214,chr7_144177389_A_G,0.220430093019435,-1.00038,-0.0161004,0.00780301,0.0390778,0.016094284172014636,higher expression -> MORE T2D
ENSG00000232653,chr15_32522604_G_A,0.219867707054574,-0.395096,-0.00426703,0.00671402,0.525076,0.010799982788993055,higher expression -> MORE T2D
ENSG00000046647,chrX_14003244_C_T,0.219307316604532,-0.510172,-0.00328886,0.00522362,0.528948,0.006446570960381989,higher expression -> MORE T2D
ENSG00000117834,chr1_48219234_A_G,0.218752636735969,-0.74896,0.00553055,0.00989948,0.576387,-0.007384306237983338,higher expression -> LESS T2D
ENSG00000166938,chr15_66276073_T_A,0.218464400779098,-0.620928,0.021621,0.0119671,0.0708093,-0.03482046227581942,higher expression -> LESS T2D
ENSG00000179698,chr8_144126956_CAGG_C,0.218338535672576,0.968361,0.01306,0.011306,0.248034,0.01348670588757705,higher expression -> MORE T2D
ENSG00000262728,chr15_32607813_AC_A,0.218039583504016,-0.758406,-0.0136285,0.00634945,0.0318405,0.017969926398261615,higher expression -> MORE T2D
ENSG00000152359,chr5_75679443_C_T,0.216490843606856,-0.617471,0.0133505,0.00731602,0.0680268,-0.021621258326301962,higher expression -> LESS T2D
ENSG00000251169,chr5_134517111_G_T,0.216069726620184,0.579296,-0.00894022,0.00701852,0.202733,-0.015432904767165663,higher expression -> LESS T2D
ENSG00000173610,chr4_69597085_T_G,0.215671998247049,-0.784125,0.00436318,0.00585659,0.45627,-0.005564393432169617,higher expression -> LESS T2D
ENSG00000288670,chr1_161351964_C_T,0.215341272694477,-0.73057,-0.0155183,0.0101913,0.127832,0.021241359486428406,higher expression -> MORE T2D
ENSG00000166896,chr12_57943349_A_T,0.214759120110132,-0.782563,0.00808701,0.00619612,0.191834,-0.010334005057739761,higher expression -> LESS T2D
ENSG00000260259,chr16_89901106_G_A,0.212390220446845,1.29163,-0.00352284,0.0115847,0.761057,-0.0027274374240301015,higher expression -> LESS T2D
ENSG00000116667,chr1_184632473_C_T,0.211585025346001,-0.66485,-0.00179792,0.00616318,0.770501,0.002704249078739565,higher expression -> MORE T2D
ENSG00000102924,chr16_48971912_T_G,0.211036336829882,-0.965492,-0.00851643,0.00859098,0.321528,0.008820818815691895,higher expression -> MORE T2D
ENSG00000127578,chr16_628843_C_T,0.210422111671986,0.728987,0.00151863,0.00626091,0.808349,0.002083205873355766,higher expression -> MORE T2D
ENSG00000128918,chr15_58409352_A_G,0.209991392155752,-0.610501,-0.0141516,0.00705128,0.0447548,0.02318030601096477,higher expression -> MORE T2D
ENSG00000275720,chr17_36611952_G_A,0.209801192347194,-0.398665,0.0092975,0.00633914,0.142463,-0.023321585792582745,higher expression -> LESS T2D
ENSG00000278662,chr15_82412929_A_C,0.209735062262259,0.74244,0.0205372,0.0070672,0.00366092,0.02766176391358224,higher expression -> MORE T2D
ENSG00000260121,chr16_88715442_C_T,0.209717162713106,-0.746654,-0.000385314,0.00801287,0.961647,0.0005160542902067089,higher expression -> MORE T2D
ENSG00000120332,chr1_175037611_C_T,0.209486720312091,-0.535437,0.0260782,0.00727475,0.000337396,-0.04870451612421255,higher expression -> LESS T2D
ENSG00000287109,chr21_25647014_C_T,0.209415713133761,0.5019,0.00205411,0.00648322,0.751369,0.004092667862123929,higher expression -> MORE T2D
ENSG00000136802,chr9_128872844_A_G,0.209223025660763,0.431256,0.00739581,0.00653705,0.2579,0.01714946574656353,higher expression -> MORE T2D
ENSG00000227354,chr13_79387009_G_C,0.208170920217645,0.861615,0.0170721,0.0075979,0.0246434,0.01981407008930903,higher expression -> MORE T2D
ENSG00000257715,chr12_96032494_C_T,0.207960400776726,-0.697523,0.00674168,0.00601293,0.262204,-0.009665172331234956,higher expression -> LESS T2D
ENSG00000286011,chr2_85412039_G_C,0.207646625437201,0.873844,0.002223,0.00623759,0.721549,0.002543932326593763,higher expression -> MORE T2D
ENSG00000205560,chr22_50570496_G_A,0.207478675780791,-1.09419,0.0270705,0.0134114,0.0435422,-0.024740218791983112,higher expression -> LESS T2D
ENSG00000182013,chr19_46467482_C_T,0.207108766871725,-0.687773,0.00112309,0.00641573,0.861038,-0.0016329370300956856,higher expression -> LESS T2D
ENSG00000285201,chr1_84046253_C_T,0.207015051168515,1.23663,0.00671468,0.0118484,0.570908,0.005429821369366747,higher expression -> MORE T2D
ENSG00000254207,chr8_723751_A_C,0.206958667528831,-0.474087,0.00266468,0.00586555,0.649618,-0.005620656124297861,higher expression -> LESS T2D
ENSG00000225489,chr9_6723833_G_A,0.206937208303892,1.02162,0.00437748,0.00723493,0.545147,0.0042848417219709875,higher expression -> MORE T2D
ENSG00000233360,chr22_37657658_G_T,0.205424888052879,0.760426,0.00948349,0.0060248,0.11547,0.012471285831888968,higher expression -> MORE T2D
ENSG00000186806,chr19_51344332_C_G,0.205029595077659,0.69894,-0.00233382,0.00590555,0.692701,-0.0033390848999914156,higher expression -> LESS T2D
ENSG00000095917,chr16_1244909_A_AG,0.204867595360706,0.678104,-0.0187899,0.00609055,0.00203484,-0.027709466394535347,higher expression -> LESS T2D
ENSG00000116785,chr1_196853612_G_C,0.204298974010381,0.731998,0.0107229,0.0112668,0.341234,0.014648810515875726,higher expression -> MORE T2D
ENSG00000144681,chr3_36275682_CCTGTTCATATCTTTTCCTGTTCA_C,0.204238616293406,0.41559,0.0114763,0.00584595,0.0496318,0.02761447580548136,higher expression -> MORE T2D
ENSG00000197568,chr1_70376634_C_T,0.204223529777472,-0.670349,0.0115481,0.00799409,0.148577,-0.01722699668381694,higher expression -> LESS T2D
ENSG00000162836,chr1_147652507_T_G,0.204038232020464,0.494546,0.00967231,0.00658775,0.142043,0.01955795820813433,higher expression -> MORE T2D
ENSG00000154252,chr2_241760637_T_C,0.203311636740637,0.758195,0.00604286,0.00588694,0.304662,0.007970060472569722,higher expression -> MORE T2D
ENSG00000270673,chr8_63176526_C_T,0.203288754184303,0.50891,-0.00395685,0.00948414,0.676527,-0.007775146882552907,higher expression -> LESS T2D
ENSG00000064763,chr12_29426713_A_G,0.202983037706245,0.45721,0.00700722,0.00590759,0.235567,0.015326042737472933,higher expression -> MORE T2D
ENSG00000248319,chr4_169959732_G_A,0.202325377138673,-0.491275,-0.0076473,0.00584717,0.190919,0.015566230726171696,higher expression -> MORE T2D
ENSG00000267586,chr18_42188781_A_G,0.202144042974358,0.930102,-0.0190906,0.00742393,0.010126,-0.020525275722447646,higher expression -> LESS T2D
ENSG00000269867,chr19_57875283_C_A,0.202044377069419,0.56143,0.00237094,0.00616293,0.700453,0.004223037600413231,higher expression -> MORE T2D
ENSG00000288702,chr2_233729266_T_C,0.201648609745998,0.445737,0.0145511,0.00590415,0.013718,0.03264503507673808,higher expression -> MORE T2D
ENSG00000170464,chr5_139394348_T_C,0.201098198006917,0.478712,-0.000202518,0.00642911,0.974871,-0.0004230476779357944,higher expression -> LESS T2D
ENSG00000249267,chr12_125983459_A_C,0.201074128530211,0.27268,-0.00527047,0.00590089,0.371769,-0.019328406923866805,higher expression -> LESS T2D
ENSG00000102048,chrX_15271931_T_G,0.20100138434413,0.328641,-0.00911848,0.00477206,0.0560299,-0.027746020733870697,higher expression -> LESS T2D
ENSG00000182903,chr4_349754_A_G,0.200658522572706,-0.768805,-0.00834376,0.0259659,0.747956,0.010852895077425356,higher expression -> MORE T2D
ENSG00000184454,chr1_24546502_GA_G,0.200501073756487,0.318998,0.00852964,0.00584375,0.144395,0.026738851027279166,higher expression -> MORE T2D
ENSG00000153093,chr2_111130126_T_A,0.2003904782954,-0.437418,-0.0256513,0.00585706,1.18927e-05,0.058642534143542334,higher expression -> MORE T2D
ENSG00000163945,chr4_1384085_A_G,0.200314700367924,-0.524426,-0.0155565,0.00639842,0.0150446,0.029663861059520315,higher expression -> MORE T2D
ENSG00000237975,chr1_152193402_C_T,0.200000021070583,-1.05524,-0.0121652,0.00604685,0.0442385,0.011528372692468064,higher expression -> MORE T2D
ENSG00000134201,chr1_109707546_G_A,0.199896836501198,-0.770775,-0.00436544,0.00601682,0.468121,0.005663702117998119,higher expression -> MORE T2D
ENSG00000135476,chr12_53321084_G_A,0.199838125611272,-0.530705,0.00811575,0.00625709,0.194614,-0.015292394079573397,higher expression -> LESS T2D
ENSG00000139192,chr12_6460379_C_T,0.199669654903977,0.657506,-0.0216274,0.00644892,0.000797517,-0.032893083865394385,higher expression -> LESS T2D
ENSG00000272501,chr6_31181451_G_A,0.199632973483318,0.717195,-0.000909128,0.0080647,0.910245,-0.0012676161992205746,higher expression -> LESS T2D
ENSG00000118961,chr2_20684375_TTTAATC_T,0.199424330869049,-0.68437,-0.00575894,0.00674169,0.392979,0.00841495097681079,higher expression -> MORE T2D
ENSG00000101307,chr20_1615827_A_G,0.199148048631678,0.572943,-0.00228813,0.00735115,0.755602,-0.0039936433467203545,higher expression -> LESS T2D
ENSG00000110076,chr11_64633247_A_G,0.199037750462617,0.612474,-0.00137607,0.00652219,0.8329,-0.0022467402697910446,higher expression -> LESS T2D
ENSG00000273542,chr6_27905054_G_A,0.198943404072452,-1.00567,-0.0224242,0.0170732,0.189044,0.02229777163483051,higher expression -> MORE T2D
ENSG00000171916,chr17_18572316_T_C,0.198901788517002,-0.576939,0.00333618,0.00592403,0.573325,-0.005782552401553717,higher expression -> LESS T2D
ENSG00000181240,chr19_6436185_A_G,0.198495127181271,-0.910912,-0.00499487,0.00599952,0.405102,0.005483372707791752,higher expression -> MORE T2D
ENSG00000231437,chr1_111994954_G_T,0.198187599844943,0.720671,-0.022457,0.00709474,0.00154917,-0.031161237235853814,higher expression -> LESS T2D
ENSG00000244067,chr6_52762252_C_G,0.198152167564105,-0.555322,0.0167372,0.00602714,0.00548681,-0.030139630700746597,higher expression -> LESS T2D
ENSG00000287225,chr22_48321756_C_T,0.197736417788727,0.92468,-0.0140288,0.00786742,0.0745624,-0.015171518795691483,higher expression -> LESS T2D
ENSG00000260804,chr2_216142824_A_G,0.197613397680596,1.178,-0.0145052,0.0136389,0.287548,-0.012313412563667232,higher expression -> LESS T2D
ENSG00000141519,chr17_80047238_A_G,0.197612059548524,0.879298,-0.00748924,0.0064529,0.245805,-0.008517294478095025,higher expression -> LESS T2D
ENSG00000230910,chr6_68619944_A_G,0.197023433065427,0.361857,-0.00538299,0.00614648,0.381147,-0.014876014558237094,higher expression -> LESS T2D
ENSG00000149231,chr11_96388691_C_T,0.196787259080668,0.84352,-0.0141197,0.00879187,0.108276,-0.016739022192716238,higher expression -> LESS T2D
ENSG00000285847,chr1_184632473_C_T,0.196732303350374,-0.663126,-0.00179792,0.00616318,0.770501,0.002711279605987399,higher expression -> MORE T2D
ENSG00000187824,chr17_10722044_G_A,0.196338425971988,0.515914,-0.00229277,0.00587719,0.696452,-0.004444093395410863,higher expression -> LESS T2D
ENSG00000154803,chr17_17228555_T_C,0.194932660863453,0.649156,0.010004,0.00610956,0.101539,0.015410779535273495,higher expression -> MORE T2D
ENSG00000186854,chr2_84861216_T_C,0.194877899203627,0.880485,0.000691515,0.00863171,0.936147,0.0007853796487163325,higher expression -> MORE T2D
ENSG00000108479,chr17_75782435_CA_C,0.19478460618413,0.608553,-0.00300763,0.00702404,0.668513,-0.004942264683601921,higher expression -> LESS T2D
ENSG00000263753,chr18_5282852_G_C,0.194725871411152,0.814136,0.0133306,0.00764063,0.0810364,0.01637392278439966,higher expression -> MORE T2D
ENSG00000188706,chrX_129702032_T_C,0.1945876883166,-0.237576,0.00648942,0.00569638,0.254612,-0.02731513284170118,higher expression -> LESS T2D
ENSG00000178226,chr16_30936251_A_G,0.194538821055258,0.423721,0.0180958,0.00656241,0.00582465,0.04270687551478449,higher expression -> MORE T2D
ENSG00000164978,chr9_34255415_A_T,0.194407103125088,0.25569,-0.0385331,0.00589682,6.3797e-11,-0.15070241307833707,higher expression -> LESS T2D
ENSG00000145416,chr4_163544821_A_T,0.194098963024076,-0.554137,-0.002389,0.00608175,0.694456,0.004311208239117763,higher expression -> MORE T2D
ENSG00000226334,chr9_104927776_C_A,0.193657973647164,-0.555164,0.00362392,0.00589724,0.538877,-0.00652765669243683,higher expression -> LESS T2D
ENSG00000271736,chr1_157237159_G_A,0.19307862201865,0.595764,0.00715723,0.00673299,0.287778,0.012013532204027098,higher expression -> MORE T2D
ENSG00000116032,chr19_1020084_G_C,0.192318540724467,-0.802327,-0.00644756,0.00775498,0.405743,0.008036075066649882,higher expression -> MORE T2D
ENSG00000276490,chr10_94870437_C_T,0.191832323752615,0.829527,0.0190246,0.00779383,0.0146474,0.02293427459262929,higher expression -> MORE T2D
ENSG00000275066,chr17_37596344_G_C,0.191800891210387,-0.51586,0.0148554,0.00813992,0.0680002,-0.028797348117706355,higher expression -> LESS T2D
ENSG00000186297,chr15_26831275_C_G,0.190734150782235,0.614658,0.0104672,0.00668511,0.117409,0.01702930735465901,higher expression -> MORE T2D
ENSG00000250490,chr5_6368408_G_A,0.190353601217275,0.68066,0.000878878,0.00583326,0.880239,0.0012912144095436782,higher expression -> MORE T2D
ENSG00000126460,chr19_49570110_T_TAAAG,0.190084020219854,0.605938,0.0154695,0.00710944,0.0295617,0.025529839686568596,higher expression -> MORE T2D
ENSG00000161016,chr8_144782783_A_G,0.189956803732846,0.460219,-0.0226187,0.00586433,0.000114792,-0.04914768838313933,higher expression -> LESS T2D
ENSG00000204528,chr6_31359946_G_A,0.189769211378164,-0.516459,0.0194548,0.0108063,0.0718092,-0.03766959235873516,higher expression -> LESS T2D
ENSG00000175356,chr11_9108600_A_G,0.189004444296587,0.439232,0.00128586,0.00607254,0.832302,0.002927518942153577,higher expression -> MORE T2D
ENSG00000289520,chr4_176368877_G_A,0.188898833969279,-0.493768,0.0117532,0.00614861,0.0559371,-0.02380308160917678,higher expression -> LESS T2D
ENSG00000115339,chr2_165837976_C_T,0.188059999745595,0.469663,0.0232839,0.00595828,9.31365e-05,0.049575759640423024,higher expression -> MORE T2D
ENSG00000152292,chr2_85418470_A_C,0.187622902768941,0.530276,0.0035083,0.00590819,0.552643,0.006615988654964584,higher expression -> MORE T2D
ENSG00000071889,chrX_154543081_T_C,0.187546652975113,-0.538981,-0.00418219,0.00826506,0.612851,0.007759438644404904,higher expression -> MORE T2D
ENSG00000173540,chr3_49624201_C_T,0.187208973533513,0.440794,0.00948133,0.00940579,0.31344,0.021509662109738335,higher expression -> MORE T2D
ENSG00000172322,chr12_9979684_C_T,0.187037549838239,0.717482,0.0126757,0.00678937,0.0619013,0.017666924048268806,higher expression -> MORE T2D
ENSG00000245498,chr11_124807222_T_TA,0.186555543576191,0.470515,0.0108452,0.00632681,0.0864988,0.02304963709977365,higher expression -> MORE T2D
ENSG00000105854,chr7_95445918_T_A,0.186357432605106,-0.451577,0.00938873,0.00647746,0.147213,-0.020790983597481712,higher expression -> LESS T2D
ENSG00000285373,chr2_160265623_A_G,0.185749677933218,-0.748329,0.0262694,0.00694314,0.000154636,-0.03510407855368427,higher expression -> LESS T2D
ENSG00000213064,chr1_168251987_A_C,0.185481020761627,-0.52344,0.00612859,0.00608068,0.313513,-0.011708295124560598,higher expression -> LESS T2D
ENSG00000286431,chrX_3805346_T_C,0.185350926085946,0.431093,0.000885785,0.00488963,0.856245,0.0020547422481923855,higher expression -> MORE T2D
ENSG00000212127,chr12_10986084_C_T,0.184457747274273,-0.438226,-0.0114891,0.00609206,0.0593062,0.026217294272818135,higher expression -> MORE T2D
ENSG00000175518,chr11_5620526_G_A,0.184087963923839,0.547415,0.00123986,0.00634744,0.845133,0.0022649361088022796,higher expression -> MORE T2D
ENSG00000261441,chr15_90245676_T_C,0.18308194033391,0.499491,0.00886352,0.00603112,0.141662,0.017745104516397693,higher expression -> MORE T2D
ENSG00000246582,chr8_23230732_T_C,0.182911323638196,-0.535364,-0.0121261,0.00676002,0.072845,0.02265019687539693,higher expression -> MORE T2D
ENSG00000172247,chr11_47584931_G_A,0.182881126317377,-0.832368,0.0051361,0.00609803,0.399645,-0.006170467869980586,higher expression -> LESS T2D
ENSG00000172954,chr2_30444038_A_G,0.182461245860349,0.659266,-0.00417539,0.00706287,0.554404,-0.006333391984419036,higher expression -> LESS T2D
ENSG00000198933,chr17_47713757_T_G,0.182333388238013,-0.656061,0.00310447,0.00586676,0.596692,-0.004731983763704899,higher expression -> LESS T2D
ENSG00000130702,chr20_62374241_G_A,0.181993513583741,-0.687183,-0.00866824,0.00627674,0.167275,0.012614165367885994,higher expression -> MORE T2D
ENSG00000223496,chr16_70270868_A_ACTGGGC,0.181854524573088,-0.665944,0.00215668,0.0059763,0.718194,-0.003238530567134774,higher expression -> LESS T2D
ENSG00000173674,chrX_20085641_C_T,0.181847713575974,-0.348971,0.0213717,0.00566949,0.000163508,-0.06124205163179749,higher expression -> LESS T2D
ENSG00000090382,chr12_69338325_T_C,0.181672428535211,-0.417541,-0.00793287,0.00593743,0.181524,0.018999020455476228,higher expression -> MORE T2D
ENSG00000065923,chrX_46737768_C_T,0.181050531483686,-0.354614,0.0119533,0.00480056,0.0127747,-0.0337079190330895,higher expression -> LESS T2D
ENSG00000269386,chr19_8364115_C_G,0.181023335955819,-0.693233,0.00405457,0.00619852,0.513035,-0.005848783886514347,higher expression -> LESS T2D
ENSG00000120500,chrX_70422460_C_T,0.180910758575452,0.564114,0.014249,0.00813793,0.0799576,0.02525907883867445,higher expression -> MORE T2D
ENSG00000238078,chr1_220860693_G_A,0.180733034256165,0.634384,-0.00915886,0.00653861,0.161294,-0.014437406996393351,higher expression -> LESS T2D
ENSG00000158457,chr7_129100706_A_G,0.18005506481006,-0.650578,-0.00197271,0.00585589,0.736209,0.003032242098564661,higher expression -> MORE T2D
ENSG00000087085,chr7_100911581_A_G,0.179618351860854,0.587497,0.00477227,0.00584364,0.414123,0.008123054245383381,higher expression -> MORE T2D
ENSG00000103227,chr16_972502_C_A,0.179601051610969,0.709848,0.0087382,0.0109874,0.426444,0.012309959315233683,higher expression -> MORE T2D
ENSG00000153767,chr3_120395790_C_T,0.178290964860991,0.587499,-0.00665055,0.0100388,0.507661,-0.011320104374645744,higher expression -> LESS T2D
ENSG00000223510,chr17_14033728_A_ATACCC,0.178099699883101,0.804383,-0.000186678,0.00622469,0.976075,-0.00023207601354081328,higher expression -> LESS T2D
ENSG00000132313,chr2_86214211_C_CTGTT,0.176902419348308,-0.403347,0.00243859,0.0059699,0.68292,-0.006045886048489266,higher expression -> LESS T2D
ENSG00000214944,chr5_73624062_G_A,0.176854522442817,-0.874585,-0.0214458,0.00695978,0.00206039,0.02452111572917441,higher expression -> MORE T2D
ENSG00000155008,chrX_84929287_G_A,0.176765563745075,0.310431,0.00109968,0.00549031,0.84125,0.003542429718681446,higher expression -> MORE T2D
ENSG00000282097,chr1_234716457_G_A,0.176530384368191,-0.641165,0.00887368,0.00587131,0.130696,-0.013839931998783465,higher expression -> LESS T2D
ENSG00000224635,chr20_38397980_G_A,0.176391447202969,0.60548,-0.00544693,0.00817973,0.505471,-0.008996052718504326,higher expression -> LESS T2D
ENSG00000166391,chr11_75716939_T_A,0.175868354511167,-0.299306,-0.00989272,0.0059579,0.0968256,0.03305219407562829,higher expression -> MORE T2D
ENSG00000100726,chr16_1506499_A_G,0.175743082498734,-0.917439,-0.00833516,0.0157987,0.597788,0.00908524708454731,higher expression -> MORE T2D
ENSG00000179603,chr7_127008235_A_G,0.175637545269405,0.887865,-0.00712691,0.0108385,0.510825,-0.008027019873516807,higher expression -> LESS T2D
ENSG00000006652,chr7_112456737_C_T,0.174185420478969,0.428232,-0.00690547,0.0058448,0.237415,-0.01612553475686077,higher expression -> LESS T2D
ENSG00000275395,chr19_39959691_G_A,0.173737309381417,1.36254,0.0278039,0.0135987,0.040895,0.020405933036828274,higher expression -> MORE T2D
ENSG00000164048,chr3_48671791_G_A,0.173693046406711,-0.740178,0.185938,0.185029,0.31494,-0.2512071420658274,higher expression -> LESS T2D
ENSG00000265728,chr18_10497037_G_A,0.173686741216478,-0.493133,-0.0107534,0.00592052,0.069325,0.021806287553256424,higher expression -> MORE T2D
ENSG00000092096,chr14_23351101_A_G,0.173621490318129,1.2526,-0.0178747,0.0136778,0.191267,-0.014270078237266486,higher expression -> LESS T2D
ENSG00000176386,chr9_113295434_ATGAAT_A,0.173147886754963,-0.434315,0.00439022,0.0065137,0.500312,-0.010108377560065851,higher expression -> LESS T2D
ENSG00000189223,chr2_113251752_T_C,0.173095032909416,0.715708,-0.0124595,0.00588064,0.0341138,-0.017408635924147837,higher expression -> LESS T2D
ENSG00000272279,chr6_1539849_C_T,0.172800754723546,1.05078,0.00548977,0.00775357,0.478927,0.0052244713450960234,higher expression -> MORE T2D
ENSG00000111879,chr6_118992468_A_G,0.172525660327709,0.764286,0.0147715,0.00594311,0.0129375,0.019327189036564846,higher expression -> MORE T2D
ENSG00000286485,chr22_36767036_C_T,0.172284717985833,-0.619795,-0.00586373,0.00646751,0.364595,0.009460757185843707,higher expression -> MORE T2D
ENSG00000278869,chr22_49943373_G_A,0.17192031756442,0.858991,-0.0229307,0.0084355,0.0065607,-0.0266949246266841,higher expression -> LESS T2D
ENSG00000089177,chr20_16565690_G_A,0.171810264270578,-0.722327,-0.0110169,0.00815118,0.176514,0.015251956523845846,higher expression -> MORE T2D
ENSG00000007341,chr1_112540817_C_T,0.171485810971857,0.446283,0.00347864,0.00587536,0.553803,0.007794695294241546,higher expression -> MORE T2D
ENSG00000185304,chr2_87049688_T_C,0.171468275963309,0.457234,0.0114079,0.00590691,0.0534478,0.024949806882252852,higher expression -> MORE T2D
ENSG00000242485,chr1_1382893_G_A,0.17140168714767,0.811176,0.004515,0.00909628,0.619644,0.005565993076718246,higher expression -> MORE T2D
ENSG00000170113,chr15_22818176_C_T,0.171006685772534,-0.475125,0.00176986,0.00687825,0.796938,-0.003725040778742436,higher expression -> LESS T2D
ENSG00000136875,chr9_113265987_G_A,0.170628629784973,0.917485,0.013604,0.00651627,0.0368256,0.014827490367689935,higher expression -> MORE T2D
ENSG00000272030,chr1_153637410_C_G,0.169686137117534,-0.427148,0.0141181,0.00583799,0.0155927,-0.03305201007613286,higher expression -> LESS T2D
ENSG00000250056,chr5_6611914_T_C,0.168973861428657,0.379708,-0.00365844,0.00625491,0.558621,-0.009634877326787954,higher expression -> LESS T2D
ENSG00000092094,chr14_20454990_T_G,0.168679639420105,0.479115,0.00671601,0.00633168,0.288826,0.014017532325224631,higher expression -> MORE T2D
ENSG00000143502,chr1_223263369_G_C,0.16855347262027,-0.512988,-0.00197489,0.00599596,0.741875,0.003849778162452143,higher expression -> MORE T2D
ENSG00000183549,chr16_20409006_T_G,0.168467109854521,0.274308,-1.93053e-06,0.00922872,0.999833,-7.037818802222319e-06,higher expression -> LESS T2D
ENSG00000136457,chr17_50479987_T_C,0.168042286353503,0.256023,0.00108957,0.00585707,0.852423,0.004255750459919616,higher expression -> MORE T2D
ENSG00000224660,chr3_15264159_A_G,0.168033164186309,0.45763,0.00216061,0.00956565,0.821301,0.004721303236238883,higher expression -> MORE T2D
ENSG00000257878,chr12_96033524_T_A,0.16759098043197,-0.582853,0.0057745,0.00592928,0.330108,-0.009907300811696947,higher expression -> LESS T2D
ENSG00000255893,chr11_94478988_A_G,0.167562747533617,0.860907,0.00119988,0.00615174,0.845356,0.0013937393934536483,higher expression -> MORE T2D
ENSG00000272864,chr1_74708254_C_T,0.167271558686205,0.940269,-0.019494,0.0200675,0.331339,-0.020732364887069553,higher expression -> LESS T2D
ENSG00000159445,chr1_151907285_G_A,0.167135960051173,-0.511357,-0.00390924,0.00655822,0.55112,0.0076448352129725415,higher expression -> MORE T2D
ENSG00000286700,chr4_124045687_T_C,0.167130776224015,0.876245,0.0145928,0.0108639,0.179196,0.016653789750583455,higher expression -> MORE T2D
ENSG00000204116,chrX_73455359_G_A,0.166694307069267,-0.660917,-0.0154298,0.00721931,0.0325739,0.023346047990897498,higher expression -> MORE T2D
ENSG00000186716,chr22_23310025_C_T,0.166611053753602,-0.314709,-0.0148107,0.00596721,0.0130641,0.04706157116574359,higher expression -> MORE T2D
ENSG00000174989,chr12_117040011_G_A,0.166139083714569,0.80064,0.0100482,0.00891604,0.259751,0.012550209832134292,higher expression -> MORE T2D
ENSG00000103855,chr15_73681637_C_T,0.165927894640206,0.65622,0.0139053,0.0060471,0.0214768,0.021189997257017465,higher expression -> MORE T2D
ENSG00000272572,chr10_100932873_AG_A,0.165632796728843,0.378323,-0.00981031,0.00584885,0.0934824,-0.025931043050515034,higher expression -> LESS T2D
ENSG00000014164,chr8_143535521_A_G,0.165629539320587,-0.959155,0.0044431,0.00594875,0.455126,-0.004632306561504658,higher expression -> LESS T2D
ENSG00000101546,chr18_80042008_G_A,0.164803734315776,0.882209,0.00303087,0.00612995,0.620998,0.00343554645214456,higher expression -> MORE T2D
ENSG00000031691,chr6_49492265_A_G,0.164744896834122,0.459107,-0.012049,0.00590828,0.0414152,-0.026244426680490606,higher expression -> LESS T2D
ENSG00000147804,chr8_144428718_C_G,0.164498621028571,0.419225,0.0182455,0.00588278,0.00192531,0.043521975073051465,higher expression -> MORE T2D
ENSG00000289250,chr2_69664235_C_T,0.16447928355182,0.395347,0.0088671,0.00712241,0.213147,0.022428651286085385,higher expression -> MORE T2D
ENSG00000234286,chr7_23683593_C_T,0.164074010307514,0.785098,-0.00534768,0.00587317,0.362544,-0.006811480859714328,higher expression -> LESS T2D
ENSG00000184465,chr6_169694809_T_C,0.163922967736033,-0.320419,-0.00238402,0.00638915,0.709047,0.007440320330567164,higher expression -> MORE T2D
ENSG00000163281,chr4_44700703_T_C,0.163914371497122,0.777943,-0.0100672,0.00764022,0.18762,-0.012940793862789433,higher expression -> LESS T2D
ENSG00000243566,chr7_76482518_G_A,0.163815263413488,0.564796,-0.0108359,0.00710298,0.127123,-0.01918551122883307,higher expression -> LESS T2D
ENSG00000144026,chr2_94901079_T_C,0.163730602105301,-0.494301,0.00347861,0.0059561,0.559192,-0.007037432657429381,higher expression -> LESS T2D
ENSG00000227355,chr9_121370602_A_G,0.163636121941333,-0.483356,-0.00468913,0.00612342,0.443813,0.009701193323347594,higher expression -> MORE T2D
ENSG00000180257,chr19_52949222_A_ACCTG,0.163458828820397,0.701347,-0.0132902,0.0063117,0.0352355,-0.01894953567920017,higher expression -> LESS T2D
ENSG00000099821,chr19_619021_G_C,0.162513822754837,0.465855,0.0178342,0.00588922,0.00245952,0.03828272745811465,higher expression -> MORE T2D
ENSG00000259108,chr19_47873738_T_C,0.161948104797368,-1.19604,-0.0119002,0.00817596,0.145528,0.009949667235209524,higher expression -> MORE T2D
ENSG00000273972,chr15_45691957_C_G,0.161841422708591,-0.467246,-0.00628724,0.0058458,0.282145,0.013455952538919543,higher expression -> MORE T2D
ENSG00000171320,chr8_27765692_T_C,0.161310634993749,0.631861,0.00263139,0.00584753,0.652711,0.004164507700269521,higher expression -> MORE T2D
ENSG00000047230,chrX_16771730_T_C,0.161194777302101,-0.385304,-0.000466597,0.00509774,0.927071,0.001210984054149451,higher expression -> MORE T2D
ENSG00000091482,chrX_21770970_G_A,0.160931079443412,-0.645133,-0.013942,0.00722121,0.0535192,0.021611047644439208,higher expression -> MORE T2D
ENSG00000227258,chr13_44143605_A_ATGG,0.159113832290514,-0.756283,-0.000608026,0.00656333,0.92619,0.0008039662401508429,higher expression -> MORE T2D
ENSG00000261783,chr16_75389051_G_A,0.158650238410303,0.695701,0.00738877,0.00760086,0.331002,0.010620611440834496,higher expression -> MORE T2D
ENSG00000160145,chr3_124618555_G_A,0.157780481241201,0.456779,-0.0144606,0.00586739,0.0137177,-0.03165776009842834,higher expression -> LESS T2D
ENSG00000241764,chr7_107755787_A_G,0.157747141977269,0.544542,0.00425467,0.00623459,0.494967,0.007813299984206913,higher expression -> MORE T2D
ENSG00000167207,chr16_50685763_T_C,0.157701762569654,-0.607696,-0.00011197,0.00640192,0.986046,0.0001842533108659593,higher expression -> MORE T2D
ENSG00000229292,chr19_55756746_G_C,0.156884079841213,0.607191,0.0144609,0.00621772,0.0200318,0.023816064467358705,higher expression -> MORE T2D
ENSG00000259967,chr15_80211016_C_T,0.155773493168421,0.506794,-0.00105693,0.00632315,0.867251,-0.0020855219280417683,higher expression -> LESS T2D
ENSG00000149084,chr11_43825300_T_C,0.155760633268497,0.887723,-0.0260664,0.00630693,3.58105e-05,-0.029363213524939646,higher expression -> LESS T2D
ENSG00000213672,chr3_48707051_A_G,0.155069720718356,0.584646,-0.00184722,0.00616305,0.764386,-0.0031595529602528706,higher expression -> LESS T2D
ENSG00000234155,chr6_85389898_C_CAT,0.154928525239034,-1.11131,-0.00273468,0.00623869,0.661138,0.0024607715218975803,higher expression -> MORE T2D
ENSG00000246174,chr11_78142850_C_T,0.154909615755129,-0.495129,-0.011352,0.00585545,0.0525364,0.022927358324800202,higher expression -> MORE T2D
ENSG00000236529,chr7_65970508_T_C,0.154901881813632,-0.603385,0.0102912,0.00600902,0.0867821,-0.017055776991473107,higher expression -> LESS T2D
ENSG00000133104,chr13_36345595_G_C,0.154709272188308,-0.714254,0.0227532,0.00684703,0.000890307,-0.03185589440171144,higher expression -> LESS T2D
ENSG00000227676,chr13_79516730_A_G,0.15454651819282,-0.630062,0.0128318,0.00613225,0.0363923,-0.020365932241588922,higher expression -> LESS T2D
ENSG00000157823,chr15_89889294_G_A,0.15440583383689,-0.751324,-0.0542789,0.00678803,1.28263e-15,0.07224433134040707,higher expression -> MORE T2D
ENSG00000289047,chr6_32849353_A_G,0.154373558644192,0.441331,0.00255264,0.00715607,0.721308,0.005783958072285881,higher expression -> MORE T2D
ENSG00000285699,chr13_87330452_T_A,0.153890478156119,0.819336,0.00470979,0.0090602,0.60318,0.005748301063300039,higher expression -> MORE T2D
ENSG00000265479,chr7_76884826_A_G,0.153451035995632,0.452927,0.0179722,0.00601278,0.00279885,0.03968012505326465,higher expression -> MORE T2D
ENSG00000180481,chr12_75393352_G_A,0.153169226151419,-0.974115,-0.00154154,0.00608121,0.799887,0.0015825030925506745,higher expression -> MORE T2D
ENSG00000102409,chrX_103213553_C_A,0.152975390882382,-0.413234,0.00909189,0.00511538,0.0755092,-0.02200179559281182,higher expression -> LESS T2D
ENSG00000113812,chr3_53857070_C_G,0.152120767794331,-0.677585,-0.00207512,0.00629292,0.741585,0.0030625235210342615,higher expression -> MORE T2D
ENSG00000261625,chr11_69005935_G_A,0.15189403878397,-0.519141,-0.0252269,0.00645935,9.40351e-05,0.04859354202422849,higher expression -> MORE T2D
ENSG00000238287,chr1_40473325_T_C,0.15165499788689,-0.607481,-0.00907348,0.00638091,0.155034,0.014936236688884096,higher expression -> MORE T2D
ENSG00000267250,chr17_68902274_G_T,0.151014064860103,-0.649282,0.00301666,0.00747037,0.686347,-0.004646147590723291,higher expression -> LESS T2D
ENSG00000111850,chr6_87316216_C_T,0.150728187563224,0.697946,0.00621652,0.00877649,0.478749,0.008906878182552804,higher expression -> MORE T2D
ENSG00000160439,chr19_55050037_G_C,0.150489528652722,-0.797248,0.013161,0.00831311,0.113384,-0.01650803764951433,higher expression -> LESS T2D
ENSG00000248636,chr12_119618673_C_G,0.150463248216464,0.870675,-0.0166296,0.00628046,0.00810103,-0.0190996640537514,higher expression -> LESS T2D
ENSG00000070718,chr8_42174368_G_A,0.150243425039322,-0.427077,0.0120409,0.00594235,0.0427356,-0.028193744921875916,higher expression -> LESS T2D
ENSG00000229654,chr6_106666486_A_G,0.150062400408353,0.578695,0.00608995,0.00595119,0.306159,0.010523591874821799,higher expression -> MORE T2D
ENSG00000249476,chr5_109337245_C_T,0.149969185157146,0.44363,7.23395e-05,0.00668854,0.991371,0.00016306268737461397,higher expression -> MORE T2D
ENSG00000079974,chr22_50761102_AT_A,0.149810583796904,0.751523,0.00543998,0.0111742,0.626374,0.007238607467768783,higher expression -> MORE T2D
ENSG00000165646,chr10_117339240_C_T,0.149739170664067,0.733294,-0.029993,0.0127087,0.0182734,-0.04090173927510657,higher expression -> LESS T2D
ENSG00000131386,chr3_16070535_T_G,0.149636742029028,-0.595741,0.00655191,0.007143,0.359012,-0.010997916879986438,higher expression -> LESS T2D
ENSG00000167384,chr19_44485187_C_T,0.14948182431026,0.487851,-0.0147842,0.00602711,0.0141694,-0.030304744686389905,higher expression -> LESS T2D
ENSG00000250305,chr8_13008000_A_G,0.149464331534229,0.473222,-0.0011308,0.006902,0.86986,-0.0023895761397399106,higher expression -> LESS T2D
ENSG00000101883,chrX_120144062_C_T,0.148975879743387,-0.867911,0.0124753,0.00891068,0.1615,-0.014373939263357649,higher expression -> LESS T2D
ENSG00000133466,chr22_37195621_C_T,0.14866368756554,0.355856,0.0089912,0.00750521,0.230919,0.02526639989209118,higher expression -> MORE T2D
ENSG00000197696,chr15_84658188_T_C,0.148319530810509,-0.455688,0.00841658,0.00697004,0.227225,-0.01847004968311652,higher expression -> LESS T2D
ENSG00000117676,chr1_26474358_A_G,0.148156966773284,0.668035,-0.0165474,0.00629615,0.0085842,-0.0247702590433136,higher expression -> LESS T2D
ENSG00000177465,chr14_73629154_A_C,0.147214245306335,-0.442865,-0.0139081,0.00672004,0.0384858,0.03140482991430797,higher expression -> MORE T2D
ENSG00000093000,chr22_45174224_G_C,0.147086856611976,-0.168979,0.00255323,0.00623266,0.682061,-0.015109747365057198,higher expression -> LESS T2D
ENSG00000171160,chr10_97635266_G_C,0.146582784584792,-0.588661,0.00689542,0.00710154,0.331561,-0.011713736768700493,higher expression -> LESS T2D
ENSG00000134809,chr11_57516515_C_T,0.146451169015841,-0.747127,-0.00525785,0.00745477,0.480623,0.007037424694864461,higher expression -> MORE T2D
ENSG00000288398,chr1_16364527_C_G,0.146025812292813,0.590714,-0.0107479,0.00775954,0.166014,-0.018194760916450264,higher expression -> LESS T2D
ENSG00000169895,chrX_16771730_T_C,0.145950666807159,-0.417433,-0.000466597,0.00509774,0.927071,0.001117776984569979,higher expression -> MORE T2D
ENSG00000267079,chr18_11946740_G_A,0.145873053092133,0.888918,0.000195806,0.00605668,0.97421,0.0002202745360089457,higher expression -> MORE T2D
ENSG00000054690,chr14_67542075_C_G,0.145834032734988,0.782033,0.01956,0.00986339,0.0473565,0.025011732241478304,higher expression -> MORE T2D
ENSG00000215023,chr2_241772135_GAGAGAA_G,0.14557368784555,0.50676,0.00507278,0.00589255,0.389303,0.010010221801247138,higher expression -> MORE T2D
ENSG00000188130,chr22_50255050_A_G,0.145224873355636,-0.418467,0.00855691,0.0065032,0.188241,-0.020448231282275544,higher expression -> LESS T2D
ENSG00000167637,chr19_43826620_A_G,0.14511867306917,0.586705,0.00589461,0.00585734,0.314241,0.01004697420339012,higher expression -> MORE T2D
ENSG00000179119,chr11_18623473_C_CA,0.144589259151482,-0.50078,-0.00922236,0.00599268,0.123819,0.01841599105395583,higher expression -> MORE T2D
ENSG00000281501,chr4_25169339_A_G,0.143793941488867,-1.20959,0.0188048,0.0140855,0.18186,-0.015546424821633778,higher expression -> LESS T2D
ENSG00000248275,chr5_181277862_A_C,0.143793455849346,-0.665138,0.00350356,0.00648905,0.589253,-0.0052674181899094626,higher expression -> LESS T2D
ENSG00000258343,chr12_95811383_T_C,0.143741603597358,-1.48147,0.0239259,0.00948579,0.0116595,-0.01615010766333439,higher expression -> LESS T2D
ENSG00000138600,chr15_50806263_T_C,0.143723063884217,-0.795598,-0.00461299,0.00866654,0.594534,0.005798141775117584,higher expression -> MORE T2D
ENSG00000287126,chr2_3577589_C_T,0.14341553590367,0.825099,-0.000395372,0.0072474,0.956494,-0.0004791812861244529,higher expression -> LESS T2D
ENSG00000227191,chr7_38165931_G_A,0.143297767831679,-0.710316,0.0142859,0.00826126,0.0837626,-0.02011203464373603,higher expression -> LESS T2D
ENSG00000126005,chr20_35278225_A_G,0.142826549040705,0.605107,-0.00960527,0.00699968,0.169987,-0.01587367192909684,higher expression -> LESS T2D
ENSG00000287110,chr3_128925615_A_G,0.142670900647068,0.480751,0.00595813,0.00759061,0.432492,0.012393380356983136,higher expression -> MORE T2D
ENSG00000141562,chr17_82485433_G_A,0.142554034987139,-0.378166,0.000978973,0.00636228,0.877711,-0.002588738807825135,higher expression -> LESS T2D
ENSG00000204642,chr6_29727936_C_T,0.142535949894803,-0.660156,0.0120688,0.00587094,0.0398126,-0.018281739467640983,higher expression -> LESS T2D
ENSG00000100580,chr14_77366540_A_G,0.142444319666463,-0.400016,0.0075301,0.00601758,0.210807,-0.018824497020119194,higher expression -> LESS T2D
ENSG00000188312,chr9_92334529_A_G,0.142385594808741,0.607583,0.0116164,0.00857062,0.175299,0.019119033942687668,higher expression -> MORE T2D
ENSG00000265490,chr18_717047_CAAGTATCTCTGG_C,0.142330385220723,0.511154,-0.00369275,0.00585795,0.528444,-0.0072243394358647295,higher expression -> LESS T2D
ENSG00000254521,chr19_51524422_C_A,0.141697530879108,-0.544893,0.0102873,0.00609296,0.0913377,-0.018879486431281005,higher expression -> LESS T2D
ENSG00000173681,chrX_19923718_G_A,0.141493322227866,-0.440913,0.0217704,0.00576382,0.000158683,-0.049375727184274444,higher expression -> LESS T2D
ENSG00000286331,chr5_150442527_T_C,0.141050552069947,-0.644639,0.00714948,0.0063691,0.261639,-0.011090672453885043,higher expression -> LESS T2D
ENSG00000111215,chr12_10847181_C_T,0.140854453560321,-0.456657,-0.0139917,0.00600921,0.0198921,0.030639407695491363,higher expression -> MORE T2D
ENSG00000149548,chr11_124954085_C_T,0.140554414730993,0.587154,0.0111462,0.00902721,0.216931,0.018983435350861957,higher expression -> MORE T2D
ENSG00000236333,chr12_72277877_T_C,0.140490739766631,0.431121,0.000576774,0.00622642,0.926195,0.0013378471473205898,higher expression -> MORE T2D
ENSG00000132436,chr7_50452990_T_G,0.140050024292669,0.578401,0.00376453,0.00610143,0.53724,0.006508512260525136,higher expression -> MORE T2D
ENSG00000255320,chr11_66246829_C_T,0.139864187805919,0.527988,0.00307251,0.00764587,0.687793,0.005819279983635991,higher expression -> MORE T2D
ENSG00000253210,chr8_141126865_C_T,0.139275506306282,-0.455552,0.00190438,0.00590761,0.74718,-0.0041803789688114636,higher expression -> LESS T2D
ENSG00000170627,chr12_54442808_G_A,0.139232161890429,0.960691,0.00352283,0.0112023,0.75316,0.003666975125196343,higher expression -> MORE T2D
ENSG00000157168,chr8_32442055_C_G,0.139203876197996,-0.568913,0.00149496,0.00683391,0.826839,-0.002627748003649064,higher expression -> LESS T2D
ENSG00000187815,chr1_40473325_T_C,0.139023581782737,-0.530577,-0.00907348,0.00638091,0.155034,0.017101155911394578,higher expression -> MORE T2D
ENSG00000223855,chr7_524061_A_ATTTTC,0.138752332590968,0.885759,0.000104814,0.00761626,0.98902,0.00011833241321849397,higher expression -> MORE T2D
ENSG00000136104,chr13_50910309_C_T,0.138637435378293,0.612137,0.00660811,0.00595377,0.267041,0.010795148798389902,higher expression -> MORE T2D
ENSG00000288612,chr6_3017346_G_T,0.13825692128758,-0.681868,-0.00740455,0.00719222,0.303234,0.010859213220154047,higher expression -> MORE T2D
ENSG00000178295,chr2_17757234_A_G,0.138209713134799,-0.543639,0.00900274,0.00583343,0.122758,-0.01656014377187803,higher expression -> LESS T2D
ENSG00000110693,chr11_16226474_C_A,0.137912829024842,-0.750152,0.0134297,0.00620223,0.0303648,-0.017902638398617877,higher expression -> LESS T2D
ENSG00000237753,chr2_112642218_T_C,0.136856210318271,-0.612033,0.0160693,0.00862096,0.0623247,-0.026255610400092805,higher expression -> LESS T2D
ENSG00000169239,chrX_15737725_G_A,0.136477009546092,0.315873,0.000558287,0.00486455,0.90863,0.001767441345097555,higher expression -> MORE T2D
ENSG00000162650,chr1_109469079_G_A,0.135906826010536,-0.71496,-0.00474784,0.0062125,0.444723,0.006640707172429226,higher expression -> MORE T2D
ENSG00000081051,chr4_73426340_T_C,0.135698421312458,-0.650596,0.00638135,0.00588915,0.278552,-0.009808467927869217,higher expression -> LESS T2D
ENSG00000236173,chr6_169585425_A_G,0.135631301419,-0.852105,-0.0313136,0.0153283,0.0410658,0.03674852277594897,higher expression -> MORE T2D
ENSG00000101181,chr20_62203669_G_A,0.135172609914017,0.510278,0.00431495,0.0060341,0.474551,0.008456076883581106,higher expression -> MORE T2D
ENSG00000122678,chr7_44062097_G_A,0.135088971339085,0.795365,0.00711388,0.00933437,0.44599,0.008944170286597978,higher expression -> MORE T2D
ENSG00000234327,chr17_5097732_T_C,0.134941505374932,-0.74339,0.000702282,0.0075326,0.925719,-0.000944701973392163,higher expression -> LESS T2D
ENSG00000164334,chr5_119495765_G_A,0.134814327761495,1.0351,0.0104223,0.00993798,0.2943,0.01006888223360062,higher expression -> MORE T2D
ENSG00000182670,chr21_37072590_A_G,0.134638786574782,0.601908,0.0192267,0.00593764,0.00120323,0.03194292150959947,higher expression -> MORE T2D
ENSG00000065457,chr16_75537351_C_T,0.134635731090211,0.506794,0.00668618,0.00610369,0.273327,0.013193092262339334,higher expression -> MORE T2D
ENSG00000256162,chr6_130833814_G_A,0.134623710847693,0.736806,-0.00472274,0.0288898,0.870145,-0.006409746934742659,higher expression -> LESS T2D
ENSG00000286760,chr6_166315865_T_C,0.134325695677437,-0.407913,-0.00892983,0.00633709,0.158794,0.021891506277073786,higher expression -> MORE T2D
ENSG00000256299,chr12_130796949_G_A,0.134008999334612,0.501835,0.00792876,0.00634911,0.211739,0.01579953570396644,higher expression -> MORE T2D
ENSG00000109182,chr4_48973151_G_T,0.133590088749444,0.672499,-0.0286514,0.00670944,1.952e-05,-0.042604375619889404,higher expression -> LESS T2D
ENSG00000141295,chr17_47817987_C_T,0.133568834323278,-0.516068,0.0240034,0.00962447,0.0126314,-0.04651208755435331,higher expression -> LESS T2D
ENSG00000177225,chr11_769104_A_AAAAT,0.133422020955299,-0.315298,0.00693884,0.00667479,0.298544,-0.022007243940652968,higher expression -> LESS T2D
ENSG00000248993,chr6_32968343_C_T,0.133249373933689,1.32854,-0.0128803,0.0115033,0.262839,-0.009695078808315896,higher expression -> LESS T2D
ENSG00000115275,chr2_74459202_C_T,0.133098902209589,0.640391,-0.00537208,0.00842692,0.523805,-0.008388749998048067,higher expression -> LESS T2D
ENSG00000172346,chr22_41802533_G_A,0.132976665896955,-0.514591,-0.00224909,0.00616531,0.715263,0.004370636097405512,higher expression -> MORE T2D
ENSG00000197177,chr10_133007269_C_T,0.132904513265721,-0.53873,-0.00450964,0.00588718,0.44367,0.008370872236556344,higher expression -> MORE T2D
ENSG00000273450,chr10_94309648_T_G,0.132828880277574,0.412588,-0.0113101,0.00696083,0.104201,-0.02741257622616266,higher expression -> LESS T2D
ENSG00000040531,chr17_3661399_T_TGTC,0.132025044018956,-0.559304,-0.00509675,0.00665157,0.443529,0.009112665026532976,higher expression -> MORE T2D
ENSG00000226332,chr20_62365646_G_A,0.131750792820776,0.534604,0.00918343,0.0083424,0.270978,0.017178004653912053,higher expression -> MORE T2D
ENSG00000218819,chr2_21070134_C_T,0.131487669087885,0.554526,-0.00597632,0.0058371,0.305905,-0.010777348582392892,higher expression -> LESS T2D
ENSG00000260657,chr15_68311837_A_G,0.131243654738605,-0.683723,-0.00994434,0.0065826,0.130864,0.014544398828180418,higher expression -> MORE T2D
ENSG00000182141,chr19_21481399_G_C,0.130846410608912,-0.622255,0.00268089,0.00616208,0.663517,-0.004308346256759688,higher expression -> LESS T2D
ENSG00000133460,chr22_24531111_G_A,0.130722639351122,0.424351,-0.000330227,0.00842585,0.968737,-0.0007781930524495053,higher expression -> LESS T2D
ENSG00000262655,chr11_14017074_A_G,0.13067207828632,-0.431922,0.000233003,0.00593145,0.968665,-0.000539456198109844,higher expression -> LESS T2D
ENSG00000099785,chr19_8479935_C_T,0.130020971275988,0.517939,0.0255563,0.00691743,0.000220333,0.04934229706587069,higher expression -> MORE T2D
ENSG00000178821,chr1_1914634_G_T,0.129528061316519,0.399249,-0.0114244,0.00586501,0.051428,-0.02861472414458145,higher expression -> LESS T2D
ENSG00000245937,chr5_128053152_G_A,0.129004502368174,-0.809434,-0.00665807,0.0080777,0.409796,0.008225587262210385,higher expression -> MORE T2D
ENSG00000204149,chr10_49808947_A_G,0.12869998039027,-0.759428,-0.00299454,0.00612551,0.624938,0.003943151951205381,higher expression -> MORE T2D
ENSG00000227634,chr1_8212171_G_A,0.128040858765436,-0.575205,-0.014415,0.0067576,0.0329117,0.025060630557801136,higher expression -> MORE T2D
ENSG00000068724,chr2_46957351_C_T,0.127652413467396,-0.457476,0.0053781,0.00664203,0.418109,-0.011756026545654854,higher expression -> LESS T2D
ENSG00000011523,chr2_65057022_C_CGTGGATGCAGCA,0.127159308646773,-0.439314,-0.0347155,0.00617132,1.852e-08,0.07902206622142706,higher expression -> MORE T2D
ENSG00000267213,chr19_32363928_A_C,0.127084524856705,0.580187,0.00752658,0.00620861,0.225404,0.012972679498161799,higher expression -> MORE T2D
ENSG00000242578,chr3_170408777_T_G,0.126436638926325,0.455953,-0.00585516,0.00604174,0.332486,-0.012841586742493196,higher expression -> LESS T2D
ENSG00000144214,chr2_99306625_T_C,0.126390447307392,0.397569,-0.0135231,0.00738563,0.0670996,-0.03401447295941082,higher expression -> LESS T2D
ENSG00000261455,chr7_152443909_G_A,0.126092679013282,-0.384978,-0.00261075,0.00594799,0.660712,0.00678155634867447,higher expression -> MORE T2D
ENSG00000178381,chr7_1157029_C_G,0.125989219777124,-0.496463,0.0146538,0.00608874,0.0160972,-0.029516399006572495,higher expression -> LESS T2D
ENSG00000288884,chr7_128641202_G_A,0.125711623908739,0.598756,0.0101908,0.00587773,0.0829545,0.017019954706090627,higher expression -> MORE T2D
ENSG00000271425,chr1_146039555_C_T,0.125575365695142,-0.782701,0.0114107,0.0113531,0.314863,-0.014578619421720427,higher expression -> LESS T2D
ENSG00000249746,chr5_96282573_TAGGA_T,0.124479850254956,0.737319,0.0112874,0.0104605,0.280562,0.015308706272319037,higher expression -> MORE T2D
ENSG00000287189,chr6_166304552_C_T,0.124425605634944,-0.659141,0.0071418,0.00661517,0.280316,-0.010835011021920955,higher expression -> LESS T2D
ENSG00000101282,chr20_1017923_C_G,0.124316379446729,-0.529949,-0.000739291,0.00748317,0.921302,0.0013950229172995893,higher expression -> MORE T2D
ENSG00000214087,chr17_81669623_A_G,0.124255882184303,-1.20397,0.00615194,0.00757663,0.416813,-0.005109712036014186,higher expression -> LESS T2D
ENSG00000175061,chr17_16454536_A_T,0.12398738118079,0.494521,0.00341344,0.00713992,0.632594,0.006902517789942186,higher expression -> MORE T2D
ENSG00000254333,chr5_150475770_C_A,0.123872793358981,1.30135,0.0285722,0.0107987,0.00814761,0.02195581511507281,higher expression -> MORE T2D
ENSG00000223797,chr3_40451727_G_T,0.123502699067787,-0.450456,0.0172428,0.00605975,0.00443476,-0.038278544408332886,higher expression -> LESS T2D
ENSG00000258545,chrX_120088646_A_G,0.123316320970509,0.689866,0.0155926,0.00899632,0.0830558,0.022602360458407866,higher expression -> MORE T2D
ENSG00000186732,chr22_43478399_C_T,0.123078775714924,-0.930211,0.039932,0.0128954,0.00195745,-0.04292789485396324,higher expression -> LESS T2D
ENSG00000141994,chr19_5788651_AT_A,0.123050693319563,-0.637255,0.00395628,0.00705498,0.574949,-0.00620831535256687,higher expression -> LESS T2D
ENSG00000181315,chr6_26614723_G_A,0.123044201648041,-0.558945,0.0238524,0.00588231,5.01476e-05,-0.04267396613262485,higher expression -> LESS T2D
ENSG00000204084,chr1_37818475_C_A,0.122104165698423,0.342625,-0.000227781,0.00626632,0.971003,-0.0006648113827070413,higher expression -> LESS T2D
ENSG00000266903,chr19_44714515_C_A,0.121421097656543,-0.589318,-0.00257874,0.00719944,0.720203,0.004375803895350219,higher expression -> MORE T2D
ENSG00000287979,chr1_120371907_A_C,0.121233330346436,-0.634957,0.0179036,0.00692099,0.00968545,-0.02819655504230995,higher expression -> LESS T2D
ENSG00000276968,chr13_48060230_G_A,0.121038466248032,-0.79931,-0.00379825,0.00843162,0.652367,0.00475191102325756,higher expression -> MORE T2D
ENSG00000100097,chr22_37675036_G_A,0.120719350197208,-0.389638,0.00448943,0.00631475,0.477119,-0.011522053803787105,higher expression -> LESS T2D
ENSG00000134365,chr1_196710779_G_GT,0.120038408087137,-0.431735,0.0139769,0.00596406,0.0191029,-0.03237379410981273,higher expression -> LESS T2D
ENSG00000197951,chr19_56585657_A_C,0.120007057067108,0.553975,-0.0138502,0.0061882,0.0252098,-0.02500148923687892,higher expression -> LESS T2D
ENSG00000136108,chr13_52445298_A_G,0.119443249589807,-0.523015,-0.00733648,0.00583581,0.2087,0.014027284112310355,higher expression -> MORE T2D
ENSG00000179104,chr12_83263842_G_A,0.119396490140353,-1.32504,0.00615334,0.0145567,0.672504,-0.004643889995773713,higher expression -> LESS T2D
ENSG00000151806,chr4_44580050_T_C,0.11912859405557,0.412638,-0.0259394,0.00707117,0.000244141,-0.06286236362138242,higher expression -> LESS T2D
ENSG00000161243,chr19_39018678_T_C,0.119012751355865,0.723825,0.0233835,0.00742716,0.0016418,0.03230546057403378,higher expression -> MORE T2D
ENSG00000277135,chr15_96139516_A_G,0.118761602175241,0.475413,-0.0112454,0.00655598,0.0862919,-0.02365395982019844,higher expression -> LESS T2D
ENSG00000128271,chr22_24438763_A_G,0.118414305220485,-0.749587,-0.0020702,0.0110672,0.851615,0.002761787490978365,higher expression -> MORE T2D
ENSG00000282651,chr14_106113495_C_T,0.118024150429383,-0.840091,-0.00218291,0.00623082,0.726083,0.0025984208853564675,higher expression -> MORE T2D
ENSG00000224982,chr12_119614712_G_A,0.117377896402411,0.673265,-0.01647,0.00627504,0.00867301,-0.024462878658477714,higher expression -> LESS T2D
ENSG00000103202,chr16_396210_C_A,0.117019835068403,-0.457615,0.010867,0.00585877,0.0636209,-0.023747036264108477,higher expression -> LESS T2D
ENSG00000277999,chr16_29263131_G_A,0.116572208952486,-0.835801,-0.00440689,0.00606803,0.467688,0.005272654615153607,higher expression -> MORE T2D
ENSG00000112378,chr6_138110216_T_C,0.115488509439838,-0.492965,0.00426125,0.00589521,0.469783,-0.008644122807907256,higher expression -> LESS T2D
ENSG00000186973,chr1_43135008_A_C,0.115072014394137,1.53086,0.00750133,0.0134539,0.577145,0.004900075774401316,higher expression -> MORE T2D
ENSG00000142675,chr1_26191303_A_G,0.114955954680792,-0.635842,-0.0457094,0.00806281,1.43496e-08,0.07188798475092868,higher expression -> MORE T2D
ENSG00000225365,chr7_158537227_TG_T,0.114869987004195,0.504608,-0.00159908,0.00742945,0.829583,-0.0031689549115352907,higher expression -> LESS T2D
ENSG00000260953,chr16_29262735_G_A,0.114618978039708,-0.747228,-0.0045617,0.0060689,0.452261,0.006104830118785699,higher expression -> MORE T2D
ENSG00000237440,chr19_20402900_A_G,0.11429010047589,-0.783564,-0.0127252,0.0145066,0.380378,0.0162401539631734,higher expression -> MORE T2D
ENSG00000139197,chr12_7216095_G_C,0.114289071429344,-0.454151,0.00660885,0.00620151,0.286566,-0.01455209831091421,higher expression -> LESS T2D
ENSG00000166596,chr17_9687092_T_C,0.112951923285938,0.534728,0.00388653,0.00669845,0.561771,0.007268237309435825,higher expression -> MORE T2D
ENSG00000125124,chr16_56529149_T_G,0.112526559336876,-0.727546,0.010655,0.00745163,0.152749,-0.014645122095372663,higher expression -> LESS T2D
ENSG00000102309,chrX_72199166_G_A,0.112482610396874,-0.531272,-0.00784521,0.0052298,0.133589,0.014766842596636,higher expression -> MORE T2D
ENSG00000116198,chr1_3852165_T_C,0.112221518264875,0.535908,-0.0114329,0.00607155,0.0596967,-0.02133369906775043,higher expression -> LESS T2D
ENSG00000221955,chr3_125207210_A_G,0.111504918955852,0.947222,-0.0192177,0.00607515,0.0015598,-0.020288485698178465,higher expression -> LESS T2D
ENSG00000212719,chr17_21577731_A_G,0.111466900465824,-0.983394,0.00657416,0.00599284,0.27264,-0.0066851739994346114,higher expression -> LESS T2D
ENSG00000103550,chr16_19808919_G_A,0.111098240348921,0.737867,-0.0122158,0.0084803,0.149729,-0.016555558115486937,higher expression -> LESS T2D
ENSG00000198246,chr10_71314123_T_G,0.110637111039247,0.461152,0.00580143,0.00707538,0.412247,0.012580298903615294,higher expression -> MORE T2D
ENSG00000205559,chr22_50584092_T_C,0.110457883357614,0.990263,0.0106546,0.00989417,0.281544,0.010759363926552846,higher expression -> MORE T2D
ENSG00000139352,chr12_103150709_A_T,0.110449469048453,-0.426947,0.0148875,0.00618495,0.0160816,-0.03486966766366785,higher expression -> LESS T2D
ENSG00000284770,chr1_235444704_A_G,0.110197461053453,0.467125,0.00461643,0.00966301,0.632833,0.009882643831950763,higher expression -> MORE T2D
ENSG00000250786,chr5_9582892_C_T,0.110076804617963,-1.09217,-0.00987178,0.00865261,0.253911,0.009038684453885384,higher expression -> MORE T2D
ENSG00000124713,chr6_42952231_T_C,0.109989459884768,-0.39131,0.00908292,0.00591333,0.124537,-0.023211571388413278,higher expression -> LESS T2D
ENSG00000109511,chr4_168156793_A_G,0.109913707486302,0.615845,-0.0076239,0.00583631,0.191455,-0.012379576029682794,higher expression -> LESS T2D
ENSG00000124641,chr6_41822717_C_T,0.108815589229718,0.452278,0.0036783,0.00583388,0.528364,0.008132829808215301,higher expression -> MORE T2D
ENSG00000261241,chr16_50879251_G_A,0.108756123661104,0.481857,-0.012263,0.00759016,0.10617,-0.025449459071882324,higher expression -> LESS T2D
ENSG00000167920,chr17_40825993_G_A,0.108205677849827,-0.634073,-0.0100893,0.0059798,0.0915567,0.015911890271309456,higher expression -> MORE T2D
ENSG00000138771,chr4_76495664_C_G,0.108123932366521,-0.402195,0.0134328,0.00608402,0.0272527,-0.033398724499310035,higher expression -> LESS T2D
ENSG00000255310,chr8_10226884_C_T,0.108058670629592,-0.459315,-0.026065,0.00629768,3.49092e-05,0.056747547979055776,higher expression -> MORE T2D
ENSG00000288656,chr16_28574315_C_T,0.107668486249882,1.10104,0.0113169,0.00587265,0.0539722,0.010278373174453244,higher expression -> MORE T2D
ENSG00000285269,chr9_96319230_G_A,0.107566822012809,0.498551,-0.0112709,0.00602212,0.0612661,-0.02260731600177314,higher expression -> LESS T2D
ENSG00000163293,chr4_48021309_A_T,0.10681629036615,0.632647,-0.00340262,0.00667258,0.610093,-0.005378386367121001,higher expression -> LESS T2D
ENSG00000251049,chr4_57546480_C_T,0.106289013294324,0.396806,0.00125297,0.00592433,0.832501,0.003157638745381874,higher expression -> MORE T2D
ENSG00000254635,chr10_28510311_C_T,0.105875757113601,-0.689562,-0.00839649,0.0073136,0.250941,0.012176555552655163,higher expression -> MORE T2D
ENSG00000164346,chr5_74759384_T_C,0.105785819027342,0.875422,0.00875997,0.00910712,0.336109,0.01000656826079308,higher expression -> MORE T2D
ENSG00000144792,chr3_44590720_G_T,0.105313077216765,-0.71284,-0.00972289,0.0103322,0.346691,0.013639652656977723,higher expression -> MORE T2D
ENSG00000196511,chr7_144850953_T_C,0.104999390292013,-0.534231,-0.00564964,0.0062573,0.366585,0.010575275489441833,higher expression -> MORE T2D
ENSG00000013810,chr4_1752732_G_C,0.104396852408765,0.664204,0.0139574,0.0106771,0.191134,0.02101372469903825,higher expression -> MORE T2D
ENSG00000128699,chr2_189771685_C_G,0.103661517644063,-0.489157,0.00596034,0.00636299,0.348902,-0.012184922223335247,higher expression -> LESS T2D
ENSG00000242588,chr7_128533903_G_A,0.103310010510048,0.571058,0.0102575,0.00587891,0.0810214,0.01796227353438705,higher expression -> MORE T2D
ENSG00000128891,chr15_40566619_G_A,0.102888582250411,-0.606538,-0.0174329,0.00604716,0.00394121,0.028741645206071177,higher expression -> MORE T2D
ENSG00000225527,chr10_18513769_T_A,0.102836062963623,-0.507187,-0.0032499,0.00616357,0.598003,0.0064076957808461175,higher expression -> MORE T2D
ENSG00000286198,chr1_208268143_G_A,0.102767912888792,0.739587,0.000221027,0.00629254,0.97198,0.0002988519268186163,higher expression -> MORE T2D
ENSG00000256269,chr11_119087417_C_A,0.102429532642028,0.413482,0.0199854,0.00635996,0.00167579,0.04833438940510107,higher expression -> MORE T2D
ENSG00000100522,chr14_52725639_T_C,0.102154690298948,0.487268,-0.0058265,0.00585157,0.319389,-0.01195748540844053,higher expression -> LESS T2D
ENSG00000287670,chr2_87995056_C_T,0.10187725598891,0.489584,0.00211064,0.00648706,0.744909,0.00431108859766659,higher expression -> MORE T2D
ENSG00000289470,chr7_150779462_A_G,0.101798189401654,-0.556881,-0.00423687,0.00586345,0.469932,0.007608214322269929,higher expression -> MORE T2D
ENSG00000277149,chr7_72743715_A_G,0.101605694136992,-1.25849,-0.0337998,0.00847533,6.6627e-05,0.026857424373654137,higher expression -> MORE T2D
ENSG00000276691,chr12_47764908_C_T,0.101549692461578,0.666525,0.0198874,0.00772068,0.00999931,0.029837440456096917,higher expression -> MORE T2D
ENSG00000089335,chr19_34661110_G_A,0.100999563972327,-0.519523,-0.0128989,0.0090546,0.154282,0.024828352161501994,higher expression -> MORE T2D
ENSG00000146477,chr6_160355293_A_G,0.100998830704029,0.536307,-0.0222585,0.00583681,0.000137028,-0.0415032807701559,higher expression -> LESS T2D
ENSG00000289036,chr8_2148858_G_T,0.0999972816028104,1.0162,0.00438692,0.00702644,0.532401,0.004316984845502854,higher expression -> MORE T2D
ENSG00000122121,chrX_129731084_G_A,0.0999833700778697,-0.903704,0.00479063,0.00567396,0.398492,-0.005301105229145827,higher expression -> LESS T2D
ENSG00000105497,chr19_51571113_T_G,0.099873674113491,0.381741,-3.28231e-05,0.00679937,0.996148,-8.59826426818183e-05,higher expression -> LESS T2D
ENSG00000239335,chr12_66109782_T_C,0.0996570113685953,-1.05689,0.00622509,0.00583703,0.286206,-0.005890007474760854,higher expression -> LESS T2D
ENSG00000136982,chr8_119852600_A_C,0.0995433819612545,-0.789358,0.016963,0.00701919,0.0156635,-0.021489615611674295,higher expression -> LESS T2D
ENSG00000128310,chr22_37862803_T_C,0.0994166750990763,-0.618122,-0.00582053,0.00592321,0.325772,0.009416474417671593,higher expression -> MORE T2D
ENSG00000253921,chr5_151764786_G_A,0.099163942537175,-0.429269,0.00822206,0.00593608,0.166022,-0.019153630940039926,higher expression -> LESS T2D
ENSG00000272338,chr8_33436909_C_G,0.0988830706927241,-0.407799,0.00630288,0.00585802,0.281954,-0.01545584957295138,higher expression -> LESS T2D
ENSG00000288983,chr16_30633578_T_C,0.0981741818024103,-0.49927,0.000268235,0.00614308,0.965172,-0.0005372543914114608,higher expression -> LESS T2D
ENSG00000132199,chr18_706589_A_G,0.0971356175887592,0.406556,-0.00893634,0.00586013,0.127274,-0.02198058816005667,higher expression -> LESS T2D
ENSG00000063587,chrX_153359917_T_G,0.0971183371811279,0.390419,0.000836313,0.00475259,0.860318,0.002142090933074466,higher expression -> MORE T2D
ENSG00000163491,chr3_27391906_A_T,0.0966655697827566,-0.599273,0.00878388,0.00600602,0.143601,-0.01465756007695992,higher expression -> LESS T2D
ENSG00000205930,chr21_32775534_A_G,0.096287206322033,0.371508,0.00224942,0.0073765,0.760409,0.006054835965847303,higher expression -> MORE T2D
ENSG00000273073,chr2_131486456_C_T,0.0961582248157239,0.85114,0.00029118,0.0123484,0.981187,0.0003421058815236036,higher expression -> MORE T2D
ENSG00000177697,chr11_833975_G_T,0.0960885099296183,0.701382,0.0119578,0.00681735,0.0794255,0.017048912005155535,higher expression -> MORE T2D
ENSG00000163682,chr4_39452701_G_A,0.0959535412350793,-0.627095,-0.00693536,0.00612237,0.257302,0.011059504540779308,higher expression -> MORE T2D
ENSG00000170100,chr16_89221457_A_C,0.0958657613562168,0.685766,-0.0154064,0.0127587,0.227233,-0.02246597235791801,higher expression -> LESS T2D
ENSG00000136718,chr2_130334734_C_T,0.0957997145333457,-0.434423,0.000799015,0.00819937,0.92237,-0.0018392557484295262,higher expression -> LESS T2D
ENSG00000196378,chr8_144794305_G_A,0.0954704570375309,-0.437752,-0.0239534,0.00587849,4.60638e-05,0.05471911036385899,higher expression -> MORE T2D
ENSG00000268001,chr19_48253841_T_A,0.0953281171795628,-0.51557,0.00178944,0.00830681,0.829441,-0.0034707993095021046,higher expression -> LESS T2D
ENSG00000165929,chr14_91846025_A_G,0.0951576162018317,-0.416691,-0.00849832,0.00584488,0.145953,0.02039477694502641,higher expression -> MORE T2D
ENSG00000288782,chr8_2147297_A_G,0.0949011911611155,1.12615,0.00435791,0.00702594,0.535087,0.0038697420414687215,higher expression -> MORE T2D
ENSG00000223387,chr3_172596437_C_T,0.0948661211088784,0.53406,-0.00882051,0.00589428,0.134536,-0.01651595326367824,higher expression -> LESS T2D
ENSG00000128944,chr15_40410915_A_G,0.0947696391545616,0.946341,0.0378,0.00818289,3.84866e-06,0.039943318528944644,higher expression -> MORE T2D
ENSG00000119139,chr9_69243926_TA_T,0.0947530958966706,-0.384226,0.00435616,0.00648373,0.501672,-0.011337494079005587,higher expression -> LESS T2D
ENSG00000163161,chr2_127271216_T_C,0.0947142510124759,0.477037,0.00359949,0.00681045,0.597136,0.007545515337384731,higher expression -> MORE T2D
ENSG00000289285,chr9_124873434_A_G,0.0946332708640751,-0.565042,-0.0251986,0.0065887,0.00013103,0.04459597693622775,higher expression -> MORE T2D
ENSG00000187741,chr16_89813841_C_T,0.0942870655334931,-0.810728,-0.00295512,0.0076372,0.698802,0.0036450202780710667,higher expression -> MORE T2D
ENSG00000246705,chr12_14771944_C_T,0.0939168102396714,0.615591,0.0119388,0.0072934,0.101645,0.01939404572191601,higher expression -> MORE T2D
ENSG00000170745,chr2_17891034_C_T,0.093748323539422,0.796784,0.00232711,0.00596151,0.696274,0.0029206284262736195,higher expression -> MORE T2D
ENSG00000236682,chr2_127349894_T_C,0.0937262570941215,-0.610151,0.0168522,0.00661046,0.0107934,-0.027619720364303265,higher expression -> LESS T2D
ENSG00000166743,chr16_20602727_C_T,0.0931324949586128,0.568971,0.00408733,0.00629535,0.516169,0.0071837228962460305,higher expression -> MORE T2D
ENSG00000230091,chr10_80119549_C_T,0.0931233159700783,0.945313,0.0154147,0.00906166,0.0889263,0.016306450879232593,higher expression -> MORE T2D
ENSG00000198794,chr15_75026311_A_G,0.0929688715971432,1.43561,-0.00854035,0.00959023,0.373184,-0.005948934599229596,higher expression -> LESS T2D
ENSG00000274828,chr18_79725167_G_A,0.0926052622067983,0.4836,0.0166006,0.00847818,0.0502262,0.03432712985938793,higher expression -> MORE T2D
ENSG00000105755,chr19_43515267_A_T,0.0924394232087293,-0.93732,0.00791656,0.00713736,0.267356,-0.00844595228950625,higher expression -> LESS T2D
ENSG00000204531,chr6_31212321_C_T,0.0921499338770354,-0.545548,0.0178818,0.00773356,0.0207644,-0.03277768409012589,higher expression -> LESS T2D
ENSG00000125485,chr9_132632851_A_C,0.0919079567104629,0.911617,-0.00866861,0.00628919,0.1681,-0.009509048207745138,higher expression -> LESS T2D
ENSG00000166140,chr15_40811599_T_TGTG,0.0918399014433442,-0.559504,0.0128139,0.0058705,0.0290536,-0.022902249134948097,higher expression -> LESS T2D
ENSG00000166796,chr11_18411358_C_T,0.0918041067293499,1.47293,-0.0238299,0.00982491,0.015289,-0.01617856924633214,higher expression -> LESS T2D
ENSG00000228561,chr3_177693795_G_C,0.0917170957894649,0.542309,-0.00266868,0.00602469,0.657797,-0.004920958346625264,higher expression -> LESS T2D
ENSG00000284707,chr7_97966299_G_A,0.0913764347490111,-0.735849,0.00372005,0.00671885,0.579802,-0.00505545295298356,higher expression -> LESS T2D
ENSG00000130177,chr13_114234990_T_C,0.0908208235807348,0.413008,0.00820454,0.00687947,0.233021,0.019865329485143145,higher expression -> MORE T2D
ENSG00000135318,chr6_85377928_A_AC,0.0907112757960393,-0.582776,-0.00726673,0.00966434,0.452104,0.012469164824906998,higher expression -> MORE T2D
ENSG00000224714,chr10_64922141_ATAAAG_A,0.090308226780684,-0.414318,-0.0181401,0.00583469,0.00187711,0.04378303621855676,higher expression -> MORE T2D
ENSG00000286407,chr7_158944763_T_C,0.0901885039094239,0.564597,0.00037411,0.00584111,0.948932,0.0006626142186373642,higher expression -> MORE T2D
ENSG00000247572,chr5_81305389_C_T,0.0899636104748245,-0.584512,0.0279046,0.013411,0.0374593,-0.047739995072812874,higher expression -> LESS T2D
ENSG00000287104,chr4_7006351_T_G,0.0899551140118974,0.449955,-0.00598871,0.00585546,0.306423,-0.013309575401984644,higher expression -> LESS T2D
ENSG00000088448,chr13_110877272_A_C,0.0897517529511822,-0.283339,0.00430873,0.00621736,0.4883,-0.01520697821337691,higher expression -> LESS T2D
ENSG00000198952,chr1_156323264_CCATT_C,0.0893358373957889,-0.725804,0.0140892,0.00592594,0.0174281,-0.019411852235589774,higher expression -> LESS T2D
ENSG00000166435,chr11_74960055_T_A,0.0884566625981862,1.12544,0.00360955,0.00618758,0.559654,0.003207234503838499,higher expression -> MORE T2D
ENSG00000176945,chr3_196018654_T_TCC,0.0883230867940945,0.552524,0.0216408,0.00590559,0.000247862,0.03916716739906321,higher expression -> MORE T2D
ENSG00000203722,chr6_149635330_T_C,0.0880279317338828,0.559905,-0.00102164,0.0060038,0.86488,-0.0018246666845268397,higher expression -> LESS T2D
ENSG00000182117,chr15_34341496_CA_C,0.0873181257418322,-0.376827,0.0157071,0.0102118,0.124017,-0.04168252274916606,higher expression -> LESS T2D
ENSG00000261770,chr19_27805723_A_G,0.0868766788866753,-1.1335,-0.0155219,0.00666893,0.0199388,0.013693780326422586,higher expression -> MORE T2D
ENSG00000271398,chr1_28248610_T_G,0.0868672934525836,-0.598482,0.00319034,0.00653801,0.625572,-0.0053307200550726675,higher expression -> LESS T2D
ENSG00000109956,chr11_134405742_AG_A,0.0868531608724813,-0.876924,0.0101074,0.00897917,0.260312,-0.01152597032354001,higher expression -> LESS T2D
ENSG00000160710,chr1_154604579_T_G,0.0865053293646388,-0.432916,0.00557382,0.00585622,0.341209,-0.012875061212798787,higher expression -> LESS T2D
ENSG00000288046,chr6_6729505_T_C,0.0863739503305291,-0.706559,0.0115539,0.00956156,0.226904,-0.01635234990991552,higher expression -> LESS T2D
ENSG00000108187,chr10_68279014_G_A,0.0860895332011524,0.2864,-0.000132419,0.00658118,0.983947,-0.00046235684357541897,higher expression -> LESS T2D
ENSG00000287024,chrX_129705327_C_T,0.0860851472117147,-0.396357,0.00632745,0.00569083,0.266196,-0.015964017287445408,higher expression -> LESS T2D
ENSG00000240006,chr3_134316111_ATCCG_A,0.0859303983029164,0.540204,0.00177875,0.00598703,0.76639,0.0032927375584038622,higher expression -> MORE T2D
ENSG00000213965,chr19_32691844_C_T,0.0855122830310728,-0.699156,0.0108116,0.00716959,0.131561,-0.01546378776696474,higher expression -> LESS T2D
ENSG00000268686,chr19_49384752_T_C,0.0851546562920956,-0.492055,0.000719374,0.00779137,0.926436,-0.0014619788438284336,higher expression -> LESS T2D
ENSG00000186529,chr19_15661928_G_A,0.0851361007771476,-0.40519,-0.000595087,0.00588279,0.919426,0.0014686616155383894,higher expression -> MORE T2D
ENSG00000079277,chr1_46574412_G_C,0.0847639826648963,0.407374,-0.0165805,0.0067621,0.0142076,-0.0407009283852185,higher expression -> LESS T2D
ENSG00000211698,chr7_38362407_A_C,0.0847304990469018,-0.800816,0.000476996,0.00615274,0.938205,-0.0005956374498012028,higher expression -> LESS T2D
ENSG00000132740,chr11_68951752_C_T,0.0846565122983393,1.08965,-0.0334943,0.00603256,2.82007e-08,-0.03073858578442619,higher expression -> LESS T2D
ENSG00000197124,chr19_20037597_G_GC,0.0842146659865689,-0.661486,-0.0278506,0.00702604,7.3731e-05,0.04210308305844719,higher expression -> MORE T2D
ENSG00000126870,chr7_158876346_A_G,0.0838428656551072,-0.745125,0.00920294,0.00664694,0.166194,-0.012350867304143599,higher expression -> LESS T2D
ENSG00000165312,chr10_23491424_G_C,0.0835579616920482,-0.574865,0.00230705,0.00647931,0.721792,-0.004013203099858228,higher expression -> LESS T2D
ENSG00000240382,chr2_89095244_A_G,0.0835441857229392,-0.511394,-0.000685853,0.00985787,0.944532,0.0013411440102934333,higher expression -> MORE T2D
ENSG00000160588,chr11_118214265_G_A,0.0832995304051209,0.438631,-0.0103187,0.00583969,0.0772307,-0.0235247850699107,higher expression -> LESS T2D
ENSG00000237400,chr7_36460842_T_G,0.0827764129642335,1.325,-0.00294131,0.00805297,0.714929,-0.002219856603773585,higher expression -> LESS T2D
ENSG00000274173,chr20_24916719_C_T,0.0826484674612949,-0.723668,0.00121531,0.0116624,0.917005,-0.0016793750725470798,higher expression -> LESS T2D
ENSG00000085514,chr7_100319793_G_A,0.0826063180767656,1.11126,0.0174983,0.00714975,0.014389,0.01574635998776164,higher expression -> MORE T2D
ENSG00000264247,chr18_74592998_T_C,0.0824838016965567,-0.386588,-0.000415694,0.00762451,0.95652,0.0010752894554409344,higher expression -> MORE T2D
ENSG00000144649,chr3_43078298_C_T,0.0820040650672874,-0.886585,-0.00833564,0.00720837,0.247524,0.009401963714703046,higher expression -> MORE T2D
ENSG00000112159,chr6_89818703_A_G,0.0819998585643044,0.724109,0.0101157,0.00829666,0.22275,0.013969858129093824,higher expression -> MORE T2D
ENSG00000147027,chrX_35553083_G_C,0.0817590252812734,0.385347,-0.00372702,0.00483957,0.441232,-0.00967185419894277,higher expression -> LESS T2D
ENSG00000143036,chr1_94822131_C_T,0.080852772565008,-0.814833,-0.00631942,0.00596369,0.289305,0.007755478729997435,higher expression -> MORE T2D
ENSG00000236078,chr7_47611584_T_A,0.0808473838098318,0.610042,-0.00133303,0.00637336,0.834326,-0.0021851446293861734,higher expression -> LESS T2D
ENSG00000254343,chr8_119874232_T_C,0.0803944192294855,-0.438824,-0.0161053,0.00621833,0.00959843,0.036701046433194176,higher expression -> MORE T2D
ENSG00000196391,chr15_90381470_C_T,0.0799025800633173,0.475412,0.0122628,0.00586386,0.0365056,0.025794048109849983,higher expression -> MORE T2D
ENSG00000041982,chr9_115125846_A_G,0.0795223439597417,-0.634345,-0.0135156,0.00659341,0.0403766,0.021306386903025953,higher expression -> MORE T2D
ENSG00000163029,chr2_17781183_A_G,0.0793948835306177,0.586208,0.00900165,0.0058331,0.122782,0.015355726977455103,higher expression -> MORE T2D
ENSG00000271964,chr3_16252751_G_A,0.0793761405795631,0.52261,0.0163814,0.0059454,0.00586368,0.03134536269876198,higher expression -> MORE T2D
ENSG00000197580,chr11_112187553_C_T,0.0787849864353427,-0.630011,0.0107657,0.00661883,0.103839,-0.017088114334511618,higher expression -> LESS T2D
ENSG00000135297,chr6_73486880_C_G,0.0782369488840774,-0.758202,-0.0080205,0.00723258,0.267456,0.010578315541240987,higher expression -> MORE T2D
ENSG00000254685,chr1_74094318_T_G,0.0779928656211811,-0.457706,-0.00335742,0.00583632,0.565114,0.007335320052610191,higher expression -> MORE T2D
ENSG00000235111,chr22_49631557_T_C,0.077849782962377,-0.582808,0.0055485,0.00607571,0.361124,-0.009520287985065407,higher expression -> LESS T2D
ENSG00000108433,chr17_46947874_C_T,0.0776406497679177,0.349871,0.0085325,0.00583756,0.143835,0.024387559986394986,higher expression -> MORE T2D
ENSG00000227359,chr2_113746053_T_G,0.0773974093759472,0.485479,0.00252154,0.00645096,0.695887,0.005193921879216197,higher expression -> MORE T2D
ENSG00000183833,chr3_119705975_C_A,0.0773321226415519,1.22377,0.00543137,0.00735294,0.460109,0.004438227771558381,higher expression -> MORE T2D
ENSG00000076258,chr1_171342892_G_A,0.0772992143992507,0.401184,-0.00875577,0.00640829,0.171839,-0.021824823522373773,higher expression -> LESS T2D
ENSG00000231663,chr1_234369278_A_G,0.0767786975343394,0.772926,0.00897209,0.0126534,0.478282,0.01160795470717766,higher expression -> MORE T2D
ENSG00000018610,chrX_119558129_G_A,0.0767364930713458,-0.885395,0.00387327,0.0129571,0.764992,-0.004374623755498958,higher expression -> LESS T2D
ENSG00000103479,chr16_53468034_G_A,0.0767061915751134,-0.378844,-0.020877,0.00610282,0.000624223,0.05510711532979273,higher expression -> MORE T2D
ENSG00000142655,chr1_10430228_T_C,0.0763717481513584,-0.353556,0.00467054,0.00584431,0.424198,-0.013210184525223727,higher expression -> LESS T2D
ENSG00000095485,chr10_100174478_C_T,0.0763523856336507,0.709357,-0.014493,0.00618168,0.0190524,-0.020431179222873675,higher expression -> LESS T2D
ENSG00000144647,chr3_43082025_G_C,0.0762990277319221,-0.561045,-0.00837274,0.0072078,0.245388,0.014923473161689347,higher expression -> MORE T2D
ENSG00000286043,chr12_82560197_G_A,0.0762292687695281,1.01272,0.00230802,0.00918785,0.801657,0.0022790307291255234,higher expression -> MORE T2D
ENSG00000271122,chr7_35695969_A_G,0.0760675563424085,0.417507,-0.0076579,0.00584022,0.189778,-0.018341967919100755,higher expression -> LESS T2D
ENSG00000170322,chr11_129862603_A_G,0.0757145279381874,-0.418252,-0.00436007,0.00893298,0.625488,0.010424504843969663,higher expression -> MORE T2D
ENSG00000151364,chr11_78182819_T_C,0.0754451896151683,0.428851,0.0148596,0.00852739,0.0814085,0.03464979678256551,higher expression -> MORE T2D
ENSG00000134744,chr1_52424219_A_C,0.0753907407334306,0.769899,-0.0355444,0.012692,0.00510164,-0.04616761419355006,higher expression -> LESS T2D
ENSG00000230325,chr1_236569946_C_T,0.0752748696564737,-0.616047,0.0132004,0.00683874,0.0535772,-0.021427585882245997,higher expression -> LESS T2D
ENSG00000112294,chr6_24501193_C_T,0.0752567982192575,-0.354555,-0.00102922,0.00619317,0.868011,0.002902850051472973,higher expression -> MORE T2D
ENSG00000167077,chr22_41569296_T_C,0.0751821332739536,0.621017,0.0144233,0.00669754,0.0312781,0.02322529012893367,higher expression -> MORE T2D
ENSG00000090487,chr15_64981061_T_C,0.0751680561662165,0.482447,-0.0131489,0.00599751,0.0283511,-0.027254599987148846,higher expression -> LESS T2D
ENSG00000197747,chr1_151961486_T_C,0.0750543860403537,0.45419,-0.00319435,0.00656842,0.626741,-0.007033069860631014,higher expression -> LESS T2D
ENSG00000127324,chr12_71139754_C_G,0.0750097813541314,0.583308,0.0352301,0.00607748,6.75772e-09,0.060397080101764415,higher expression -> MORE T2D
ENSG00000170949,chr19_53089918_C_A,0.0748911553249867,0.634475,-0.0122224,0.0101475,0.228409,-0.019263800780172584,higher expression -> LESS T2D
ENSG00000153012,chr4_25062593_T_C,0.0747871391077466,0.43452,-0.00601281,0.00588862,0.307211,-0.013837821043910523,higher expression -> LESS T2D
ENSG00000204110,chr6_37519176_A_C,0.0747102295727136,-0.751416,0.00718237,0.00591626,0.224745,-0.009558446985424853,higher expression -> LESS T2D
ENSG00000115446,chr2_98620976_A_G,0.0745908237365629,0.607241,0.00670857,0.00715335,0.348336,0.011047623595903437,higher expression -> MORE T2D
ENSG00000276775,chr14_106011559_T_G,0.0741559727875369,-0.518699,0.00133875,0.00639086,0.834074,-0.002580976635775276,higher expression -> LESS T2D
ENSG00000231305,chr3_128925615_A_G,0.0735173125729284,0.685474,0.00595813,0.00759061,0.432492,0.008691985399883875,higher expression -> MORE T2D
ENSG00000180953,chr15_79928730_A_T,0.0733484824029605,0.571265,-0.00546754,0.00846798,0.518492,-0.009570934680052164,higher expression -> LESS T2D
ENSG00000176472,chr19_43574316_T_G,0.0732358526754321,0.454184,-0.0143441,0.00765871,0.0610815,-0.031582134113046695,higher expression -> LESS T2D
ENSG00000125618,chr2_113235223_TCC_T,0.0731177163515001,-0.782367,0.00504998,0.00590589,0.392509,-0.006454745662841096,higher expression -> LESS T2D
ENSG00000260273,chr6_109454233_T_C,0.0726244757022031,0.625618,-0.009039,0.00584524,0.122011,-0.01444811370516833,higher expression -> LESS T2D
ENSG00000204536,chr6_31186856_T_C,0.0726215871891462,0.546011,0.00930619,0.00819834,0.25632,0.01704396065280736,higher expression -> MORE T2D
ENSG00000171421,chr5_1818768_G_A,0.0725980555759337,-0.389407,-2.26553e-05,0.00610882,0.997041,5.817897469742454e-05,higher expression -> MORE T2D
ENSG00000273448,chr7_67366712_C_T,0.0725752574078853,0.337683,0.0124637,0.0058652,0.0335846,0.03690946834753304,higher expression -> MORE T2D
ENSG00000118785,chr4_87853188_A_G,0.0723588356035776,-0.298647,0.00123703,0.0062835,0.843929,-0.004142114268685103,higher expression -> LESS T2D
ENSG00000189157,chr4_76278788_C_T,0.0723092787209,-0.606706,0.0171306,0.00588549,0.00360687,-0.028235422099006768,higher expression -> LESS T2D
ENSG00000230606,chr2_97359885_G_T,0.0720913510016913,-0.64451,-0.00172601,0.00674407,0.798004,0.0026780189601402615,higher expression -> MORE T2D
ENSG00000250673,chr4_146123817_T_G,0.0719749494536551,0.656486,0.011298,0.00627311,0.0717001,0.017209811024149792,higher expression -> MORE T2D
ENSG00000144362,chr2_169709609_A_AATTT,0.0719354846020436,-0.6403,0.00177809,0.00717975,0.804403,-0.0027769639231610185,higher expression -> LESS T2D
ENSG00000068366,chrX_109792251_C_T,0.0718068410874882,-0.376344,-0.0071945,0.00479001,0.133102,0.019116818655272837,higher expression -> MORE T2D
ENSG00000196862,chr2_108495204_T_G,0.0716176047564985,0.54063,-0.00838809,0.00591622,0.156245,-0.0155153987015149,higher expression -> LESS T2D
ENSG00000111328,chr12_123321672_C_T,0.0712599176699689,-0.528613,-0.033108,0.00720965,4.38642e-06,0.06263183084789818,higher expression -> MORE T2D
ENSG00000136147,chr13_49497571_T_C,0.0711132864468621,-0.410824,0.00433773,0.00701808,0.536524,-0.010558609039393997,higher expression -> LESS T2D
ENSG00000272130,chr5_21442969_C_T,0.0707616568023353,0.58476,-0.00201179,0.0105509,0.848781,-0.0034403686982693756,higher expression -> LESS T2D
ENSG00000261159,chr3_128909090_C_T,0.0701011538398595,0.685286,0.00588957,0.00758899,0.43771,0.008594324121607622,higher expression -> MORE T2D
ENSG00000118596,chr12_59432559_A_G,0.0700859810115818,0.461496,-0.00213389,0.00923875,0.817337,-0.004623853727876297,higher expression -> LESS T2D
ENSG00000117115,chr1_17098138_G_A,0.0700093598448974,0.550994,-0.000335113,0.00588335,0.954577,-0.0006081971854502953,higher expression -> LESS T2D
ENSG00000172543,chr11_65884359_A_G,0.069932794335252,0.777413,-0.0136467,0.00795085,0.0860914,-0.017553989964150328,higher expression -> LESS T2D
ENSG00000211639,chr22_22145879_G_A,0.0696505334281321,-0.523987,0.00340001,0.00594288,0.567244,-0.006488729682224941,higher expression -> LESS T2D
ENSG00000153822,chr17_70098771_G_C,0.0695543782458506,0.594739,-0.0125523,0.00907246,0.166492,-0.021105560590443877,higher expression -> LESS T2D
ENSG00000183891,chr2_19955784_A_T,0.0693887591148825,1.10113,0.00667958,0.0109379,0.541411,0.006066113901174249,higher expression -> MORE T2D
ENSG00000253433,chr8_134843968_T_C,0.0692703449046445,-0.457091,-0.00754781,0.00626555,0.228337,0.01651270753526103,higher expression -> MORE T2D
ENSG00000163239,chr1_154473722_T_C,0.0688916112741239,-0.480644,0.00914843,0.0062712,0.14462,-0.019033692296169306,higher expression -> LESS T2D
ENSG00000165055,chr7_128506218_T_C,0.0688797201186703,-0.494875,0.00405174,0.00606209,0.503895,-0.008187400858802728,higher expression -> LESS T2D
ENSG00000164144,chr4_152769690_T_C,0.0687109572448534,0.536373,0.00266568,0.00614204,0.664284,0.004969825103053286,higher expression -> MORE T2D
ENSG00000277782,chr15_81009064_G_C,0.068389774678876,-0.526688,-0.0155744,0.00912383,0.0878213,0.029570447779330454,higher expression -> MORE T2D
ENSG00000134569,chr11_47087509_A_G,0.0683656991284249,-0.553759,0.00642899,0.00633654,0.310302,-0.011609725530420273,higher expression -> LESS T2D
ENSG00000188906,chr12_40126189_C_T,0.0683006714816303,1.2546,0.0216632,0.0155579,0.163793,0.017267017376056116,higher expression -> MORE T2D
ENSG00000151553,chr10_114857959_A_G,0.0682913364316747,-0.44595,0.00113068,0.00582815,0.846173,-0.002535441192958852,higher expression -> LESS T2D
ENSG00000179562,chr7_127475889_A_G,0.0682023966931979,0.788677,-0.0251538,0.0128495,0.0502805,-0.03189366496043374,higher expression -> LESS T2D
ENSG00000116791,chr1_74721856_C_T,0.0676000473649484,-1.04736,-0.0134201,0.0174753,0.44252,0.012813263825236785,higher expression -> MORE T2D
ENSG00000283221,chr16_9626904_C_T,0.0674630063175752,1.83618,-0.00948677,0.0133905,0.478653,-0.005166579529240053,higher expression -> LESS T2D
ENSG00000271889,chr2_61173681_G_A,0.0671309035116306,0.434854,-0.00843835,0.00586509,0.150224,-0.01940501869593013,higher expression -> LESS T2D
ENSG00000183111,chr5_149577419_CAT_C,0.0669041961560847,-0.576001,0.0144403,0.00687486,0.0356895,-0.025069921753608067,higher expression -> LESS T2D
ENSG00000196167,chr11_111301454_T_C,0.0668673362853334,-0.544402,0.00912551,0.00685338,0.183013,-0.016762447603058034,higher expression -> LESS T2D
ENSG00000053900,chr4_25421916_G_T,0.0664409232302605,-0.580228,-0.0124481,0.00599448,0.0378399,0.02145380781348022,higher expression -> MORE T2D
ENSG00000198715,chr1_156300047_G_GCC,0.0656508554682668,-0.846205,0.0325717,0.0089399,0.000269054,-0.03849150028657359,higher expression -> LESS T2D
ENSG00000120539,chr10_27155834_C_A,0.0656122044600334,0.68337,-0.0127625,0.00614945,0.0379516,-0.01867582715073825,higher expression -> LESS T2D
ENSG00000169217,chr16_30340303_T_C,0.0655713488373363,0.424156,-0.00713155,0.00626499,0.254988,-0.016813507294485993,higher expression -> LESS T2D
ENSG00000064655,chr20_47030537_G_GGA,0.0652385559238213,0.66434,0.0119449,0.00707413,0.0913103,0.01798010055092272,higher expression -> MORE T2D
ENSG00000120262,chr6_151466924_T_A,0.0651256926648168,0.617192,-0.00305837,0.00946338,0.746559,-0.0049552975411217256,higher expression -> LESS T2D
ENSG00000154767,chr3_14194677_A_G,0.0651159577499891,0.354172,0.0171504,0.0063446,0.00686847,0.04842392961611872,higher expression -> MORE T2D
ENSG00000125630,chr2_112549925_ATATATG_A,0.0649930888009476,0.739948,0.00684719,0.0106097,0.518685,0.009253609713114976,higher expression -> MORE T2D
ENSG00000155957,chr12_66111550_C_T,0.0649065600129112,-1.02718,-0.00047818,0.00610281,0.937546,0.00046552697677135457,higher expression -> MORE T2D
ENSG00000184999,chr11_63361120_A_AG,0.064904463462608,-0.577199,-0.00780589,0.00595197,0.189695,0.013523741378623317,higher expression -> MORE T2D
ENSG00000184515,chrX_102150592_C_T,0.0647059084648915,0.817348,-0.00573725,0.00489566,0.241235,-0.0070193479399227755,higher expression -> LESS T2D
ENSG00000161692,chr17_44757994_C_G,0.0644446708438272,-0.854975,0.0182736,0.00842645,0.0301127,-0.021373256527968655,higher expression -> LESS T2D
ENSG00000168803,chr15_43344453_C_T,0.0641060026399298,-0.61464,-0.025818,0.0104243,0.0132596,0.04200507614213198,higher expression -> MORE T2D
ENSG00000092200,chr14_21308446_A_AC,0.0638483076100285,0.582972,0.00508302,0.00588667,0.387873,0.008719149461723717,higher expression -> MORE T2D
ENSG00000250508,chr11_68857015_C_G,0.063320272772868,-0.78027,-0.0342321,0.00603106,1.37908e-08,0.04387212118881926,higher expression -> MORE T2D
ENSG00000226747,chr2_185720598_A_G,0.0629613411414142,0.721855,0.0140477,0.00594758,0.0181803,0.019460556482950177,higher expression -> MORE T2D
ENSG00000198468,chr1_212878179_A_G,0.0629136755885148,0.930494,0.00196907,0.00593937,0.740244,0.0021161555044954612,higher expression -> MORE T2D
ENSG00000204644,chr6_29680360_G_A,0.0628724338407394,1.22881,0.00397403,0.00849218,0.639811,0.0032340475744826297,higher expression -> MORE T2D
ENSG00000084072,chr1_39739455_TAAAG_T,0.0628135351981013,0.897013,-0.0113035,0.006054,0.0618842,-0.012601266648309444,higher expression -> LESS T2D
ENSG00000137274,chr6_3143886_T_C,0.0627258340371707,0.390796,-0.0043036,0.0110652,0.697326,-0.011012395213871177,higher expression -> LESS T2D
ENSG00000176896,chrX_13675889_A_C,0.0625761503124016,-0.221888,0.00347099,0.00477558,0.467336,-0.015642982044995674,higher expression -> LESS T2D
ENSG00000232104,chr9_3561045_A_G,0.062542364192362,0.898269,-0.0120569,0.0149134,0.418826,-0.013422371249592273,higher expression -> LESS T2D
ENSG00000214293,chr7_77632965_A_G,0.0624342816897033,-0.565828,-0.0102555,0.00935569,0.273001,0.018124765829898838,higher expression -> MORE T2D
ENSG00000233590,chr10_68276080_C_T,0.0622205019558449,-0.677356,0.0014163,0.00661082,0.83036,-0.0020909241226179437,higher expression -> LESS T2D
ENSG00000168778,chr12_123687670_CAAAGT_C,0.0620305078259987,0.589655,-0.00381877,0.00632095,0.545748,-0.006476278501835819,higher expression -> LESS T2D
ENSG00000223865,chr6_33080680_C_G,0.0615948559778076,-0.635895,0.0100076,0.0069887,0.152153,-0.015737818350513844,higher expression -> LESS T2D
ENSG00000119326,chr9_109092110_T_C,0.0615363229337222,-0.519441,-0.000314414,0.00905642,0.972305,0.0006052929976647974,higher expression -> MORE T2D
ENSG00000135211,chr7_77964524_C_T,0.0606035010717144,0.451574,-0.00565501,0.0060142,0.347076,-0.012522886614375497,higher expression -> LESS T2D
ENSG00000147123,chrX_47201445_C_G,0.0603981652277316,-0.348086,0.00677281,0.00505888,0.180637,-0.019457289290577613,higher expression -> LESS T2D
ENSG00000115364,chr2_75662602_A_ATT,0.0603113029091712,-0.441161,-0.00226417,0.00631351,0.719877,0.005132298639272283,higher expression -> MORE T2D
ENSG00000227192,chr6_143031290_A_C,0.0602863703442252,-0.873646,0.0106861,0.00870062,0.219373,-0.012231613262122187,higher expression -> LESS T2D
ENSG00000269365,chr18_47822621_A_G,0.0601838168869541,0.486857,-0.010817,0.00587965,0.0658082,-0.022218022951297815,higher expression -> LESS T2D
ENSG00000169432,chr2_166378911_C_T,0.0600580047908867,-0.52781,-0.0317248,0.00690782,4.37774e-06,0.060106477709781926,higher expression -> MORE T2D
ENSG00000198040,chr12_133077586_C_T,0.0598482329888297,0.26386,0.0212965,0.00588772,0.000297913,0.08071136208595468,higher expression -> MORE T2D
ENSG00000173272,chr2_131472010_T_C,0.0596732497804278,-0.657714,-0.000925095,0.0129238,0.942936,0.0014065308021419644,higher expression -> MORE T2D
ENSG00000139405,chr12_113167867_T_TGGCCCTGGGCA,0.0596130082037398,-0.79236,0.00492096,0.0080489,0.540946,-0.006210510374072392,higher expression -> LESS T2D
ENSG00000247157,chr12_11191980_T_A,0.0596085356075476,-0.898173,-0.0140215,0.00616217,0.0228813,0.015611135048593088,higher expression -> MORE T2D
ENSG00000273142,chr7_66894282_A_G,0.0589240462022403,-0.342336,-0.00642798,0.00605608,0.288504,0.018776815759955132,higher expression -> MORE T2D
ENSG00000203791,chr10_124792022_G_C,0.0588384473558039,-0.343448,0.00503729,0.00593216,0.395798,-0.014666820013510051,higher expression -> LESS T2D
ENSG00000138111,chr10_102494655_C_A,0.058823139530308,0.662531,-0.00252622,0.00603277,0.6754,-0.003812983845284221,higher expression -> LESS T2D
ENSG00000158865,chr16_24833308_A_G,0.0587725222481649,0.857419,-0.00945399,0.00855316,0.26902,-0.01102610275722838,higher expression -> LESS T2D
ENSG00000285955,chr10_122453397_T_C,0.0584548421560612,0.53527,-0.00811747,0.00679566,0.23228,-0.015165187662301268,higher expression -> LESS T2D
ENSG00000138346,chr10_68485890_T_C,0.0583915909949253,-0.879466,-0.0113872,0.00762237,0.135196,0.012947856995040172,higher expression -> MORE T2D
ENSG00000171943,chr1_121375092_A_G,0.0578040574957686,-0.554093,-0.00730411,0.00620776,0.239351,0.013182101199618115,higher expression -> MORE T2D
ENSG00000141294,chr17_47807607_G_A,0.0577405530735617,-0.48746,0.0175893,0.00594521,0.00309072,-0.03608357608829442,higher expression -> LESS T2D
ENSG00000104341,chr8_97800020_C_G,0.0574054600643037,-0.542601,0.0101549,0.00591983,0.086272,-0.0187152253681803,higher expression -> LESS T2D
ENSG00000133665,chr10_80401332_T_C,0.0570666526450149,0.523781,-0.0154715,0.00591171,0.00886829,-0.029538108484271092,higher expression -> LESS T2D
ENSG00000162981,chr2_14416781_A_G,0.0570447725481527,0.730617,0.00197049,0.00741587,0.79046,0.0026970218322322093,higher expression -> MORE T2D
ENSG00000104804,chr19_48898891_C_T,0.0564718127577215,1.30137,0.00445554,0.00928873,0.63146,0.0034237303764494344,higher expression -> MORE T2D
ENSG00000090054,chr9_92043024_C_T,0.0560470760530993,0.447566,-0.000359313,0.00600117,0.952256,-0.0008028156741128682,higher expression -> LESS T2D
ENSG00000236849,chr9_72837670_C_A,0.0558441157124862,-0.677065,-0.016215,0.0100402,0.106311,0.02394895615635131,higher expression -> MORE T2D
ENSG00000141759,chr18_79979098_T_C,0.0557839906729607,-0.43477,0.0250051,0.00893843,0.00515015,-0.057513397888538764,higher expression -> LESS T2D
ENSG00000132970,chr13_26642986_C_T,0.0557515537583575,0.772623,0.00137473,0.00765983,0.857567,0.0017793024541076308,higher expression -> MORE T2D
ENSG00000211964,chr14_106579461_A_AC,0.0556858821509517,-0.523004,-0.00615117,0.00648197,0.342638,0.011761229359622488,higher expression -> MORE T2D
ENSG00000204516,chr6_31508136_A_T,0.0556670829512398,0.720728,0.0115779,0.00642612,0.0715946,0.016064174001842582,higher expression -> MORE T2D
ENSG00000284882,chr1_84584891_T_C,0.055552461789279,-0.599733,-0.00914802,0.00627727,0.145027,0.015253487802071922,higher expression -> MORE T2D
ENSG00000215252,chr15_34417580_A_G,0.0555146149726466,-1.38454,-0.00537002,0.0558707,0.923429,0.0038785589437647155,higher expression -> MORE T2D
ENSG00000231050,chr1_1792927_G_A,0.0554664211161408,0.441374,-0.015014,0.00584292,0.0101815,-0.03401650301105185,higher expression -> LESS T2D
ENSG00000198670,chr6_160376593_G_T,0.0548615944374148,0.429531,0.0242359,0.00583671,3.29117e-05,0.05642409977393949,higher expression -> MORE T2D
ENSG00000255837,chr12_11181033_A_T,0.0547746814854146,-0.541709,-0.00298478,0.0062877,0.635,0.005509932454509709,higher expression -> MORE T2D
ENSG00000111450,chr12_130833299_GCCA_G,0.0544916802361531,0.637639,-0.00484724,0.0059617,0.416182,-0.007601856222721634,higher expression -> LESS T2D
ENSG00000075234,chr22_46291962_TTAAAAAA_T,0.054389516371475,1.11564,0.0176923,0.0212663,0.405441,0.015858431035100932,higher expression -> MORE T2D
ENSG00000213057,chr1_178570302_G_A,0.053903803718732,-0.402465,-0.00670135,0.00596441,0.261202,0.016650764662765705,higher expression -> MORE T2D
ENSG00000119946,chr10_99298760_T_C,0.0533933677396903,-1.13451,-0.00238297,0.00799904,0.765775,0.0021004398374628694,higher expression -> MORE T2D
ENSG00000106560,chr7_150653397_C_T,0.0529694822143396,-0.69325,0.0196449,0.0091717,0.032201,-0.028337396321673276,higher expression -> LESS T2D
ENSG00000145388,chr4_118734733_C_T,0.0527859001392036,0.503947,0.00482593,0.00648121,0.456512,0.009576264964371252,higher expression -> MORE T2D
ENSG00000225963,chr2_230101361_A_T,0.0525229024339082,-0.454775,8.39873e-05,0.00588244,0.988608,-0.00018467879720741027,higher expression -> LESS T2D
ENSG00000175536,chr11_74501461_A_G,0.0524135806700089,0.376044,0.00667962,0.00593328,0.260255,0.017762868175000796,higher expression -> MORE T2D
ENSG00000107521,chr10_98396270_G_T,0.0518373931293709,0.409332,0.00417835,0.0067635,0.53672,0.01020772868967,higher expression -> MORE T2D
ENSG00000155542,chr5_56952754_T_TG,0.0515567557338166,-0.642663,0.0259594,0.00663783,9.19814e-05,-0.04039348772218099,higher expression -> LESS T2D
ENSG00000140367,chr15_75971826_C_T,0.0514975092727371,0.4344,0.0108784,0.00768172,0.156735,0.02504235727440147,higher expression -> MORE T2D
ENSG00000196152,chr9_127432257_G_C,0.0514621913954053,-0.638354,0.00995366,0.00622326,0.109726,-0.015592696215579443,higher expression -> LESS T2D
ENSG00000171806,chr1_169913692_A_G,0.0514337842691622,-0.760097,0.0134019,0.011125,0.228332,-0.017631828569248397,higher expression -> LESS T2D
ENSG00000124587,chr6_42979275_G_C,0.0512164573358288,0.608808,0.00911047,0.00591311,0.123384,0.014964438706455896,higher expression -> MORE T2D
ENSG00000104497,chr8_81808465_G_A,0.0505809761733319,0.603427,0.000831718,0.00636169,0.895982,0.0013783241386282018,higher expression -> MORE T2D
ENSG00000232098,chr19_58402140_A_G,0.0503098422962271,-0.50736,-0.0260588,0.00694363,0.000174795,0.051361557868180384,higher expression -> MORE T2D
ENSG00000203778,chr6_112097660_CAG_C,0.050042850225777,0.469829,0.00223867,0.0070289,0.75011,0.004764861258032178,higher expression -> MORE T2D
ENSG00000204308,chr6_32172500_C_A,0.0498688713335415,-0.678914,0.0117093,0.00816559,0.151577,-0.017247103462294192,higher expression -> LESS T2D
ENSG00000284747,chr1_8001982_C_T,0.0498165399864583,0.434724,0.0105964,0.0060882,0.0817749,0.024375005750775208,higher expression -> MORE T2D
ENSG00000164941,chr8_94839262_G_A,0.0497003451397134,0.978826,0.00754496,0.0174646,0.665731,0.007708172851967561,higher expression -> MORE T2D
ENSG00000251417,chr16_28638330_C_A,0.0496709586481606,-0.343373,0.00975245,0.00586723,0.0964739,-0.028401912788716642,higher expression -> LESS T2D
ENSG00000186448,chr3_44462059_GGTTT_G,0.0495701473078543,0.481125,-0.00807393,0.00587555,0.169393,-0.016781356196414653,higher expression -> LESS T2D
ENSG00000168653,chr1_39008385_A_C,0.0495448734476135,-0.570063,0.0062247,0.00674794,0.356289,-0.010919319443640439,higher expression -> LESS T2D
ENSG00000183562,chr11_3056958_C_T,0.0493423310397203,0.851512,-0.0213619,0.0118456,0.0713313,-0.025087021674386267,higher expression -> LESS T2D
ENSG00000101751,chr18_54244236_A_T,0.0489735361366808,-0.341534,-0.00324534,0.00603596,0.590806,0.009502245750057096,higher expression -> MORE T2D
ENSG00000177990,chr12_63675003_T_C,0.0487090373485982,-0.545942,-0.00691464,0.00729144,0.342966,0.012665521245846627,higher expression -> MORE T2D
ENSG00000153208,chr2_111984552_A_G,0.0482723191294957,1.32696,-0.00225753,0.022498,0.920071,-0.0017012796165671914,higher expression -> LESS T2D
ENSG00000166405,chr11_8126574_C_G,0.0482468682309967,1.11194,0.0255245,0.0197351,0.195888,0.02295492562548339,higher expression -> MORE T2D
ENSG00000158623,chr7_130660096_G_A,0.0481933657453828,0.477201,-0.0161367,0.00743035,0.0298765,-0.03381531052952529,higher expression -> LESS T2D
ENSG00000176209,chr8_42568047_A_G,0.0480452259190575,-0.282321,-0.006738,0.00607087,0.267046,0.02386644989214405,higher expression -> MORE T2D
ENSG00000254682,chr11_71459607_T_C,0.0480432176210391,0.84598,-0.000370818,0.00597383,0.950504,-0.00043832951133596543,higher expression -> LESS T2D
ENSG00000160072,chr1_1543860_G_C,0.0479440636592691,-1.9004,0.028234,0.0308734,0.360449,-0.014856872237423699,higher expression -> LESS T2D
ENSG00000007908,chr1_169734691_A_AAAAT,0.047880112866173,0.995142,0.00741216,0.0109209,0.497318,0.007448344055421237,higher expression -> MORE T2D
ENSG00000234848,chr19_12495141_C_T,0.0478099935388034,0.625466,-0.00211631,0.00584972,0.717517,-0.0033835732078162525,higher expression -> LESS T2D
ENSG00000109738,chr4_156164325_A_T,0.0477704952087877,-0.492205,0.0141034,0.00682064,0.0386634,-0.028653508192724577,higher expression -> LESS T2D
ENSG00000110768,chr11_18321662_G_A,0.047735187396353,0.563728,0.00574162,0.00644281,0.37284,0.010185089262906934,higher expression -> MORE T2D
ENSG00000177479,chr3_48948966_A_T,0.0476011115021091,0.487306,-0.00633129,0.00619989,0.307162,-0.012992431860063287,higher expression -> LESS T2D
ENSG00000247011,chr17_50939986_G_A,0.0475666729624182,-0.472596,-0.00016387,0.00663066,0.980283,0.0003467443651660191,higher expression -> MORE T2D
ENSG00000197147,chr1_89556430_G_A,0.0475190221748261,-0.324247,-0.0104104,0.00649666,0.109063,0.032106388031346474,higher expression -> MORE T2D
ENSG00000232995,chr1_163286819_T_A,0.0473777643341414,-0.669901,0.00147366,0.0067412,0.826958,-0.0021998175849864384,higher expression -> LESS T2D
ENSG00000172478,chr2_240896529_T_C,0.0473339579593404,0.829322,0.00131997,0.00584132,0.821224,0.0015916254482577334,higher expression -> MORE T2D
ENSG00000273080,chr2_86148347_A_G,0.0469283388082692,0.456316,0.000271862,0.00583892,0.962864,0.0005957757343595227,higher expression -> MORE T2D
ENSG00000170222,chr17_10693396_C_T,0.0468716184666353,-0.492851,-0.00218767,0.00593337,0.712348,0.0044388060488869865,higher expression -> MORE T2D
ENSG00000148935,chr11_22686013_G_A,0.0464526781862594,-0.368466,-0.0135017,0.00633335,0.0330195,0.036643000982451567,higher expression -> MORE T2D
ENSG00000198515,chr4_47864726_C_T,0.0463515266763102,-0.546471,-0.0253376,0.00765301,0.000930294,0.046365863879327535,higher expression -> MORE T2D
ENSG00000182612,chr17_81643990_C_A,0.046173172771782,0.742254,-0.0059978,0.00613995,0.328644,-0.008080522300991306,higher expression -> LESS T2D
ENSG00000234389,chr2_102440033_A_G,0.046065271133117,0.44918,-0.0085906,0.00584928,0.141925,-0.01912507235406741,higher expression -> LESS T2D
ENSG00000198270,chr12_112104179_G_A,0.0458671277109663,0.830261,-0.0197788,0.00888615,0.0260274,-0.023822388381484857,higher expression -> LESS T2D
ENSG00000272129,chr6_80350423_G_A,0.04576985536939,-0.489878,-0.00457187,0.00783463,0.559526,0.009332670583288084,higher expression -> MORE T2D
ENSG00000224805,chr1_47159808_C_T,0.0455649880123272,0.783323,0.0222256,0.0120046,0.0641077,0.028373480671447158,higher expression -> MORE T2D
ENSG00000121542,chr3_123273056_G_A,0.0455296880095949,-0.438472,0.0302291,0.00668455,6.11899e-06,-0.06894191647357185,higher expression -> LESS T2D
ENSG00000226251,chr1_212271026_C_A,0.0453310090523337,0.564254,0.0254678,0.00769698,0.000936979,0.045135346847341794,higher expression -> MORE T2D
ENSG00000004534,chr3_49869678_C_A,0.0444556622581762,-0.317248,0.0270372,0.00596645,5.85558e-06,-0.08522417793019972,higher expression -> LESS T2D
ENSG00000143771,chr1_224432120_G_A,0.0443751879525167,-0.624853,0.0329387,0.00692966,2.00129e-06,-0.05271431840768949,higher expression -> LESS T2D
ENSG00000110675,chr11_107595511_C_T,0.0436795513145881,1.00324,-0.00331666,0.0106003,0.754368,-0.0033059487261273474,higher expression -> LESS T2D
ENSG00000122696,chr9_37880137_A_ACC,0.0434215433824101,0.582047,0.0083022,0.00756008,0.272133,0.014263796566256676,higher expression -> MORE T2D
ENSG00000164039,chr4_103247173_GT_G,0.0430390665123984,0.460766,-0.00828792,0.00809326,0.305811,-0.017987264685328345,higher expression -> LESS T2D
ENSG00000143387,chr1_150766597_C_T,0.0429953080315422,-0.425286,-0.00579476,0.00586368,0.323032,0.01362556021124608,higher expression -> MORE T2D
ENSG00000232876,chr6_135041240_T_C,0.0428874599141187,-0.487538,-0.0024075,0.00590374,0.683425,0.004938076621719742,higher expression -> MORE T2D
ENSG00000229539,chr20_3920377_G_A,0.0428079170876062,0.697966,0.0149185,0.0078887,0.0586071,0.021374250321648906,higher expression -> MORE T2D
ENSG00000117174,chr1_85724983_A_G,0.042663853226525,0.406359,-0.0035641,0.00592838,0.547712,-0.008770815953381124,higher expression -> LESS T2D
ENSG00000129055,chr3_134483664_T_G,0.0424829538498022,0.687908,-0.00669667,0.00652315,0.304609,-0.009734833727765922,higher expression -> LESS T2D
ENSG00000138750,chr4_76078866_G_T,0.0423319716143318,-0.654117,-0.00396049,0.0077111,0.607525,0.006054711924625106,higher expression -> MORE T2D
ENSG00000013573,chr12_31073901_T_A,0.0421981809597201,-1.13168,0.00660082,0.00590229,0.263418,-0.005832761911494415,higher expression -> LESS T2D
ENSG00000112079,chr6_36435617_A_T,0.0420707557120534,-0.611055,0.00318864,0.0068176,0.639994,-0.005218253676019344,higher expression -> LESS T2D
ENSG00000156042,chr10_73480219_C_T,0.0417786426200195,-0.80487,-0.00305483,0.013288,0.818174,0.003795432802812877,higher expression -> MORE T2D
ENSG00000119913,chr10_112255094_G_A,0.0415982077021508,0.907395,-0.0252858,0.0119038,0.033655,-0.02786636470335411,higher expression -> LESS T2D
ENSG00000152056,chr2_223808298_T_C,0.041265563458964,0.371367,5.06388e-05,0.00614812,0.993428,0.00013635783470259877,higher expression -> MORE T2D
ENSG00000288886,chr2_42792224_G_C,0.0411152524209749,0.325815,0.00344447,0.00656495,0.599809,0.010571858263124779,higher expression -> MORE T2D
ENSG00000127328,chr12_69739423_C_G,0.0410775499978098,-0.648487,0.00335941,0.00885885,0.704528,-0.005180381410884104,higher expression -> LESS T2D
ENSG00000087191,chr17_63863361_G_A,0.0408265173761455,0.486491,-0.0195532,0.00610105,0.00135111,-0.04019231599351272,higher expression -> LESS T2D
ENSG00000104325,chr8_90008606_A_C,0.0405708178423547,-0.522629,-0.0107381,0.00605666,0.0762395,0.020546314881110694,higher expression -> MORE T2D
ENSG00000165171,chr7_73849045_C_T,0.0403539274693694,-0.752558,0.00892257,0.00631071,0.157398,-0.011856322037636965,higher expression -> LESS T2D
ENSG00000228701,chr10_91829574_T_A,0.0395135263294394,-0.99804,0.0181246,0.00631417,0.00409864,-0.018160193980201196,higher expression -> LESS T2D
ENSG00000184381,chr22_38149884_G_A,0.0389533237690159,0.667849,-0.0266329,0.0127576,0.0368332,-0.039878625258104754,higher expression -> LESS T2D
ENSG00000289119,chr16_48611078_A_G,0.038810228810194,0.533633,-0.003804,0.00597211,0.52415,-0.007128494677053331,higher expression -> LESS T2D
ENSG00000142856,chr1_63456211_T_C,0.0387245142743313,1.16015,0.0087505,0.00618999,0.157464,0.0075425591518338145,higher expression -> MORE T2D
ENSG00000260269,chr15_75632637_T_G,0.0386728938466687,-0.532405,0.0151789,0.00656604,0.0207927,-0.02851006282811018,higher expression -> LESS T2D
ENSG00000164414,chr6_87489279_T_TG,0.0385333874483038,-0.308942,0.00245444,0.00622203,0.693229,-0.007944662752231811,higher expression -> LESS T2D
ENSG00000287733,chr7_135169463_T_C,0.0384249293074665,0.577873,-0.00464269,0.00585106,0.427499,-0.008034100918367877,higher expression -> LESS T2D
ENSG00000267674,chr18_49652167_A_G,0.0383624599450164,0.75237,-0.00351758,0.006954,0.612973,-0.004675332615601367,higher expression -> LESS T2D
ENSG00000187097,chr14_74015250_G_A,0.0379733519038347,-0.573217,0.00940943,0.0113442,0.406852,-0.016415127255472187,higher expression -> LESS T2D
ENSG00000260279,chr16_89527568_C_T,0.0378126227071675,1.58537,-0.0236592,0.0094698,0.0124761,-0.014923456354037226,higher expression -> LESS T2D
ENSG00000156172,chr8_95266949_A_C,0.0376729255604806,1.70463,0.00103266,0.0128461,0.935929,0.0006057971524612378,higher expression -> MORE T2D
ENSG00000113734,chr5_173117813_C_T,0.0375851376820895,-0.778467,-0.0061618,0.00947245,0.515371,0.007915300198980818,higher expression -> MORE T2D
ENSG00000271553,chr7_128524591_C_G,0.0374760454899365,0.622868,0.00576555,0.00772385,0.455389,0.009256455621415775,higher expression -> MORE T2D
ENSG00000268081,chr19_21557800_A_T,0.0374248163072096,-0.526138,0.00972571,0.00584687,0.0962321,-0.01848509326450475,higher expression -> LESS T2D
ENSG00000099994,chr22_24092507_C_T,0.0374068927835831,0.808819,-0.00342802,0.0105886,0.746129,-0.004238303007224113,higher expression -> LESS T2D
ENSG00000005379,chr17_58345753_C_T,0.0373364635778684,0.283431,0.0186478,0.00584001,0.00140744,0.06579308544231224,higher expression -> MORE T2D
ENSG00000184389,chr1_33348154_C_T,0.0372721832644688,0.654655,-0.00232091,0.00760035,0.760086,-0.0035452413866845895,higher expression -> LESS T2D
ENSG00000163389,chr3_119421415_A_T,0.0371753120130968,1.10926,0.00129586,0.0117055,0.91185,0.001168220254944738,higher expression -> MORE T2D
ENSG00000285791,chr8_66457768_G_GTC,0.0371031989780238,-0.486637,-0.020785,0.00586213,0.000391652,0.04271150775629474,higher expression -> MORE T2D
ENSG00000269949,chr4_56949525_C_T,0.0368214746918893,-0.578166,-0.0096447,0.00608952,0.113235,0.016681541287450318,higher expression -> MORE T2D
ENSG00000255422,chr11_118698985_G_A,0.036812102280952,-0.571066,0.0089535,0.00628108,0.154021,-0.015678573054603146,higher expression -> LESS T2D
ENSG00000256250,chr12_130826727_A_G,0.0366884317156275,-0.601393,-0.00795892,0.00634633,0.209806,0.013234141401712357,higher expression -> MORE T2D
ENSG00000174564,chr3_136957654_T_C,0.0364374770195152,0.580854,-0.0070415,0.00597142,0.238319,-0.012122667658310006,higher expression -> LESS T2D
ENSG00000197261,chr6_49568311_A_C,0.0360112160961501,-0.566835,0.000452778,0.00642623,0.943829,-0.0007987827145465612,higher expression -> LESS T2D
ENSG00000241755,chr2_89004358_G_A,0.0358223557856131,-0.512962,0.000531433,0.00982054,0.956844,-0.0010360085152506422,higher expression -> LESS T2D
ENSG00000196605,chr19_9757602_T_C,0.0357626053657353,0.462584,0.0104944,0.00690517,0.128564,0.022686474240354183,higher expression -> MORE T2D
ENSG00000182134,chr1_151780800_A_G,0.0355066164603715,-0.399268,0.000879821,0.0058459,0.880368,-0.0022035850606610097,higher expression -> LESS T2D
ENSG00000168297,chr3_58251562_T_C,0.0352886706422241,0.921477,-0.018961,0.010375,0.0676145,-0.02057674798177274,higher expression -> LESS T2D
ENSG00000147576,chr8_66450629_A_G,0.0351253669405481,0.256555,-0.0223957,0.0058619,0.00013315,-0.08729395256377775,higher expression -> LESS T2D
ENSG00000085719,chr8_86421504_T_TG,0.0351231296515312,0.356059,0.00227457,0.00669498,0.734051,0.006388182857335441,higher expression -> MORE T2D
ENSG00000235358,chr1_40990360_A_G,0.0350918684971011,1.24895,0.0136147,0.00905301,0.13261,0.010900916770086873,higher expression -> MORE T2D
ENSG00000065060,chr6_34829979_G_T,0.0349384787666318,0.516782,-0.00853415,0.00623677,0.171199,-0.016514023321245713,higher expression -> LESS T2D
ENSG00000278811,chr1_147350951_G_C,0.0347037715454336,0.509836,-0.0107038,0.00678714,0.11478,-0.02099459434014075,higher expression -> LESS T2D
ENSG00000101460,chr20_34573323_C_T,0.0345795624431988,0.27259,0.0354499,0.00590101,1.88486e-09,0.13004842437360137,higher expression -> MORE T2D
ENSG00000142188,chr21_33421399_C_T,0.0344449045218717,0.370377,-0.00649549,0.00584625,0.266545,-0.01753750907858749,higher expression -> LESS T2D
ENSG00000170085,chr5_176252824_T_C,0.0340960921397423,-0.507831,-0.00359348,0.00637033,0.572688,0.007076133595625316,higher expression -> MORE T2D
ENSG00000270344,chr12_89497697_T_G,0.0337297121611831,0.393938,0.00590846,0.00715117,0.408678,0.014998451532982347,higher expression -> MORE T2D
ENSG00000153904,chr1_85330862_A_G,0.0337262759928191,-0.77557,-0.0166076,0.00596952,0.00540145,0.021413412071121886,higher expression -> MORE T2D
ENSG00000287129,chr2_185865103_C_A,0.03365761355497,0.429078,-0.00131099,0.00653491,0.841001,-0.003055365224970751,higher expression -> LESS T2D
ENSG00000211935,chr14_106005871_G_A,0.033580060701251,-0.568391,0.000232261,0.00640772,0.971085,-0.00040862891917711573,higher expression -> LESS T2D
ENSG00000108592,chr17_63735635_T_G,0.0333328223344189,0.510335,-0.0234917,0.00617711,0.000142942,-0.0460319202092743,higher expression -> LESS T2D
ENSG00000125520,chr20_63737253_T_C,0.0332245961599893,0.245149,0.0221883,0.00736432,0.0025872,0.09050944527613819,higher expression -> MORE T2D
ENSG00000144306,chr2_174422528_T_C,0.0327538665368453,-0.372816,-0.00444809,0.00685041,0.516133,0.011931059825758553,higher expression -> MORE T2D
ENSG00000152926,chr7_64970090_A_T,0.0326373534017693,0.775154,0.00606149,0.0134843,0.653055,0.007819723564607807,higher expression -> MORE T2D
ENSG00000186470,chr6_26376800_G_A,0.0324713218082322,-1.15942,0.00886914,0.0103646,0.392157,-0.0076496351624087905,higher expression -> LESS T2D
ENSG00000249198,chr5_57767547_G_C,0.0324326336560671,-0.590173,0.0134966,0.00584086,0.0208487,-0.02286888759736552,higher expression -> LESS T2D
ENSG00000119636,chr14_74071021_A_G,0.0316860079121974,0.666303,-0.00101931,0.00833048,0.902615,-0.0015297995056303216,higher expression -> LESS T2D
ENSG00000257497,chr12_75433675_G_C,0.031385893015586,-0.810208,-8.95031e-05,0.00610744,0.988308,0.00011046928689916662,higher expression -> MORE T2D
ENSG00000140386,chr15_76758054_T_C,0.0312124907005356,0.802285,-0.0148276,0.00626891,0.0180177,-0.01848171161121048,higher expression -> LESS T2D
ENSG00000156603,chr11_57685071_G_A,0.0310601899294494,-0.471168,0.00570458,0.00605401,0.346049,-0.012107316286335235,higher expression -> LESS T2D
ENSG00000174652,chr19_9427988_G_GA,0.0310329993300623,0.742816,0.0049116,0.00587262,0.402954,0.006612135441347521,higher expression -> MORE T2D
ENSG00000171469,chr19_9800956_C_A,0.03088567276107,-0.635801,0.00127942,0.00758225,0.866002,-0.0020122963002574706,higher expression -> LESS T2D
ENSG00000211667,chr22_22764247_C_G,0.0307871253795324,-0.499528,-0.0133923,0.00608518,0.0277498,0.026809908553674665,higher expression -> MORE T2D
ENSG00000118058,chr11_118419728_A_G,0.0306594015152659,1.62697,-0.0182927,0.0173863,0.292738,-0.0112434156745361,higher expression -> LESS T2D
ENSG00000178252,chr3_48853248_C_T,0.0304207788935714,-0.450994,-0.00621819,0.00620012,0.315902,0.01378774440458188,higher expression -> MORE T2D
ENSG00000174373,chr14_35638997_AAG_A,0.0301180601854045,0.67598,0.00114973,0.00813764,0.887644,0.0017008343442113673,higher expression -> MORE T2D
ENSG00000280670,chr1_45520088_G_A,0.0298169835421571,-0.89221,-0.000791853,0.00619589,0.898305,0.000887518633505565,higher expression -> MORE T2D
ENSG00000111860,chr6_118600074_TATAA_T,0.0298001267301206,-0.729031,-0.0144352,0.00723119,0.0459071,0.019800529744276995,higher expression -> MORE T2D
ENSG00000213759,chr4_69192617_C_A,0.0295293098453938,0.472969,-0.00944531,0.00711399,0.184274,-0.0199702517501147,higher expression -> LESS T2D
ENSG00000250696,chr4_69192617_C_A,0.0294451234705158,0.523015,-0.00944531,0.00711399,0.184274,-0.018059348202250414,higher expression -> LESS T2D
ENSG00000151689,chr2_190408754_G_A,0.0292175260876232,0.448794,0.00274824,0.00890976,0.757738,0.006123611278225644,higher expression -> MORE T2D
ENSG00000259092,chr14_22192936_G_A,0.0291789327917708,-0.642639,-0.0035433,0.00606747,0.559231,0.0055136709723499515,higher expression -> MORE T2D
ENSG00000120860,chr12_102142648_A_C,0.029132382594408,-0.584414,-0.00939876,0.0063055,0.136076,0.01608236626774855,higher expression -> MORE T2D
ENSG00000221947,chr8_70653719_G_T,0.0289377920651345,1.05882,-0.008951,0.00583339,0.124921,-0.008453750401390226,higher expression -> LESS T2D
ENSG00000197362,chr7_149172934_A_G,0.0288986405777497,0.640516,0.00726037,0.00625589,0.245819,0.011335189128764933,higher expression -> MORE T2D
ENSG00000107890,chr10_27138821_T_C,0.0288836269846517,1.10371,0.00540929,0.0126953,0.670045,0.0049010066049958775,higher expression -> MORE T2D
ENSG00000146833,chr7_99913227_T_A,0.0277277623556582,0.636638,-0.0125491,0.00595647,0.035135,-0.019711515806470868,higher expression -> LESS T2D
ENSG00000272752,chr7_100379959_T_G,0.0277027363571649,0.53006,0.0175154,0.00714529,0.0142334,0.03304418367731955,higher expression -> MORE T2D
ENSG00000000460,chr1_169734691_A_AAAAT,0.0269199851160278,0.810116,0.00741216,0.0109209,0.497318,0.009149504515402734,higher expression -> MORE T2D
ENSG00000261538,chr16_48223089_G_A,0.0269111966007265,0.783446,0.00238895,0.00918706,0.794837,0.003049284826267541,higher expression -> MORE T2D
ENSG00000172113,chr3_48333244_T_G,0.0268339451088646,-0.612131,-0.0362157,0.00725774,6.03976e-07,0.05916331634895146,higher expression -> MORE T2D
ENSG00000124207,chr20_49046090_G_C,0.0267690338170271,-0.407564,-0.00490542,0.00584453,0.401291,0.012035950182057296,higher expression -> MORE T2D
ENSG00000281831,chr6_29638984_G_A,0.0267611093692407,1.067,0.010228,0.0104186,0.326244,0.009585754451733833,higher expression -> MORE T2D
ENSG00000214078,chr20_35853619_A_G,0.026466484191829,-0.562275,0.00262642,0.0106634,0.805448,-0.004671059534925082,higher expression -> LESS T2D
ENSG00000186204,chr19_15716195_A_ATT,0.0262658483854922,0.255409,-0.00691528,0.0062705,0.270102,-0.027075318410862578,higher expression -> LESS T2D
ENSG00000263531,chr17_30906064_ACCCCAG_A,0.0260180955759365,1.02025,-0.00668464,0.0108837,0.53909,-0.006551962754226905,higher expression -> LESS T2D
ENSG00000287830,chr16_9610128_G_A,0.0259384731294323,2.22925,-0.0102338,0.0135254,0.449266,-0.004590691936750028,higher expression -> LESS T2D
ENSG00000229043,chr7_1169253_A_G,0.0254890773847402,-0.728452,0.0162066,0.00610249,0.00791334,-0.022247999868213693,higher expression -> LESS T2D
ENSG00000149089,chr11_34890420_T_G,0.0252745761307218,-0.242732,-0.0161084,0.00596734,0.00694592,0.0663629022955358,higher expression -> MORE T2D
ENSG00000286689,chr3_15970624_A_G,0.0251492304095328,1.00603,-0.010343,0.00583527,0.0763115,-0.010281005536614216,higher expression -> LESS T2D
ENSG00000177646,chr3_128852857_C_T,0.025092178551025,2.08131,0.0245749,0.0146596,0.0936656,0.011807419365687955,higher expression -> MORE T2D
ENSG00000246366,chr8_70664121_G_A,0.0245315657723437,0.679156,-0.00564994,0.0121632,0.642282,-0.008319060716536408,higher expression -> LESS T2D
ENSG00000196912,chr2_97601110_C_T,0.0242348786609581,-0.539082,-0.00202467,0.006765,0.764721,0.0037557737041860055,higher expression -> MORE T2D
ENSG00000196793,chr10_43534799_T_A,0.0232000864275157,0.394961,0.0131947,0.0069674,0.0582532,0.03340760226959118,higher expression -> MORE T2D
ENSG00000146243,chr6_78773529_T_C,0.0231261424486177,0.509461,0.0211524,0.00597183,0.000397054,0.04151917418605153,higher expression -> MORE T2D
ENSG00000211666,chr22_22747454_ACT_A,0.0231253600230413,-0.345319,-0.00868123,0.00605343,0.151543,0.02513974035601864,higher expression -> MORE T2D
ENSG00000144182,chr2_99122498_A_G,0.0227714563213702,0.453571,-0.0106285,0.00593905,0.0735174,-0.023432935527183178,higher expression -> LESS T2D
ENSG00000120451,chr11_130907329_G_GACAC,0.022734646895367,1.03976,-0.0153384,0.00681291,0.0243618,-0.01475186581518812,higher expression -> LESS T2D
ENSG00000174456,chr12_110688291_G_C,0.0226584494518947,-0.638779,-0.0047922,0.0112863,0.671126,0.007502125148134175,higher expression -> MORE T2D
ENSG00000105875,chr7_135187524_G_A,0.0223491498531359,-0.444897,0.0127143,0.0066555,0.0560893,-0.02857807537474966,higher expression -> LESS T2D
ENSG00000141127,chr17_18886358_A_T,0.0218442902392884,0.416923,0.0115293,0.0058577,0.0490411,0.02765330768511212,higher expression -> MORE T2D
ENSG00000146250,chr6_83393597_CCT_C,0.0218256224502018,-0.543052,0.00285837,0.00658548,0.664258,-0.00526352909113676,higher expression -> LESS T2D
ENSG00000258302,chr12_89540154_G_A,0.0216819510610428,0.450597,0.00576788,0.00714965,0.419819,0.012800529075870457,higher expression -> MORE T2D
ENSG00000272777,chr4_99109419_C_T,0.0216094070367634,1.0667,-0.0211223,0.0143458,0.140922,-0.019801537451954628,higher expression -> LESS T2D
ENSG00000173214,chr6_111322993_A_AC,0.0200448269188509,-0.5827,-0.00382153,0.00989844,0.699442,0.006558314741719582,higher expression -> MORE T2D
ENSG00000136874,chr9_100093643_T_G,0.0197289992308363,0.523443,0.0147214,0.00592749,0.0130068,0.028124170157973267,higher expression -> MORE T2D
ENSG00000253404,chr5_138814968_A_G,0.0196515756691763,-1.01058,0.00165435,0.00629711,0.79277,-0.001637030220269548,higher expression -> LESS T2D
ENSG00000124613,chr6_27465069_G_A,0.0194661052427367,0.489282,0.00497259,0.00599429,0.406791,0.010163034814278882,higher expression -> MORE T2D
ENSG00000227848,chr13_47893051_G_C,0.0193635509848394,0.882961,-0.0330615,0.013539,0.0146086,-0.03744389616302419,higher expression -> LESS T2D
ENSG00000104388,chr8_60670274_G_T,0.0192003589590408,0.37455,0.00459544,0.0058541,0.432456,0.012269229742357496,higher expression -> MORE T2D
ENSG00000185973,chrX_155613005_C_T,0.0188802827743383,-0.247838,0.0172084,0.00554131,0.00189972,-0.06943406580104745,higher expression -> LESS T2D
ENSG00000172728,chr8_33528022_C_T,0.01883806993937,-0.520091,-0.00215545,0.00597383,0.718237,0.00414437088894059,higher expression -> MORE T2D
ENSG00000227121,chr10_52990832_G_A,0.0187795214674011,1.38487,-0.000124083,0.00739602,0.986615,-8.959902373507983e-05,higher expression -> LESS T2D
ENSG00000123200,chr13_46053304_A_T,0.0186586499298601,-0.414016,0.0216216,0.00592902,0.000265583,-0.052224068635028605,higher expression -> LESS T2D
ENSG00000223745,chr1_93112572_A_G,0.0178615115952856,-0.539867,0.00246594,0.00807797,0.760163,-0.004567680558359744,higher expression -> LESS T2D
ENSG00000198496,chr17_43225824_C_T,0.0178219257003804,-0.473021,0.00837569,0.00601743,0.163951,-0.01770680371484564,higher expression -> LESS T2D
ENSG00000258289,chr14_64911541_G_A,0.0178166091798453,1.13086,0.00834416,0.00696445,0.230875,0.007378596820119201,higher expression -> MORE T2D
ENSG00000143156,chr1_169207352_T_C,0.0177415801563675,0.286478,-0.020702,0.00584669,0.000398905,-0.07226383875899721,higher expression -> LESS T2D
ENSG00000247934,chr12_28231697_AT_A,0.0175909487053816,-0.66573,-0.00760506,0.00632693,0.229358,0.011423640214501374,higher expression -> MORE T2D
ENSG00000163131,chr1_150940658_G_A,0.0173374756949838,0.468613,0.0103827,0.0061005,0.0887667,0.022156235529103972,higher expression -> MORE T2D
ENSG00000204764,chr5_170947015_A_T,0.0172299105246936,0.771096,0.0124779,0.00610755,0.0410506,0.016182031809268884,higher expression -> MORE T2D
ENSG00000048544,chr6_42207483_A_G,0.016366133239001,0.442147,0.00580005,0.00641955,0.366262,0.013117922319952414,higher expression -> MORE T2D
ENSG00000268362,chr19_24057208_A_G,0.0160528750670392,0.802259,0.00791222,0.00744993,0.288211,0.009862425974654069,higher expression -> MORE T2D
ENSG00000182952,chr6_26569852_G_GT,0.0157905505676195,0.393374,0.0160456,0.00595127,0.00701439,0.040789681066872745,higher expression -> MORE T2D
ENSG00000197062,chr6_28069254_T_A,0.0155192096159286,-0.276114,-0.00561394,0.00743764,0.450368,0.020331964333572365,higher expression -> MORE T2D
ENSG00000170581,chr12_56295751_G_A,0.0149230469995616,0.807666,5.42495e-05,0.0128227,0.996624,6.716823538442871e-05,higher expression -> MORE T2D
ENSG00000146666,chr7_47767654_A_T,0.014752681354402,-0.710891,-0.013747,0.0059268,0.0203695,0.019337704373806955,higher expression -> MORE T2D
ENSG00000173218,chr1_115648524_G_C,0.0144310526581607,-0.827395,-0.00334662,0.00820398,0.683328,0.004044767009711202,higher expression -> MORE T2D
ENSG00000250067,chr19_19506208_C_T,0.0141628631826373,-0.503547,-0.0242994,0.00934493,0.00931494,0.048256468611668824,higher expression -> MORE T2D
ENSG00000066185,chr1_42507736_A_ATAGT,0.0140150525430253,-0.49658,-0.00143969,0.00914326,0.874883,0.0028992106005074707,higher expression -> MORE T2D
ENSG00000147121,chrX_46523423_C_T,0.0138750973367268,0.298902,-0.00715045,0.00537791,0.183651,-0.023922389278091146,higher expression -> LESS T2D
ENSG00000122783,chr7_135156851_G_C,0.0136924336868784,0.615401,-0.00371759,0.00584562,0.524801,-0.00604092291042751,higher expression -> LESS T2D
ENSG00000121270,chr16_48236518_C_T,0.013333368333726,1.04686,0.00170133,0.00919371,0.853187,0.0016251743308560841,higher expression -> MORE T2D
ENSG00000240915,chr8_62972875_C_T,0.0132260143217954,0.965859,0.00880764,0.0128091,0.4917,0.009118970781449466,higher expression -> MORE T2D
ENSG00000100997,chr20_25455298_G_C,0.0131467633161542,0.513451,0.0057408,0.00585854,0.327134,0.011180813748536862,higher expression -> MORE T2D
ENSG00000204060,chr1_41263135_AG_A,0.0128192038222132,1.11532,0.0143508,0.00904618,0.112649,0.01286697988021375,higher expression -> MORE T2D
ENSG00000114670,chr3_131035691_C_CT,0.011736058304087,0.506084,0.0224886,0.00811008,0.00555559,0.044436496708056376,higher expression -> MORE T2D
ENSG00000155592,chr16_25233656_A_G,0.011528490613739,0.49372,0.0108267,0.00762923,0.155866,0.02192882605525399,higher expression -> MORE T2D
ENSG00000179406,chr7_66344119_G_A,0.0114796642304541,0.290542,0.00426304,0.00603411,0.479884,0.014672715132407706,higher expression -> MORE T2D
ENSG00000196126,chr6_32591866_G_A,0.0108975358619907,0.303198,-0.0177626,0.00748963,0.0177097,-0.05858415952611824,higher expression -> LESS T2D
ENSG00000054983,chr14_87966443_TA_T,0.0108168064762819,1.38516,0.00651557,0.0368874,0.859796,0.004703839267665829,higher expression -> MORE T2D
ENSG00000054983,chr14_87966443_TA_T,0.0108168064762819,1.38516,0.0200457,0.00783217,0.0104853,0.01447175777527506,higher expression -> MORE T2D
ENSG00000012048,chr17_43330929_G_A,0.0106779759486713,-0.51659,0.00842206,0.00603432,0.162807,-0.016303180471940997,higher expression -> LESS T2D
ENSG00000121350,chr12_21460214_C_T,0.009838828499059,-0.721007,-0.00218106,0.00587244,0.710335,0.0030250191745711205,higher expression -> MORE T2D
ENSG00000279685,chr17_45941122_T_C,0.0081247151670378,-0.536011,0.00904611,0.0107327,0.399309,-0.016876724544832102,higher expression -> LESS T2D
ENSG00000253301,chr8_57217648_A_T,0.0080218482747065,1.51892,0.00247905,0.00797229,0.755833,0.0016321136070365785,higher expression -> MORE T2D
ENSG00000133706,chr5_146135783_C_T,0.0069192754352649,0.518144,-0.00826726,0.00625344,0.186157,-0.015955525876976285,higher expression -> LESS T2D
ENSG00000273270,chr7_128531040_A_G,0.0059334486182494,-0.606671,0.00616297,0.00651265,0.343992,-0.010158669196318929,higher expression -> LESS T2D
ENSG00000238083,chr17_45771395_T_A,0.0026726914216201,0.917408,0.0106881,0.0107103,0.318317,0.01165032352017859,higher expression -> MORE T2D
