variant_id,n_TF_tracks_changed,n_TF_tracks,mean_TF_change,dnase_change,dnase_q,rsid,pip,consequence,enhancer_level,element,genes_changed
1_213977102_T_A,515,539,-0.6083808546827101,-2.5420374870300293,-0.99996465,rs17712208,0.668392273643485,intron_variant,True,CLOSED in diabetic,PROX1(-)
10_48454447_A_G,502,539,0.4559511386397155,1.6706781387329102,-0.9997942,rs11101326,0.3249353520306431,intron_variant,True,OPENED in diabetic,
8_76312591_A_G,476,539,-0.23399982116217957,-0.03734481707215309,-0.8829762,rs13262807,0.340749288963212,upstream_gene_variant,True,CLOSED in diabetic,
13_50506088_C_T,453,539,0.23242953204047037,0.0011933743953704834,-0.15129343,rs10459327,0.2757516889486172,intron_variant,True,OPENED in diabetic,
13_50521959_A_T,443,539,0.2755233777033818,0.7432894706726074,-0.99853253,rs963740,0.3844965208102913,intron_variant,True,OPENED in diabetic,
5_143854503_T_A,438,539,-0.20878986436493543,-0.04401116818189621,-0.90346414,rs140884405,0.213898925420499,intron_variant,True,CLOSED in diabetic,
10_12239112_G_A,434,539,-0.2458939791168043,-0.7035989761352539,-0.99837565,rs34428576,0.2827952628362408,intron_variant,True,CLOSED in diabetic,
3_125200933_T_C,355,539,-0.19578337713606062,-0.8555841445922852,-0.998918,rs4679370,0.3079096850510043,intron_variant,True,CLOSED in diabetic,
5_14768161_G_A,335,539,0.21614343115925125,0.9978933334350586,-0.99920225,rs6889788,0.3948922461949309,intron_variant,True,OPENED in diabetic,
6_56399929_T_C,320,539,0.1674727455804432,0.6003074645996094,-0.9977972,rs643246,0.230360142395276,upstream_gene_variant,True,OPENED in diabetic,DST(+)
17_37670407_A_C,292,539,-0.36373049695328125,-1.1331028938293457,0.9994687,rs3094503,0.996754509518517,intron_variant,True,CLOSED in diabetic,
22_19961490_C_T,241,539,-0.1486820528812444,-0.45693159103393555,-0.9964625,rs165722,0.3606593692205292,intron_variant,True,CLOSED in diabetic,COMT(-);ARVCF(-)
20_64064525_C_A,237,539,0.1528671508817372,0.5184154510498047,-0.99711233,rs6062342,0.5033157532957727,intron_variant,True,OPENED in diabetic,TCEA2(+);RGS19(+)
4_185651349_T_C,229,539,0.143708306915906,0.5963811874389648,-0.9977972,rs11724862,0.658268648053906,intron_variant,True,OPENED in diabetic,
4_1065916_G_A,218,539,-0.2736959404317258,-0.9930953979492188,0.9992545,rs144654020,0.999440189543594,upstream_gene_variant,True,CLOSED in diabetic,SPON2(+);SLC26A1(+)
10_12265895_C_T,182,539,0.23385074629633237,0.6090602874755859,0.99787045,rs11257655,0.405763021482617,upstream_gene_variant,True,OPENED in diabetic,
13_26202862_A_G,177,539,0.13195000951055694,0.6597552299499512,-0.9981401,rs34584161,0.8185319208933491,upstream_gene_variant,True,OPENED in diabetic,RNF6(+)
1_26695422_G_C,165,539,-0.14448830457697995,-0.2678680419921875,-0.9914851,rs114165349,0.458341691148397,non_coding_transcript_exon_variant,True,CLOSED in diabetic,ARID1A(-);SFN(+);TENT5B(+);RPS6KA1(+);TRNP1(+)
3_53659043_T_C,137,539,-0.1225156730977414,-0.42876553535461426,-0.9960848,rs11713811,0.2416190757741077,intron_variant,True,CLOSED in diabetic,
2_120590036_G_C,137,539,0.11036929217251865,1.0085129737854004,-0.99922884,rs11688682,0.999999999999993,intron_variant,True,OPENED in diabetic,
20_44394715_G_A,137,539,-0.20859749905474775,-0.6757774353027344,0.99826187,rs191830490,0.919562394411982,intron_variant,True,CLOSED in diabetic,HNF4A(-);TTPAL(+)
8_64104447_C_T,115,539,0.12377939684271591,0.2216947078704834,-0.98846686,rs148649055,0.9696661982859064,intron_variant,True,OPENED in diabetic,
5_56565039_G_T,88,539,-0.1171351938831563,-0.4262075424194336,-0.99595016,rs3936510,0.5906714080581364,intron_variant,False,CLOSED in diabetic,
14_76834520_C_T,76,539,0.10868252540121273,0.3352656364440918,-0.9939247,rs2056857,0.769013451865183,intron_variant,False,OPENED in diabetic,ANGEL1(+)
10_104388528_G_A,71,539,0.08234794507000132,-0.010628223419189453,0.34146425,rs10883996,0.3038906300051511,intron_variant,False,OPENED in diabetic,
18_32177620_T_G,71,539,0.1834123315970398,0.7167515754699707,0.998482,rs1482682068,0.545288426080077,upstream_gene_variant,False,OPENED in diabetic,
17_68457164_C_G,59,539,0.0892910824635918,-0.08564043045043945,0.93248457,rs71378928,0.3157985063552221,intron_variant,False,OPENED in diabetic,WIPI1(-)
11_627276_C_T,55,539,0.2100603947612925,0.15768742561340332,0.9723945,rs540205414,0.9965888352068,upstream_gene_variant,False,OPENED in diabetic,CDHR5(+)
10_70887896_G_C,55,539,-0.09275069086361462,-0.4946155548095703,-0.9969102,rs827241,0.3341514074848398,intron_variant,False,CLOSED in diabetic,PCBD1(-)
12_65828372_C_G,51,539,-0.10668674426529978,-0.050525665283203125,-0.9205166,rs1460121,0.999999999974051,intron_variant,False,CLOSED in diabetic,
11_17393643_C_G,42,539,-0.15802727294100902,-0.29566287994384766,0.99089086,rs4148646,0.5417928068917486,intron_variant,False,CLOSED in diabetic,
11_2837316_C_T,26,539,0.08859856628531207,0.3020148277282715,-0.9928072,rs2237897,0.996531188959328,intron_variant,False,OPENED in diabetic,
12_4246442_C_T,21,539,0.08767094461727673,0.21815013885498047,-0.98807174,rs189926680,0.9796970866048512,intron_variant,False,OPENED in diabetic,CCND2(+)
10_61965028_C_T,19,539,0.06792887066644729,0.07887554168701172,-0.9545266,rs76804656,0.3177300126693277,intron_variant,False,OPENED in diabetic,
X_153635030_C_T,18,539,0.07924054062654004,0.2877640724182129,-0.99230486,rs4898364,0.498686028327068,intron_variant,False,OPENED in diabetic,DUSP9(+)
X_129980808_G_A,17,539,0.1398631442676891,0.017852306365966797,0.5558421,rs180956060,0.974788988086966,upstream_gene_variant,False,OPENED in diabetic,
20_44627796_G_A,13,539,0.045385366910463805,0.17340803146362305,-0.9833016,rs56062745,0.3454167818257018,intron_variant,False,OPENED in diabetic,
17_37741165_C_T,11,539,-0.025160520550050188,-0.019811153411865234,-0.7313966,rs7501939,0.475474849079756,intron_variant,False,CLOSED in diabetic,
12_4275503_C_T,10,539,-0.1034967717965149,-0.02311420440673828,0.6619072,rs3217791,0.9999999077186644,intron_variant,False,CLOSED in diabetic,CCND2(+);ENSG00000285901(+)
11_49549478_C_T,8,539,-0.050295370186857036,-0.04821181297302246,-0.9151803,rs11040422,1.0,intron_variant,False,CLOSED in diabetic,
7_140292754_C_T,8,539,0.07481051995272096,0.1811079978942871,-0.98438704,rs4726753,0.392031273268092,non_coding_transcript_exon_variant,False,OPENED in diabetic,
7_30688836_C_T,8,539,-0.04679837164940772,-0.4750242233276367,0.9964625,rs917195,0.9808617680414043,upstream_gene_variant,False,CLOSED in diabetic,
3_63943005_C_A,7,539,-0.08403211975805393,-0.3894963264465332,0.9946926,rs7621544,0.9342185694119008,intron_variant,False,CLOSED in diabetic,
1_49687782_T_A,7,539,-0.04052585838898214,-0.040389299392700195,-0.89368504,rs569510541,0.213719762512819,intron_variant,False,CLOSED in diabetic,
8_127699497_G_A,6,539,-0.06849716324531965,-0.3894987106323242,0.9946926,rs17772814,0.999999421509495,intron_variant,False,CLOSED in diabetic,
8_39202987_G_A,6,539,0.14538874121897738,0.13136589527130127,0.9639548,rs183541454,0.9378859483913116,intron_variant,False,OPENED in diabetic,
1_150712010_T_C,6,539,-0.04810254958653494,0.005658864974975586,-0.356342,rs116279971,0.449079657128273,intron_variant,False,CLOSED in diabetic,
7_140294333_G_A,6,539,0.03134606985966217,0.03442955017089844,-0.87126195,rs62491836,0.344435682865836,upstream_gene_variant,False,OPENED in diabetic,
6_20686342_C_A,6,539,-0.05409606356788876,-0.26366758346557617,-0.991193,rs7766070,0.4018725840588391,intron_variant,False,CLOSED in diabetic,
10_48454836_C_G,6,539,-0.07917708943637713,-0.028278350830078125,0.7313966,rs12356940,0.3155058458685534,intron_variant,False,CLOSED in diabetic,
1_155244682_A_G,5,539,-0.017324945701075397,-0.013972282409667969,-0.6116155,rs12034326,0.3928901651883948,upstream_gene_variant,False,CLOSED in diabetic,GBA1(-)
16_15137074_G_A,5,539,-0.020688508127527466,-0.025742530822753906,0.69829345,rs12449269,0.2121064027169227,non_coding_transcript_exon_variant,False,CLOSED in diabetic,
16_89850827_G_T,5,539,-0.04317386340564169,-0.04755854606628418,-0.9123854,rs11644935,1.0,intron_variant,False,CLOSED in diabetic,
6_7231953_T_C,5,539,-0.012592737661443084,-0.06157255172729492,-0.9367681,rs9505086,0.915562615446654,intron_variant,False,CLOSED in diabetic,
1_200320832_T_G,5,539,-0.0034842278829089785,0.08235025405883789,-0.9560082,rs371745557,0.2582860333391119,intron_variant,False,CLOSED in diabetic,
12_108236003_G_A,4,539,0.0694440238329829,0.2289271354675293,-0.9888489,rs1426371,0.3538099318126309,intron_variant,False,OPENED in diabetic,
20_33720469_C_T,4,539,-0.0043409795177226165,-0.026101112365722656,-0.8127267,rs67611724,0.2533406706972417,upstream_gene_variant,False,CLOSED in diabetic,PXMP4(-)
8_26015118_A_G,4,539,-0.0020051550997873847,-0.0016641616821289062,-0.18421741,rs17818197,0.363334568989283,intron_variant,False,CLOSED in diabetic,
12_117977121_G_A,4,539,0.06353477290477293,0.21706819534301758,0.98385334,rs7132351,0.572961499691249,upstream_gene_variant,False,OPENED in diabetic,
6_53237163_C_T,4,539,0.09268812611284415,0.033722639083862305,0.7819256,rs139683020,0.8984926690973138,intron_variant,False,OPENED in diabetic,
7_74813118_C_T,4,539,0.004587908843895058,-0.031813979148864746,0.76137805,rs202209188,0.9736436601174904,intron_variant,False,OPENED in diabetic,
17_3924792_C_G,4,539,-0.053497891257999114,-0.05900764465332031,-0.93466026,rs1043246,0.9998392982131006,3_prime_UTR_variant,False,CLOSED in diabetic,
18_55402937_C_T,4,539,-0.025827039814172295,-0.015159130096435547,-0.64244115,rs72926954,0.2015837817754498,intron_variant,False,CLOSED in diabetic,
11_61824164_C_G,4,539,-0.03914658258045317,-0.11286783218383789,0.9545266,rs174565,0.4802268598681755,upstream_gene_variant,False,CLOSED in diabetic,
10_48152960_G_A,3,539,-0.047002012079412285,-0.019723176956176758,-0.7313966,rs80138496,0.2085734870270671,upstream_gene_variant,False,CLOSED in diabetic,
11_72752390_G_A,3,539,-0.022101181999871815,-0.06706428527832031,0.9065298,rs7109575,0.377392154274588,5_prime_UTR_variant,False,CLOSED in diabetic,ARAP1(-)
3_22559615_C_T,3,539,-0.05582466505896404,-0.01673269271850586,-0.68051964,rs9829094,0.4762678426051498,upstream_gene_variant,False,CLOSED in diabetic,
12_31655074_C_A,3,539,0.02339612928967308,-0.010298967361450195,0.34146425,rs10771862,0.9999912386987232,upstream_gene_variant,False,OPENED in diabetic,
20_33710480_C_T,3,539,0.035200952377743976,-0.07337808609008789,-0.9497837,rs13042148,0.2381042784100863,intron_variant,False,OPENED in diabetic,PXMP4(+)
4_45179317_A_T,3,539,-0.0040476698158844505,0.025475025177001953,0.69829345,rs12507026,0.2954399626160436,upstream_gene_variant,False,CLOSED in diabetic,
2_65056838_T_C,3,539,0.03367644294073498,0.013552665710449219,-0.600902,rs74181299,0.390430238504438,intron_variant,False,OPENED in diabetic,
2_59842804_C_T,3,539,0.01604638515465335,-0.03448939323425293,0.78842187,rs12328584,0.3163172086895956,intron_variant,False,OPENED in diabetic,
12_47381477_T_C,2,539,0.044896181527670324,-0.035387516021728516,-0.8752832,rs569804202,1.0,intron_variant,False,OPENED in diabetic,
X_68415784_G_A,2,539,0.001152452599803238,0.02335524559020996,0.6619072,rs757732263,0.322402410910139,intron_variant,False,OPENED in diabetic,
10_48152994_G_A,2,539,-0.04535169725294237,-0.01849079132080078,-0.7068712,rs2564790,0.2101647220910218,upstream_gene_variant,False,CLOSED in diabetic,
8_120860224_A_C,2,539,0.013720474349324469,0.04735994338989258,-0.9123854,rs10955992,0.3387179068739874,intron_variant,False,OPENED in diabetic,
7_3829893_C_G,2,539,-0.01658179100900059,-0.04889059066772461,-0.91788995,rs73310049,0.2006035211950073,intron_variant,False,CLOSED in diabetic,
7_22821419_A_G,2,539,-0.023646154739861144,0.09887170791625977,-0.9651347,rs4719715,1.0,intron_variant,False,CLOSED in diabetic,
7_28156794_G_A,2,539,0.021804861765845587,0.008474588394165039,-0.45522588,rs849135,0.275418601474433,intron_variant,False,OPENED in diabetic,
5_56512010_T_C,2,539,0.06002542746973834,0.14454960823059082,0.96845114,rs458741,0.2004745387023006,intron_variant,False,OPENED in diabetic,
5_102501658_C_T,2,539,-0.01904409272330148,0.002323150634765625,-3.4944492e-11,rs116454070,0.2462813677199597,intron_variant,False,CLOSED in diabetic,
2_164960909_G_A,2,539,-0.017884317267140123,-0.03674721717834473,-0.879187,rs61457616,0.2305153843544772,non_coding_transcript_exon_variant,False,CLOSED in diabetic,
2_155728971_G_A,2,539,-0.0037989554467139307,0.002780914306640625,0.03386791,rs145861146,0.8172083402889977,upstream_gene_variant,False,CLOSED in diabetic,
20_63813456_A_T,2,539,-0.01052497623139277,0.013720989227294922,-0.6116155,rs59295094,0.3845924344880845,intron_variant,False,CLOSED in diabetic,
2_147572850_A_G,2,539,0.003900426217045545,-0.045949459075927734,-0.9095027,rs140897085,0.202968522119921,upstream_gene_variant,False,OPENED in diabetic,
9_22134069_G_A,2,539,0.0021807302570519952,-0.06563878059387207,0.90346414,rs10811660,0.3740876737204379,upstream_gene_variant,False,OPENED in diabetic,
1_26085956_A_T,2,539,0.047749234484387684,0.12438178062438965,-0.9741798,rs116518269,1.0,upstream_gene_variant,False,OPENED in diabetic,
1_201727924_T_C,2,539,0.01710545198373317,0.17177104949951172,-0.9833016,rs239991,0.2043966379945792,intron_variant,False,OPENED in diabetic,
2_182719092_C_A,2,539,0.05553464986840073,0.021839380264282227,-0.76137805,rs56303734,0.3297125206427626,intron_variant,False,OPENED in diabetic,
1_116990168_C_T,2,539,0.003596366004731527,-0.0016970634460449219,-0.016938813,rs1127215,0.992587202216235,3_prime_UTR_variant,False,OPENED in diabetic,
11_49163862_G_A,2,539,-0.0020062379359314306,-0.00903463363647461,-0.4685517,rs58786959,0.3766049215032584,intron_variant,False,CLOSED in diabetic,
11_69674650_C_A,2,539,-0.016919682773455617,-0.06514549255371094,0.90346414,rs185703700,1.0,intron_variant,False,CLOSED in diabetic,
16_53767042_T_C,2,539,-0.010701450213430542,-0.008221149444580078,-0.44169295,rs1421085,0.3369786408745476,intron_variant,False,CLOSED in diabetic,
14_76835230_C_G,2,539,-0.036131411182637116,-0.23424386978149414,0.9858853,rs12890660,0.213174361385601,intron_variant,False,CLOSED in diabetic,
1_229537208_G_A,2,539,-0.014964949443300492,0.013105154037475586,-0.58996826,rs348330,0.973065339147239,intron_variant,False,CLOSED in diabetic,
9_133735079_T_C,1,539,-0.0077013774793975205,0.004120826721191406,-0.28028134,rs493901,0.3138017407603969,intron_variant,False,CLOSED in diabetic,
9_134284486_G_A,1,539,-0.008015324764216323,-0.015938758850097656,0.50726056,rs72619339,0.8358487758723486,upstream_gene_variant,False,CLOSED in diabetic,
1_151045515_T_C,1,539,-0.011319777076452252,-0.040695905685424805,0.82391596,rs145904381,0.3281816959495956,intron_variant,False,CLOSED in diabetic,
20_48334076_C_T,1,539,0.009425570217267039,0.004010677337646484,-0.28028134,rs6095068,0.5170667629116162,intron_variant,False,OPENED in diabetic,
20_44617908_C_A,1,539,-0.04915129585478434,0.010831832885742188,0.356342,rs244080,0.999978156498388,intron_variant,False,CLOSED in diabetic,
19_7099078_G_A,1,539,-0.011534265330638425,0.04259300231933594,0.8344978,rs12052184,0.329968518414244,intron_variant,False,CLOSED in diabetic,
11_9936931_T_C,1,539,0.010560281643840952,-0.002096891403198242,-0.20053048,rs11042557,0.9936081429436447,intron_variant,False,OPENED in diabetic,
2_150010216_T_C,1,539,-0.11431385723248484,-0.004662543535232544,0.11803031,rs331127,0.6870101450505912,intron_variant,False,CLOSED in diabetic,
1_32929123_T_C,1,539,-0.0022126146504078373,0.024829387664794922,-0.8009039,rs72654069,0.3624197689255488,intron_variant,False,CLOSED in diabetic,
10_92479612_T_A,1,539,-0.00750650236027139,-0.006232261657714844,0.18421741,rs188775221,1.0,intron_variant,False,CLOSED in diabetic,
11_49789739_C_G,1,539,0.0389404296875,0.023148536682128906,0.6619072,rs150103576,0.202806222643289,intron_variant,False,OPENED in diabetic,
11_2835428_C_G,1,539,0.020299644328667637,0.03731107711791992,0.8068961,rs4930011,0.234930322616078,intron_variant,False,OPENED in diabetic,
4_1371847_A_G,1,539,-0.007331107675697454,-0.10669898986816406,0.9514159,rs115880342,0.3125246735956361,intron_variant,False,CLOSED in diabetic,
4_105143597_C_T,1,539,-0.015139532000766393,-0.06756043434143066,-0.94456005,rs17035310,0.4628737869644068,intron_variant,False,CLOSED in diabetic,
18_73179413_T_C,1,539,0.03149084788306525,0.006390571594238281,0.18421741,rs1559581,0.5559824531577077,intron_variant,False,OPENED in diabetic,
4_184805394_C_T,1,539,-0.02248974678025396,-0.061977386474609375,-0.9367681,rs4862423,0.432306981066935,intron_variant,False,CLOSED in diabetic,
5_43032276_A_T,1,539,-0.054711599739230406,-0.017263174057006836,-0.68951035,rs563521453,0.3273378198995544,intron_variant,False,CLOSED in diabetic,
5_77139179_G_A,1,539,-0.017767039212313564,-0.14088153839111328,0.9673817,rs7732130,0.374547734724301,intron_variant,False,CLOSED in diabetic,
9_137477733_C_T,1,539,0.027789167216624753,0.021085739135742188,0.62210923,rs2002003,0.2528538067316215,intron_variant,False,OPENED in diabetic,ENSG00000279073(-)
3_14852856_C_G,1,539,-0.02269426657229054,-0.09225654602050781,0.93881017,rs1689530,0.2610586842566731,intron_variant,False,CLOSED in diabetic,
7_102763061_G_A,1,539,-0.028152431760515486,0.007866144180297852,0.24877495,rs62484877,0.9375533665880722,intron_variant,False,CLOSED in diabetic,
20_62642365_G_C,1,539,-0.05824639315065515,-0.14616870880126953,0.9694861,rs6122141,0.2166463632451102,splice_region_variant,False,CLOSED in diabetic,
7_44324927_G_A,1,539,-0.00799844437494791,0.004323005676269531,-0.29581574,rs149725176,0.200183315618767,intron_variant,False,CLOSED in diabetic,
11_2670270_G_A,1,539,-0.0031982255557030164,0.04021024703979492,0.82391596,rs231361,0.9999878482174662,non_coding_transcript_exon_variant,False,CLOSED in diabetic,
15_40104990_C_G,1,539,0.03788688762289695,0.09254598617553711,0.93881017,rs34245505,0.9149013036166538,intron_variant,False,OPENED in diabetic,BMF(+)
15_61996896_C_T,1,539,0.03902802131171571,0.022664546966552734,-0.775255,rs28610280,0.9999999968426502,intron_variant,False,OPENED in diabetic,
14_29723932_A_G,1,539,0.010498750187691598,0.025066137313842773,0.68951035,rs61978024,0.994368418309765,intron_variant,False,OPENED in diabetic,
7_44322946_C_T,1,539,-0.020858854000112784,-0.0746922492980957,0.91788995,rs11772021,0.240151424588146,intron_variant,False,CLOSED in diabetic,
20_62642608_G_A,1,539,0.004598183180715246,0.012422561645507812,-0.57881373,rs34885433,0.3620168250909925,intron_variant,False,OPENED in diabetic,
1_213977478_G_C,1,539,0.009193247014825994,0.07805395126342773,0.9230626,rs79687284,0.4173003032409448,intron_variant,False,OPENED in diabetic,
3_25070680_C_T,1,539,-0.0021792210099427288,0.10033750534057617,0.9463574,rs993804,0.4896645654758528,upstream_gene_variant,False,CLOSED in diabetic,
3_22559928_A_G,1,539,0.06452367655200286,0.07407927513122559,0.91788995,rs9867178,0.4666454621249039,upstream_gene_variant,False,OPENED in diabetic,
13_71833709_C_T,1,539,0.02749489499376966,0.00556635856628418,-0.34146425,rs79712459,0.999857942023743,intron_variant,False,OPENED in diabetic,
7_28174995_A_C,1,539,-0.00012254891899830778,0.10307598114013672,-0.9673817,rs10226758,1.0,intron_variant,False,CLOSED in diabetic,
12_4219355_G_A,1,539,-0.0014730499494053659,-0.0487821102142334,0.8584633,rs117233107,0.9999999723648264,upstream_gene_variant,False,CLOSED in diabetic,
10_123659867_G_C,1,539,0.007086221273843344,0.0015349388122558594,-0.16780221,rs117403816,0.9548297325895118,upstream_gene_variant,False,OPENED in diabetic,
12_20426458_G_C,1,539,0.007825272866215467,-0.009204387664794922,0.29581574,rs7488780,0.3171390098063886,intron_variant,False,OPENED in diabetic,
10_70888579_C_T,1,539,0.049629137113496855,0.09267425537109375,0.93881017,rs827237,0.3331480731422078,upstream_gene_variant,False,OPENED in diabetic,PCBD1(+)
7_98260985_C_A,1,539,-0.007504701172044857,0.00043463706970214844,-0.084500186,rs7795059,1.0,upstream_gene_variant,False,CLOSED in diabetic,
8_56586145_C_A,1,539,-0.03457135437592062,-0.01727604866027832,-0.68951035,rs6651357,0.2587754874268596,upstream_gene_variant,False,CLOSED in diabetic,
2_18540396_G_A,1,539,-0.05916545917461445,-0.01324772834777832,-0.600902,rs7558413,0.4716018463577014,intron_variant,False,CLOSED in diabetic,
12_124372072_A_G,1,539,0.019131372943658777,0.07050895690917969,0.9123854,rs7961196,0.2408961758202456,synonymous_variant,False,OPENED in diabetic,
12_124598129_C_A,1,539,0.07690116160433456,0.3627281188964844,0.9939247,rs12423958,0.4181765337661902,upstream_gene_variant,False,OPENED in diabetic,
10_112998590_C_T,1,539,-0.01590930110669534,-0.004687309265136719,-0.31119522,rs7903146,0.999980996096873,intron_variant,False,CLOSED in diabetic,
20_58831704_C_T,1,539,-0.01364517388848073,0.02787947654724121,0.72342026,rs4812035,0.3077661888033408,intron_variant,False,CLOSED in diabetic,
10_112998197_C_G,1,539,-0.025708956709598125,-0.06510734558105469,0.90346414,rs78025551,0.9979972867632184,intron_variant,False,CLOSED in diabetic,
3_65618694_C_T,1,539,-0.03212021719768007,-0.022219419479370117,-0.7684068,rs74560126,0.401878561037755,intron_variant,False,CLOSED in diabetic,
10_103303522_T_C,0,539,-0.008158260019900405,-0.00046563148498535156,-0.084500186,rs41287490,0.8587280640956159,3_prime_UTR_variant,False,CLOSED in diabetic,PCGF6(+)
10_111286621_C_G,0,539,-0.028127341190826473,-0.1601274013519287,0.9733019,rs11195508,0.3740304490449513,upstream_gene_variant,False,CLOSED in diabetic,
10_111286766_G_A,0,539,-0.022958682950219772,-0.01879298686981201,0.57881373,rs11592309,0.5716345866427083,upstream_gene_variant,False,CLOSED in diabetic,
10_112961914_A_T,0,539,0.015646187847753183,0.015090465545654297,0.49457133,rs116105986,1.0,intron_variant,False,OPENED in diabetic,
10_112977565_C_T,0,539,0.00989935437911959,0.03058338165283203,-0.84928787,rs116761056,0.2897539226200313,intron_variant,False,OPENED in diabetic,
10_112983332_A_G,0,539,0.020978233146313613,0.0013244152069091797,-0.16780221,rs182610315,0.7090804858747711,intron_variant,False,OPENED in diabetic,
10_112987518_G_A,0,539,-0.024691234935413708,-0.042174339294433594,-0.90030324,rs4073288,0.5357186515816252,non_coding_transcript_exon_variant,False,CLOSED in diabetic,
10_112988270_A_T,0,539,-0.007934986107424593,-0.025805950164794922,-0.8068961,rs11196180,0.4575426975541766,intron_variant,False,CLOSED in diabetic,
10_112992826_C_T,0,539,0.0018829299700282279,0.019701004028320312,0.600902,rs7911250,0.4711175867398278,intron_variant,False,OPENED in diabetic,
X_53724159_A_G,0,539,0.02244184720494088,0.004105567932128906,-0.28028134,rs5978188,0.952016957107223,upstream_gene_variant,False,OPENED in diabetic,
X_31836665_G_C,0,539,0.018057846182573705,-0.008104801177978516,-0.44169295,rs1379871,0.998667627717521,intron_variant,False,OPENED in diabetic,
X_19437376_C_T,0,539,0.006221615538305166,0.01465916633605957,-0.63238406,rs182488212,0.410393345049393,intron_variant,False,OPENED in diabetic,
X_19339083_G_A,0,539,0.014643430267503841,0.011193990707397461,-0.5440255,rs139130558,0.223373694980745,upstream_gene_variant,False,OPENED in diabetic,
10_119749495_A_G,0,539,0.014815720644864168,0.0336458683013916,0.7819256,rs12263497,0.5212311655531099,intron_variant,False,OPENED in diabetic,
10_113141442_G_T,0,539,0.03514501026698521,0.016216754913330078,0.51973367,rs56913138,0.9999999999997372,intron_variant,False,OPENED in diabetic,
10_113130142_C_A,0,539,0.009453769959854946,0.008914947509765625,-0.4685517,rs7919294,0.260473579272004,intron_variant,False,OPENED in diabetic,
10_113130141_G_T,0,539,0.014818062366492673,0.009322166442871094,-0.48166767,rs7919544,0.261534978836913,intron_variant,False,OPENED in diabetic,
10_113114647_C_A,0,539,0.005788519121499141,0.017495393753051758,-0.68951035,rs11196234,0.9988806645327052,intron_variant,False,OPENED in diabetic,
10_113008850_A_G,0,539,0.002803965269524003,-0.02780294418334961,-0.82391596,rs6585200,0.629523628118803,intron_variant,False,OPENED in diabetic,
10_113005412_G_A,0,539,-0.006517433279741673,-0.008337020874023438,-0.44169295,rs6585199,0.2998887675678068,intron_variant,False,CLOSED in diabetic,
10_112999686_G_A,0,539,-0.005387350446881522,-0.01784515380859375,-0.69829345,rs11196187,0.3794064660346388,intron_variant,False,CLOSED in diabetic,
9_4298589_G_A,0,539,0.036270605168669916,0.12906742095947266,0.9627358,rs35338539,0.552105072444569,intron_variant,False,OPENED in diabetic,
9_4298955_G_C,0,539,-0.0023618655655954675,-0.008942127227783203,-0.4685517,rs10974444,0.226858385852816,intron_variant,False,CLOSED in diabetic,
9_33626825_C_A,0,539,0.026148718230578363,0.014644145965576172,-0.63238406,rs562506882,1.0,upstream_gene_variant,False,OPENED in diabetic,
9_31102266_G_A,0,539,0.009024479393614024,-0.019681930541992188,0.600902,rs148294133,0.8140711799828814,upstream_gene_variant,False,OPENED in diabetic,
9_28414627_C_T,0,539,-0.014346703085253544,-0.012959957122802734,-0.58996826,rs17770336,0.3819639321552545,intron_variant,False,CLOSED in diabetic,
9_22288141_T_A,0,539,-0.0019224508352757386,0.0067844390869140625,-0.3855568,rs7030811,0.2087766406094091,upstream_gene_variant,False,CLOSED in diabetic,
9_22137686_T_G,0,539,0.030494178602116007,0.0018229484558105469,-0.016938813,rs7018475,0.768558208296345,upstream_gene_variant,False,OPENED in diabetic,
12_20425947_A_G,0,539,-0.02063514925332149,-0.0049173831939697266,0.11803031,rs11045235,0.299919290226596,intron_variant,False,CLOSED in diabetic,
12_132776116_A_C,0,539,-0.006024408428921107,-0.01655864715576172,-0.67131925,rs72624270,0.8566205155791937,intron_variant,False,CLOSED in diabetic,
12_132578078_G_A,0,539,0.0033719154810861224,-0.0016045570373535156,-0.03386791,rs536171315,0.9909993120532652,intron_variant,False,OPENED in diabetic,
12_132483963_G_A,0,539,0.019884342165294073,0.060079097747802734,0.8902224,rs11147192,0.365337526616874,upstream_gene_variant,False,OPENED in diabetic,
12_124598471_A_T,0,539,0.004761855987095877,-0.08435773849487305,-0.9574425,rs12425627,0.2093348970667022,upstream_gene_variant,False,OPENED in diabetic,
12_124371786_T_C,0,539,-0.013743732325000091,-0.0458221435546875,-0.9095027,rs1108109,0.7023361255020695,intron_variant,False,CLOSED in diabetic,
12_124025844_C_T,0,539,0.000404254403760128,-0.01751422882080078,0.5558421,rs10773051,0.898918955981454,upstream_gene_variant,False,OPENED in diabetic,
12_124024429_G_C,0,539,-0.0034239721209750767,-0.018959999084472656,-0.71524596,rs11057418,0.982343344653152,upstream_gene_variant,False,CLOSED in diabetic,ZNF664(-)
12_4294710_C_T,0,539,0.0012747166550446973,-0.025253772735595703,0.68951035,rs3217893,0.999989952329176,intron_variant,False,OPENED in diabetic,
12_4289884_A_G,0,539,0.002826843721747177,0.006004810333251953,0.16780221,rs3217860,0.7109171898080985,intron_variant,False,OPENED in diabetic,
12_4275678_T_G,0,539,-0.02799125505068749,-0.02704906463623047,0.71524596,rs76895963,1.0,non_coding_transcript_exon_variant,False,CLOSED in diabetic,
12_4266923_C_T,0,539,0.004703878250546712,-0.004131317138671875,0.084500186,rs4238013,0.861651706177536,intron_variant,False,OPENED in diabetic,
12_120940343_T_C,0,539,0.004524075255102041,-0.002197265625,-0.20053048,rs772007391,0.2942113161947,upstream_gene_variant,False,OPENED in diabetic,
12_120930723_A_C,0,539,0.02380686213222638,0.00927591323852539,0.29581574,rs531000953,0.315259057922163,upstream_gene_variant,False,OPENED in diabetic,
12_120914271_C_T,0,539,0.014217209506344485,0.00396728515625,0.084500186,rs142601917,0.9978096251926744,upstream_gene_variant,False,OPENED in diabetic,
12_120911553_A_T,0,539,0.01926197147546319,0.005382537841796875,-0.34146425,rs2650005,0.99999999265728,upstream_gene_variant,False,OPENED in diabetic,
12_120881037_T_C,0,539,0.011482248500901826,0.014232397079467773,0.4685517,rs111954160,0.329564775894944,intron_variant,False,OPENED in diabetic,
12_120728484_T_A,0,539,0.001779987993399597,0.011377811431884766,0.37104118,rs567123836,1.0,intron_variant,False,OPENED in diabetic,
12_120655830_C_T,0,539,0.010984649021240687,0.0002608299255371094,-0.11803031,rs10588566,0.522211173075524,intron_variant,False,OPENED in diabetic,
12_120646931_C_T,0,539,0.0022304717154140153,-0.00748443603515625,0.2328172,rs73222780,0.457508246785829,intron_variant,False,OPENED in diabetic,
12_117974568_G_A,0,539,-0.007002999477351088,-0.003589153289794922,-0.26459876,rs34965774,0.3965878455169972,upstream_gene_variant,False,CLOSED in diabetic,
12_31214922_A_C,0,539,0.019140326689258354,-0.0061342716217041016,-0.37104118,rs10771813,0.6642560142947029,upstream_gene_variant,False,OPENED in diabetic,
12_27806268_G_A,0,539,-0.002196677319415204,-0.01650524139404297,0.531989,rs10466811,0.52795823679925,non_coding_transcript_exon_variant,False,CLOSED in diabetic,
12_27475809_T_C,0,539,0.007449911786364271,0.010520219802856445,0.34146425,rs6487610,0.9389862778134092,intron_variant,False,OPENED in diabetic,
12_20427035_G_T,0,539,0.02307988540139844,0.019418954849243164,-0.72342026,rs4762753,0.2055048756307676,intron_variant,False,OPENED in diabetic,
12_42667599_A_C,0,539,-0.02166162129899345,-0.016503572463989258,0.531989,rs17569638,0.6407407488630714,intron_variant,False,CLOSED in diabetic,
12_4238289_A_C,0,539,-0.023812752707769787,0.03976583480834961,-0.8902224,rs190243882,0.9981712514325748,intron_variant,False,CLOSED in diabetic,
12_4203324_A_G,0,539,0.008331246632591913,0.017237186431884766,0.5440255,rs191441844,0.384210312667564,intron_variant,False,OPENED in diabetic,
12_4192135_C_T,0,539,-0.004775907201536953,0.013672351837158203,0.44169295,rs11063029,0.233968281362073,intron_variant,False,CLOSED in diabetic,
12_4186627_A_G,0,539,0.003960678440299238,0.010133981704711914,0.32641342,rs11063021,0.208783979049556,intron_variant,False,OPENED in diabetic,
12_3922222_A_G,0,539,-0.03008365454169505,-0.03592729568481445,0.79474694,rs144946273,0.49068182463868,intron_variant,False,CLOSED in diabetic,
12_3922003_G_A,0,539,0.04958467271199695,0.11045074462890625,-0.9694861,rs10848959,0.2211777588692435,intron_variant,False,OPENED in diabetic,
12_3921938_C_T,0,539,0.000566320649325737,-0.0015974044799804688,-0.03386791,rs10848958,0.268590097465389,intron_variant,False,OPENED in diabetic,
13_109144802_G_A,0,539,-0.013410833638320385,-0.02754950523376465,-0.82391596,rs12429421,0.3027684061546122,intron_variant,False,CLOSED in diabetic,
13_109140829_G_A,0,539,-0.0008725270711866955,0.0019373893737792969,-0.016938813,rs150813880,0.2052218121142513,synonymous_variant,False,CLOSED in diabetic,
12_97460626_T_C,0,539,-0.007265278492433905,0.005025386810302734,-0.32641342,rs10860212,0.9999999999998366,upstream_gene_variant,False,CLOSED in diabetic,
12_97113764_T_G,0,539,-0.010956524475607226,0.007542133331298828,-0.41401845,rs4762359,0.310983355479824,intron_variant,False,CLOSED in diabetic,
12_97104961_T_A,0,539,-0.0048361572131155155,0.0025360584259033203,-0.21673311,rs55738790,0.449609818430774,intron_variant,False,CLOSED in diabetic,
12_91236837_G_A,0,539,-0.024305240121533567,-0.004097700119018555,-0.28028134,rs188578388,0.7540599480169935,upstream_gene_variant,False,CLOSED in diabetic,
12_71567363_T_C,0,539,-0.00918189846739477,-0.0068378448486328125,0.20053048,rs181781417,0.210693371485769,intron_variant,False,CLOSED in diabetic,
12_6755574_T_G,0,539,0.00044370803408366185,0.005742549896240234,0.15129343,rs77368147,0.3008633211498923,upstream_gene_variant,False,OPENED in diabetic,
12_6750133_G_A,0,539,0.0020971368991377624,0.015558719635009766,0.50726056,rs55780609,0.2321063457726744,intron_variant,False,OPENED in diabetic,MLF2(+)
12_6630331_T_C,0,539,0.0018743743259521937,0.018925905227661133,-0.71524596,rs35104374,0.8956206253079682,intron_variant,False,OPENED in diabetic,
12_6627677_T_C,0,539,0.014948414960022539,0.02084207534790039,0.62210923,rs73047887,0.35777598272185,intron_variant,False,OPENED in diabetic,
12_65966384_C_T,0,539,-0.01417116419946108,-0.013270854949951172,-0.600902,rs7970350,0.2047794871614173,upstream_gene_variant,False,CLOSED in diabetic,
12_49869365_G_A,0,539,-0.02746138988487796,-0.08916950225830078,-0.9601752,rs7132908,0.8461378464961483,3_prime_UTR_variant,False,CLOSED in diabetic,
12_48105348_G_T,0,539,-0.02225971487324844,-0.05834197998046875,-0.93248457,rs2408955,0.7463034884223185,intron_variant,False,CLOSED in diabetic,
12_48015271_C_A,0,539,0.005573301899189852,-0.01371145248413086,0.45522588,rs12819124,0.234023511346044,intron_variant,False,OPENED in diabetic,
13_59364117_A_G,0,539,0.013532752672241438,0.0013804435729980469,-0.03386791,rs34995383,0.6206318181339293,upstream_gene_variant,False,OPENED in diabetic,
13_53533448_G_T,0,539,-0.02124569677023808,-0.0025072097778320312,-0.21673311,rs9568868,0.2167288715994813,intron_variant,False,CLOSED in diabetic,OLFM4(-)
13_53533217_G_A,0,539,-0.007025225927745698,0.014863252639770508,0.48166767,rs9568867,0.2355643263233045,intron_variant,False,CLOSED in diabetic,
13_53528071_G_A,0,539,-0.01091882780000761,-0.03604483604431152,-0.8752832,rs12429545,0.2899535347991351,intron_variant,False,CLOSED in diabetic,
13_50519978_T_G,0,539,-0.005332843270947628,0.022206783294677734,-0.7684068,rs9316500,0.3392362517468904,intron_variant,False,CLOSED in diabetic,
13_32982090_G_A,0,539,0.024019957915750196,0.008436918258666992,0.26459876,rs56252704,0.3542957888459759,upstream_gene_variant,False,OPENED in diabetic,
13_32980290_T_A,0,539,-0.021148824072503423,-0.03558158874511719,0.79474694,rs75629141,0.2214785526543217,upstream_gene_variant,False,CLOSED in diabetic,
13_32980267_T_C,0,539,-0.020573229427019165,-0.006677150726318359,0.20053048,rs488321,0.246008311060276,upstream_gene_variant,False,CLOSED in diabetic,
13_32934941_A_T,0,539,0.010949943415087982,0.003690004348754883,-0.26459876,rs6561643,0.7030275911523151,upstream_gene_variant,False,OPENED in diabetic,
13_22735243_C_T,0,539,0.013255090129618742,-0.001827239990234375,-0.016938813,rs314879,0.9999991973577476,upstream_gene_variant,False,OPENED in diabetic,
13_109752170_A_G,0,539,0.001759190285139491,-0.020507335662841797,-0.74676645,rs2039207,0.9904840202390184,upstream_gene_variant,False,OPENED in diabetic,
13_109145431_T_C,0,539,0.014640337461000913,0.01778411865234375,0.5558421,rs73619952,0.3171408885220025,intron_variant,False,OPENED in diabetic,
14_29609539_T_C,0,539,0.0403313972954405,0.004105329513549805,0.084500186,rs61980481,0.2941478093811957,intron_variant,False,OPENED in diabetic,
14_25416934_G_A,0,539,-0.013144002995818355,-0.003972053527832031,0.084500186,rs2754079,0.35025912631621,upstream_gene_variant,False,CLOSED in diabetic,
14_25409430_C_T,0,539,0.012082302503992764,0.00906825065612793,-0.4685517,rs7141213,0.3741331391682638,upstream_gene_variant,False,OPENED in diabetic,
14_21464433_C_T,0,539,-0.011124858608493557,-0.02735590934753418,-0.82391596,rs11628702,0.4527329280755647,intron_variant,False,CLOSED in diabetic,RNASE2(-)
14_104144989_C_T,0,539,-0.0030469717475169224,-0.0136260986328125,0.44169295,rs11626880,0.2713013052971452,intron_variant,False,CLOSED in diabetic,
14_100886784_A_T,0,539,-0.002302171569144792,0.008703231811523438,0.28028134,rs67408834,0.4173477532287397,intron_variant,False,CLOSED in diabetic,
14_100788835_A_G,0,539,0.005736501407092489,0.023757457733154297,-0.78842187,rs73347525,0.999998602279986,upstream_gene_variant,False,OPENED in diabetic,
14_100687735_T_C,0,539,0.004721832629258646,4.291534423828125e-05,-0.10129401,rs4905994,0.353013812865824,intron_variant,False,OPENED in diabetic,
14_100684675_C_G,0,539,-0.01066559719021997,-0.01653003692626953,0.531989,rs11620937,0.35079292907851,intron_variant,False,CLOSED in diabetic,
13_98575516_A_G,0,539,0.004376952856060304,0.010523319244384766,0.34146425,rs4129968,0.247065120484215,intron_variant,False,OPENED in diabetic,
13_88581874_T_C,0,539,-0.003668541368615428,0.015360832214355469,-0.64244115,rs1537538,0.9935274737931804,intron_variant,False,CLOSED in diabetic,
13_80191681_G_C,0,539,0.007650112619205397,0.017551422119140625,0.5558421,rs518627,0.2384462554025267,upstream_gene_variant,False,OPENED in diabetic,
13_80191662_A_G,0,539,0.01049631203702739,0.009146690368652344,0.29581574,rs518569,0.2401800426148115,upstream_gene_variant,False,OPENED in diabetic,
13_80187688_C_T,0,539,0.004771900530869974,0.020572662353515625,0.6116155,rs508105,0.4181271629032603,upstream_gene_variant,False,OPENED in diabetic,
13_80142096_A_G,0,539,0.00923658611601934,0.011813163757324219,0.3855568,rs9601327,0.237781942845828,intron_variant,False,OPENED in diabetic,
13_80138334_C_G,0,539,0.006817224074383171,0.005215644836425781,0.13469982,rs57898296,0.301568892321332,intron_variant,False,OPENED in diabetic,
15_38535939_G_T,0,539,-0.008766590111330843,-0.003189563751220703,-0.24877495,rs8043085,0.3465870434844417,intron_variant,False,CLOSED in diabetic,
14_94403023_G_A,0,539,0.00302998077449197,0.05815839767456055,0.88665366,rs142501060,0.57968615699661,intron_variant,False,OPENED in diabetic,SERPINA11(+)
14_94239493_C_T,0,539,-0.00340500833373344,9.751319885253906e-05,-0.10129401,rs145991774,0.4192146061940959,intron_variant,False,CLOSED in diabetic,
14_89455047_C_T,0,539,-0.0026682586528374666,0.007200717926025391,0.21673311,rs17798879,0.7697795874400323,upstream_gene_variant,False,CLOSED in diabetic,
14_79443776_C_T,0,539,-0.019733756282997485,0.010416269302368164,0.34146425,rs17109221,0.3757329865592267,intron_variant,False,CLOSED in diabetic,
14_79425539_G_A,0,539,-0.01688336131745234,0.01553797721862793,0.50726056,rs10150482,0.2143008620937587,intron_variant,False,CLOSED in diabetic,
14_73481370_G_C,0,539,-0.005614028569718681,-0.007093906402587891,-0.39988402,rs2333142,0.249606651346976,intron_variant,False,CLOSED in diabetic,
14_50047194_G_A,0,539,0.009950194597686597,0.06201362609863281,-0.9367681,rs72680102,0.2851057556601499,intron_variant,False,OPENED in diabetic,
14_50046348_G_A,0,539,0.009108439889599971,0.04516029357910156,-0.9065298,rs72680101,0.2503815033526727,intron_variant,False,OPENED in diabetic,
14_50045629_A_G,0,539,-0.011161498988050697,-0.052364349365234375,0.87126195,rs72680100,0.2670392334391088,intron_variant,False,CLOSED in diabetic,
14_38541596_G_A,0,539,-0.01680213754827326,-0.0019998550415039062,-0.20053048,rs369839370,0.9999112560436964,intron_variant,False,CLOSED in diabetic,
14_32833676_G_T,0,539,-0.03984527198635802,-0.004243135452270508,-0.29581574,rs17522122,0.2417205348676531,3_prime_UTR_variant,False,CLOSED in diabetic,
14_32823537_A_C,0,539,-0.02410267633498268,-0.017141103744506836,0.5440255,rs2239647,0.2540435818000353,synonymous_variant,False,CLOSED in diabetic,
15_67624110_A_C,0,539,0.02456309578635476,0.05255889892578125,-0.9230626,rs7166790,0.272336406216798,intron_variant,False,OPENED in diabetic,
15_67624062_G_A,0,539,0.00948533852600211,0.013361930847167969,0.44169295,rs11631200,0.453524900754669,intron_variant,False,OPENED in diabetic,
15_67188910_C_T,0,539,-0.0025596609805643225,-0.004195213317871094,-0.29581574,rs3825977,0.965588366594326,intron_variant,False,CLOSED in diabetic,
15_66582532_C_T,0,539,-0.015230622052704028,-0.15070056915283203,0.97048765,rs8042305,0.24331337616923,intron_variant,False,CLOSED in diabetic,
15_65043388_C_T,0,539,0.0005913550424664273,0.01117706298828125,0.37104118,rs569141077,0.9962872124614378,upstream_gene_variant,False,OPENED in diabetic,
15_58446224_C_T,0,539,-0.009632420230221438,0.005568742752075195,0.15129343,rs12914626,0.9697258376234856,intron_variant,False,CLOSED in diabetic,
15_52799356_C_T,0,539,0.0024735834691431615,0.0006299018859863281,-0.067658216,rs2456530,0.5986360256095643,intron_variant,False,OPENED in diabetic,
15_52296525_C_G,0,539,0.015373751935799622,0.0065991878509521484,-0.3855568,rs74804697,0.6485469835673401,upstream_gene_variant,False,OPENED in diabetic,
15_52240869_G_A,0,539,0.010657902330104848,0.013957977294921875,-0.6116155,rs79400013,0.775688925627203,intron_variant,False,OPENED in diabetic,
15_52236310_G_A,0,539,0.00126980142823398,-0.00866842269897461,0.28028134,rs2007854,0.2800938050254121,intron_variant,False,OPENED in diabetic,
15_40343658_C_T,0,539,-0.030354015902375908,-0.12175607681274414,0.9601752,rs71472431,0.339839562964924,intron_variant,False,CLOSED in diabetic,
15_40340937_A_T,0,539,-0.01764670993047654,-0.03458213806152344,0.78842187,rs4924455,0.3557224630347637,5_prime_UTR_variant,False,CLOSED in diabetic,
15_40336470_G_A,0,539,0.00629387008015875,-0.0010290145874023438,-0.05077759,rs12911108,0.644226137671012,intron_variant,False,OPENED in diabetic,
15_38580914_T_C,0,539,0.005406161186204107,-0.0004229545593261719,-0.11803031,rs34715063,0.8161582971981571,upstream_gene_variant,False,OPENED in diabetic,
16_1329705_G_A,0,539,0.008223937924585006,0.0395960807800293,-0.8902224,rs139294140,0.547630798405668,non_coding_transcript_exon_variant,False,OPENED in diabetic,
16_1198374_G_C,0,539,0.005333302414704784,-0.0023937225341796875,-0.21673311,rs34569984,0.2086032017817901,intron_variant,False,OPENED in diabetic,
16_1091198_G_A,0,539,-0.007382602550103182,0.004775047302246094,0.11803031,rs55828954,0.7865477710705258,intron_variant,False,CLOSED in diabetic,
15_98942702_T_A,0,539,0.005978567480819787,-0.027540206909179688,0.72342026,rs41497346,0.996194437850922,intron_variant,False,OPENED in diabetic,
15_93304101_G_A,0,539,-0.015452775088223543,-0.011311531066894531,0.37104118,rs55846346,0.2208533408332467,intron_variant,False,CLOSED in diabetic,
15_93288838_G_A,0,539,0.004492281982761588,0.0030472278594970703,-0.24877495,rs7167984,0.6640962476304482,intron_variant,False,OPENED in diabetic,
15_90968030_A_G,0,539,0.004024624161021386,0.008923530578613281,0.28028134,rs12910825,0.348580592116131,intron_variant,False,OPENED in diabetic,ENSG00000284946(+)
15_90965573_C_A,0,539,-0.010664726674888483,-0.006102561950683594,-0.37104118,rs2140585099;rs2140585114;rs2140585144;rs4932182,0.209685010821075,upstream_gene_variant,False,CLOSED in diabetic,
15_89863652_A_G,0,539,-0.00579853004781125,-0.005059003829956055,0.13469982,rs12594774,0.6331194883482713,intron_variant,False,CLOSED in diabetic,
15_77892951_C_T,0,539,-0.0018791692376357947,-0.013443470001220703,-0.600902,rs59577817,0.8667724317551311,upstream_gene_variant,False,CLOSED in diabetic,CRABP1(-)
15_76161994_C_T,0,539,0.0014950870804087792,0.00478363037109375,0.11803031,rs2959860,0.227469428933034,intron_variant,False,OPENED in diabetic,
15_74041072_G_A,0,539,0.004113241560162772,0.0024013519287109375,-0.21673311,rs876383,0.4183099543125773,non_coding_transcript_exon_variant,False,OPENED in diabetic,
15_73339801_C_T,0,539,-0.008266258770548126,-0.0075511932373046875,0.2328172,rs2247424,0.249669087495492,intron_variant,False,CLOSED in diabetic,
15_68060851_T_C,0,539,0.03236259909861605,0.0973515510559082,0.94456005,rs150072965,0.3120214306307006,intron_variant,False,OPENED in diabetic,
15_68059327_T_C,0,539,0.0029851784290320796,0.03386688232421875,0.7819256,rs115275906,0.6575497639201605,intron_variant,False,OPENED in diabetic,
15_67731471_T_C,0,539,0.0058304728293905456,-0.013616085052490234,-0.600902,rs12050481,0.2819606973668929,intron_variant,False,OPENED in diabetic,
16_75200974_C_A,0,539,-0.01759719671698802,-0.10820674896240234,0.9514159,rs72802342,0.9977094844641524,upstream_gene_variant,False,CLOSED in diabetic,
16_73063130_G_A,0,539,0.03639494200584398,0.07294797897338867,-0.9497837,rs7498798,0.9834554452041112,upstream_gene_variant,False,OPENED in diabetic,
16_72054877_C_T,0,539,0.02158904739125098,0.075927734375,0.9205166,rs35254925,0.9901756443812744,intron_variant,False,OPENED in diabetic,HP(+)
16_69527253_G_A,0,539,0.047656813004021296,0.1922283172607422,-0.9858853,rs4783721,0.557742598851812,intron_variant,False,OPENED in diabetic,
16_53772541_A_G,0,539,0.048047737199433,0.1581721305847168,0.9733019,rs56094641,0.3463473529048852,intron_variant,False,OPENED in diabetic,
11_74913237_A_G,0,539,0.009904175830904761,0.04047226905822754,0.82391596,rs75293274,0.291089227619622,intron_variant,False,OPENED in diabetic,SLCO2B1(+)
11_72751013_G_C,0,539,-0.009576471926772308,-0.014893531799316406,0.48166767,rs77198110,0.9943544321678124,intron_variant,False,CLOSED in diabetic,
11_67457697_G_A,0,539,2.4614174865835894e-05,-0.0034942626953125,0.05077759,rs199749736,0.9997557760104724,intron_variant,False,OPENED in diabetic,
11_66962403_A_G,0,539,-0.006337142831098171,-0.007355213165283203,0.21673311,rs187863826,0.6204395525030754,intron_variant,False,CLOSED in diabetic,PTPRCAP(-)
11_66860640_G_A,0,539,0.0069565224514821465,-0.012502670288085938,0.41401842,rs79696213,0.850231191717068,intron_variant,False,OPENED in diabetic,
11_66447952_C_T,0,539,-0.012551450994771132,-0.010867118835449219,-0.531989,rs11227485,0.2036303432202574,upstream_gene_variant,False,CLOSED in diabetic,
11_66438698_C_T,0,539,0.010865680361944139,0.013673782348632812,0.44169295,rs11110,0.4602931222797691,synonymous_variant,False,OPENED in diabetic,MRPL11(-);CD248(-)
11_66430882_C_T,0,539,0.010918179336859256,0.023075103759765625,0.6619072,rs12793712,0.3185381900325266,upstream_gene_variant,False,OPENED in diabetic,
12_124008063_T_G,0,539,-0.0070767066474305895,-0.01444101333618164,0.4685517,rs12303671,0.2388904326011422,intron_variant,False,CLOSED in diabetic,
12_123894418_C_T,0,539,-0.020675596368113783,0.010607242584228516,-0.51973367,rs111534340,0.7013940259262621,intron_variant,False,CLOSED in diabetic,
12_123251537_G_T,0,539,0.006941106191150332,0.05522775650024414,-0.92792165,rs10773000,0.3044742246742058,intron_variant,False,OPENED in diabetic,
12_122811657_G_A,0,539,0.04529092749770807,0.0047342777252197266,-0.31119522,rs138062324,0.979130447163262,intron_variant,False,OPENED in diabetic,
12_120994314_G_C,0,539,0.009222349120867274,0.003765106201171875,-0.26459876,rs56348580,0.9740868851099682,synonymous_variant,False,OPENED in diabetic,HNF1A(+)
12_120979503_C_T,0,539,0.001985695012646394,0.013411998748779297,0.44169295,rs80019595,0.9986770628925332,intron_variant,False,OPENED in diabetic,HNF1A(+)
16_52503145_T_C,0,539,-0.002202694845111118,-0.008693218231201172,0.28028134,rs79655921,0.8017164661813028,intron_variant,False,CLOSED in diabetic,
16_4058205_T_C,0,539,-0.008408964012018603,-0.03342413902282715,0.775255,rs62036959,0.4777783611309036,intron_variant,False,CLOSED in diabetic,
16_3965728_C_T,0,539,-0.015137706041778394,-0.035442352294921875,-0.8752832,rs879620,0.380434271759569,3_prime_UTR_variant,False,CLOSED in diabetic,ADCY9(-)
16_3964281_C_G,0,539,0.002095617035987868,0.004775524139404297,0.11803031,rs2238435,0.4508629212801144,3_prime_UTR_variant,False,OPENED in diabetic,
16_250400_T_C,0,539,-0.009052894111024648,-0.11196756362915039,0.9545266,rs56038902,0.8897111852236604,intron_variant,False,CLOSED in diabetic,HBM(+);HBA2(+)
16_24791651_T_C,0,539,0.004855588548479806,0.004282474517822266,0.10129401,rs139403173,0.8277222016702345,synonymous_variant,False,OPENED in diabetic,
16_2107078_T_C,0,539,0.006534900205254776,0.02106761932373047,-0.7541656,rs3874658,0.509682227274851,intron_variant,False,OPENED in diabetic,IGFALS(-)
16_15135805_A_G,0,539,0.03026336199277407,0.035490989685058594,-0.8752832,rs2905113,0.7747407630107657,non_coding_transcript_exon_variant,False,OPENED in diabetic,
16_1331124_G_A,0,539,-0.006429871291972711,-0.013027667999267578,-0.58996826,rs113501236,0.5822927531126083,upstream_gene_variant,False,CLOSED in diabetic,
17_37687273_G_T,0,539,0.003727607691663979,-0.013279438018798828,0.44169295,rs2229295,0.999999989511178,3_prime_UTR_variant,False,OPENED in diabetic,
17_37686448_G_C,0,539,-0.010609971791339937,0.008671283721923828,0.28028134,rs10962,0.9992028127614208,3_prime_UTR_variant,False,CLOSED in diabetic,
17_1606754_A_G,0,539,-0.015441515892467604,-0.1297149658203125,-0.97585106,rs9893867,0.931446962529851,intron_variant,False,CLOSED in diabetic,
16_88778228_G_A,0,539,0.003372233077634907,0.021465778350830078,0.63238406,rs73251033,0.4639732895114064,intron_variant,False,OPENED in diabetic,
16_88498650_G_A,0,539,0.004107931770508718,0.006044864654541016,-0.37104118,rs17773400,0.9999978717956476,intron_variant,False,OPENED in diabetic,
16_88205258_G_A,0,539,0.005004800538185134,-0.012574434280395508,0.41401842,rs12446637,0.206151388728337,intron_variant,False,OPENED in diabetic,
16_88202276_A_G,0,539,-0.002456343903833506,0.019439220428466797,-0.72342026,rs9934456,0.3072594155446275,intron_variant,False,CLOSED in diabetic,
16_88081457_G_A,0,539,0.013473524896908336,0.04507803916931152,-0.9065298,rs8051847,0.3440613192529254,intron_variant,False,OPENED in diabetic,
16_88079965_C_G,0,539,-0.02692910691581542,0.0004799365997314453,-0.13469982,rs9927345,0.3896719803566473,intron_variant,False,CLOSED in diabetic,
16_85664473_T_G,0,539,0.004060337406363691,-0.0032820701599121094,-0.24877495,rs3812967,0.4098631701651111,intron_variant,False,OPENED in diabetic,
16_81501185_T_C,0,539,0.010645932744296894,0.0681300163269043,-0.94456005,rs2925979,0.9870143741114,intron_variant,False,OPENED in diabetic,
16_77436392_A_G,0,539,0.017592392073933844,0.029197216033935547,0.73917776,rs4888630,0.9243795543555848,intron_variant,False,OPENED in diabetic,
16_76843817_A_G,0,539,-0.015567054996242771,-0.014261960983276367,0.4685517,rs145936307,0.50496225606564,intron_variant,False,CLOSED in diabetic,
16_75202865_C_G,0,539,-0.005712376454765589,0.0004150867462158203,-0.11803031,rs55993634,0.239348742413381,upstream_gene_variant,False,CLOSED in diabetic,
17_57863409_T_C,0,539,0.014637783418559851,0.030269622802734375,-0.8444979,rs17835022,0.2443493973214169,intron_variant,False,OPENED in diabetic,
17_578364_C_T,0,539,0.03522171204519183,0.07250857353210449,0.9151803,rs11870735,0.7594184482955536,intron_variant,False,OPENED in diabetic,
17_49013423_C_T,0,539,-0.03993448565311467,-0.06917095184326172,0.9095027,rs11079849,0.5450089302408953,intron_variant,False,CLOSED in diabetic,
17_46864000_A_G,0,539,-0.03754954612321447,-0.13083696365356445,0.9639548,rs2165846,0.9798617240417128,intron_variant,False,CLOSED in diabetic,
17_46241681_A_G,0,539,0.024651177075444435,0.038231849670410156,0.8127267,rs2732634,0.3205018829499576,intron_variant,False,OPENED in diabetic,
17_46006642_T_C,0,539,0.01931106624001696,-0.008852958679199219,-0.4685517,rs12946693,0.5617668094932632,intron_variant,False,OPENED in diabetic,
17_4085157_T_C,0,539,0.019797219858541118,0.03734946250915527,0.8068961,rs8071043,0.463555223314424,intron_variant,False,OPENED in diabetic,
17_3957062_A_T,0,539,0.0018581353224717176,-0.002735614776611328,0.016938813,rs3826482,0.2488330776318876,intron_variant,False,OPENED in diabetic,
17_3956131_T_C,0,539,0.03102359524020901,0.0176241397857666,-0.69829345,rs1974611,0.6396432193642848,intron_variant,False,OPENED in diabetic,
17_37740776_G_A,0,539,-0.012663217555171705,-0.011523246765136719,-0.5440255,rs11657964,0.352787905715575,intron_variant,False,CLOSED in diabetic,
17_37731265_C_G,0,539,0.006649146495812015,0.06079578399658203,-0.9367681,rs9906451,0.9999999988290432,intron_variant,False,OPENED in diabetic,
17_37728539_T_C,0,539,-0.06466765129499842,0.02682018280029297,0.71524596,rs2002731,0.9999999999999292,intron_variant,False,CLOSED in diabetic,
17_37723715_A_C,0,539,0.005377778316915367,-0.011378288269042969,-0.5440255,rs79882976,0.9999999527917336,intron_variant,False,OPENED in diabetic,
17_37687414_G_A,0,539,-0.005793589165569015,-0.04075002670288086,0.82391596,rs3110641,0.986869484306007,intron_variant,False,CLOSED in diabetic,
18_13121802_G_T,0,539,-0.02738419446078214,-0.03625822067260742,-0.879187,rs141702542,0.3615143517343328,intron_variant,False,CLOSED in diabetic,
17_82726104_C_T,0,539,0.005030062291529271,0.0019991397857666016,-0.016938813,rs9895455,0.2974954936838502,intron_variant,False,OPENED in diabetic,
17_78762169_A_G,0,539,0.027259519679648094,0.1417369842529297,-0.9781595,rs7221314,0.969898062808241,intron_variant,False,OPENED in diabetic,
17_78131350_G_C,0,539,-0.017768815629778632,-0.009530067443847656,-0.49457133,rs383603,0.9997296703149048,5_prime_UTR_variant,False,CLOSED in diabetic,
17_7651218_T_C,0,539,-0.008783337800091405,0.004779338836669922,-0.31119522,rs1050528,0.9999999999998864,5_prime_UTR_variant,False,CLOSED in diabetic,
17_7608442_A_T,0,539,0.004299391178562822,0.020221710205078125,-0.73917776,rs888110,0.39676267591338,intron_variant,False,OPENED in diabetic,ASGR2(+)
17_67832255_T_A,0,539,-0.004765018682532938,-0.0057430267333984375,-0.356342,rs2080090,0.2015364609680439,intron_variant,False,CLOSED in diabetic,
17_67681565_C_T,0,539,-0.004564757692128254,0.01403355598449707,0.45522588,rs146222433,0.7362387606377083,intron_variant,False,CLOSED in diabetic,
17_67650373_C_T,0,539,-0.008714727214183347,-0.0023894309997558594,-0.21673311,rs117545724,0.2115814905305642,intron_variant,False,CLOSED in diabetic,
17_67643634_T_C,0,539,-0.013922203892016012,-0.03861522674560547,-0.88665366,rs77926287,0.2355005582392857,intron_variant,False,CLOSED in diabetic,
17_63589646_C_T,0,539,0.0032082223272942877,0.02162647247314453,-0.76137805,rs72845888,0.6687385670693936,3_prime_UTR_variant,False,OPENED in diabetic,ENSG00000288894(+);DCAF7(+)
17_63589325_C_T,0,539,0.0029806577650646994,-0.010824203491210938,0.356342,rs72845886,0.2258408453731506,3_prime_UTR_variant,False,OPENED in diabetic,DCAF7(-)
17_63505531_C_T,0,539,0.01350671506326141,0.041652679443359375,-0.8970444,rs8075924,0.331196857344789,upstream_gene_variant,False,OPENED in diabetic,
17_63504930_T_C,0,539,-0.009995135836344702,-0.011260271072387695,0.37104118,rs56913696,0.208124422193102,upstream_gene_variant,False,CLOSED in diabetic,
17_57879064_C_T,0,539,-0.005632273120207778,-0.0009436607360839844,-0.15129343,rs2586046,0.2698548000090228,intron_variant,False,CLOSED in diabetic,
18_73197873_A_G,0,539,0.009844517221256179,0.023230552673339844,0.6619072,rs73969444,0.2501527424702546,intron_variant,False,OPENED in diabetic,
18_63228749_G_A,0,539,0.00415569510663374,-0.018901824951171875,0.57881373,rs6567331,0.9090241377478218,intron_variant,False,OPENED in diabetic,
18_63178651_T_C,0,539,-0.05548333679369075,-0.18232965469360352,0.9781595,rs12454712,0.9999999986580655,intron_variant,False,CLOSED in diabetic,
18_59964810_C_T,0,539,-0.013418424992039385,-0.035016536712646484,-0.87126195,rs17066426,1.0,upstream_gene_variant,False,CLOSED in diabetic,
18_59216087_T_G,0,539,-0.011775814757055166,-0.012720823287963867,0.41401842,rs7243357,0.2633422128560403,upstream_gene_variant,False,CLOSED in diabetic,
18_55790271_G_C,0,539,0.013643958351828835,-0.0013127326965332031,-0.16780221,rs7226741,0.2097761489564918,intron_variant,False,OPENED in diabetic,
18_55786344_A_C,0,539,0.021884994294515125,0.03394770622253418,0.7819256,rs7245109,0.2174805927406321,intron_variant,False,OPENED in diabetic,
18_50609571_C_T,0,539,0.008857931409563338,0.00726628303527832,-0.41401845,rs28680308,0.2142162461702992,intron_variant,False,OPENED in diabetic,
18_42463879_A_G,0,539,-0.014889867495959677,-0.012292861938476562,0.39988402,rs56192168,0.328381272737969,intron_variant,False,CLOSED in diabetic,
18_34650949_T_C,0,539,-0.025769653921888135,-0.026270151138305664,0.7068712,rs1240974,0.6991005745318448,upstream_gene_variant,False,CLOSED in diabetic,
18_34650756_G_A,0,539,0.01619326250009059,0.007468461990356445,-0.41401845,rs1240975,0.2859483161104305,upstream_gene_variant,False,OPENED in diabetic,
18_32092229_C_A,0,539,-0.002617260963001145,-0.010126113891601562,-0.50726056,rs531385319,0.420798646704729,5_prime_UTR_variant,False,CLOSED in diabetic,RNF138(+)
18_23557478_A_G,0,539,0.0018618978242042556,0.00023174285888671875,-0.11803031,rs1788760,0.2018656469133171,intron_variant,False,OPENED in diabetic,
19_38897279_T_C,0,539,0.005072314133228309,-0.01270294189453125,-0.57881373,rs10405150,0.260708944013324,non_coding_transcript_exon_variant,False,OPENED in diabetic,
19_38896396_A_T,0,539,0.006364177463227168,0.0022430419921875,-3.4944492e-11,rs11880264,0.2024144969925383,intron_variant,False,OPENED in diabetic,
19_33399932_C_G,0,539,-0.0016855512346540178,0.01631021499633789,-0.67131925,rs10406327,0.9970320978169052,intron_variant,False,CLOSED in diabetic,
19_32300101_T_G,0,539,-0.05255065601256871,-0.014565229415893555,0.4685517,rs12460133,0.967246522406646,upstream_gene_variant,False,CLOSED in diabetic,
19_30536528_G_A,0,539,0.015413144523889545,0.02621936798095703,-0.8127267,rs4474808,0.3116653222385211,intron_variant,False,OPENED in diabetic,
19_2543659_G_T,0,539,0.011150974068438188,0.02022552490234375,0.6116155,rs11881553,0.3154209905505893,intron_variant,False,OPENED in diabetic,GADD45B(+);JSRP1(-)
19_19367068_A_C,0,539,0.02171165558314279,-0.0063076019287109375,-0.37104118,rs56255430,0.7391959180330231,intron_variant,False,OPENED in diabetic,
19_19282905_G_A,0,539,0.005296945129564388,-0.0017158985137939453,-0.18421741,rs8100204,0.999999990595686,intron_variant,False,OPENED in diabetic,
19_19277262_G_C,0,539,0.007696622377866274,-0.008334636688232422,-0.44169295,rs12981974,0.9999998805599264,intron_variant,False,OPENED in diabetic,
19_18701975_A_G,0,539,0.005793659054503149,0.044785261154174805,-0.9065298,rs8112818,0.339996204824787,intron_variant,False,OPENED in diabetic,
19_18701214_A_G,0,539,0.0035951566607699986,0.052214622497558594,-0.9230626,rs4808845,0.2414695596296354,intron_variant,False,OPENED in diabetic,
19_12393701_T_C,0,539,0.009188212357558213,-0.0010824203491210938,-0.15129343,rs2910993,0.2618353955188056,intron_variant,False,OPENED in diabetic,
19_1237075_G_T,0,539,0.0771211746229975,0.09453964233398438,0.94078827,rs56265137,0.2615013187361252,intron_variant,False,OPENED in diabetic,
19_1236709_C_A,0,539,-0.03480572780120793,-0.06620264053344727,-0.94270426,rs76096449,0.2602565712291745,intron_variant,False,CLOSED in diabetic,EFNA2(+)
19_1233053_A_C,0,539,0.06240410530500819,0.1772475242614746,0.9774153,rs36001015,0.2166744562323396,intron_variant,False,OPENED in diabetic,
19_1224287_G_T,0,539,-0.0037464830119003836,0.010157585144042969,0.32641342,rs35004890,0.2149528239105153,intron_variant,False,CLOSED in diabetic,
19_817394_C_T,0,539,0.019588535039898193,0.07209300994873047,-0.94809806,rs7259714,0.2873140150940835,intron_variant,False,OPENED in diabetic,
19_816540_T_C,0,539,0.00528712086863332,0.0294952392578125,-0.839569,rs72982156,0.621853797242129,intron_variant,False,OPENED in diabetic,
19_7977563_T_G,0,539,0.0013982325184101962,0.004955291748046875,-0.32641342,rs149256473,0.7247048495402858,intron_variant,False,OPENED in diabetic,
19_7911644_T_C,0,539,-0.002992829940314638,0.00938272476196289,-0.48166767,rs2303700,0.7608643005665255,intron_variant,False,CLOSED in diabetic,
19_7903283_G_A,0,539,-0.00978077674398617,0.019069671630859375,0.58996826,rs2115107,0.6184273417458,non_coding_transcript_exon_variant,False,CLOSED in diabetic,
19_7182160_G_C,0,539,0.02932581698076181,0.04076027870178223,-0.89368504,rs4325676,0.667138189577208,intron_variant,False,OPENED in diabetic,
11_61500785_A_G,0,539,-0.0008733020421525322,0.0022313594818115234,-0.20053048,rs3019192,0.2714326577221986,intron_variant,False,CLOSED in diabetic,
11_49872410_C_A,0,539,-0.03686777603206033,-0.021209716796875,-0.7541656,rs145969813,0.2148216977913564,intron_variant,False,CLOSED in diabetic,
11_49641930_A_G,0,539,-0.011218183336983364,-0.017781496047973633,0.5558421,rs7394642,1.0,intron_variant,False,CLOSED in diabetic,
11_49154506_A_G,0,539,0.029453608454490195,0.02250504493713379,0.65228176,rs117109255,0.2576289183421175,splice_polypyrimidine_tract_variant,False,OPENED in diabetic,
11_49016308_T_A,0,539,0.001491288307204096,-0.005290508270263672,0.13469982,rs1876027,0.996790397132977,intron_variant,False,OPENED in diabetic,
11_47921826_T_C,0,539,0.02468131247610683,0.019637584686279297,0.600902,rs185988863,1.0,intron_variant,False,OPENED in diabetic,
11_92982947_C_A,0,539,0.03664329012161283,0.03692197799682617,0.8009039,rs12285500,0.9999999999998864,upstream_gene_variant,False,OPENED in diabetic,
11_92975544_C_G,0,539,0.08917928405506934,0.24230194091796875,0.986804,rs10830963,1.0,intron_variant,False,OPENED in diabetic,
11_8670792_G_A,0,539,-0.029707437101233206,0.012473821640014648,0.41401842,rs36092927,0.999999755233178,intron_variant,False,CLOSED in diabetic,
11_79316757_C_G,0,539,0.019607957086226934,0.0011570453643798828,-0.05077759,rs569296,0.2644492263061964,intron_variant,False,OPENED in diabetic,
19_7147181_T_C,0,539,0.019589172887005922,0.03127717971801758,0.76137805,rs544731034,0.529425560425583,intron_variant,False,OPENED in diabetic,
19_7100673_T_C,0,539,0.0026279796253551135,0.009559154510498047,0.31119522,rs72988557,0.2912135267782451,upstream_gene_variant,False,OPENED in diabetic,
19_7097047_C_A,0,539,-0.002272097210716007,0.07291197776794434,0.9151803,rs11670755,0.3338135426278764,intron_variant,False,CLOSED in diabetic,
19_51278201_G_A,0,539,-0.01380479756003187,-0.010364294052124023,0.34146425,rs148108087,0.9993961534526312,intron_variant,False,CLOSED in diabetic,
19_47100028_C_T,0,539,-0.03728261374365642,-0.14220714569091797,-0.9781595,rs411560,0.795152237428427,intron_variant,False,CLOSED in diabetic,
19_45652921_G_C,0,539,0.05778128406333569,0.08967351913452148,-0.9601752,rs62111721,0.3067061559654966,upstream_gene_variant,False,OPENED in diabetic,
19_45652917_C_T,0,539,-0.018155430597365456,-0.03142523765563965,0.76137805,rs62111720,0.3159510017328387,upstream_gene_variant,False,CLOSED in diabetic,
19_44893408_G_T,0,539,0.004245369686487655,0.027855396270751953,-0.82391596,rs59007384,0.32827029281371,intron_variant,False,OPENED in diabetic,APOC4(-);TOMM40(+)
19_40272511_A_C,0,539,-0.00040193391421287976,-0.04058074951171875,-0.89368504,rs553405639,0.509228485146597,intron_variant,False,CLOSED in diabetic,
1_200314506_G_A,0,539,0.03119657123685989,0.09425735473632812,-0.9627358,rs6657571,0.2493291790884753,intron_variant,False,OPENED in diabetic,
1_1716097_C_T,0,539,-0.013446220440413381,0.016167640686035156,0.51973367,rs115980964,0.249444636533352,intron_variant,False,CLOSED in diabetic,
1_156236927_T_G,0,539,-0.004042817400647448,-0.017553329467773438,0.5558421,rs144847100,0.90508608031541,intron_variant,False,CLOSED in diabetic,
1_150646156_A_C,0,539,0.022974122211972946,0.014206171035766602,0.4685517,rs2055975,0.928614781193959,intron_variant,False,OPENED in diabetic,
1_147323003_A_G,0,539,0.04690820564807899,-0.015640437602996826,-0.65228176,rs12145968,0.215356815337319,intron_variant,False,OPENED in diabetic,
1_147268917_A_G,0,539,0.009190010007104538,0.006825923919677734,0.20053048,rs11576360,0.352314052652136,intron_variant,False,OPENED in diabetic,
1_117624577_A_G,0,539,0.01305955593130363,0.03586983680725098,0.79474694,rs826403,0.307245893063256,3_prime_UTR_variant,False,OPENED in diabetic,TENT5C(-)
1_117624255_C_T,0,539,-0.006145517989744282,0.004755735397338867,0.11803031,rs10923360,0.264642061312287,3_prime_UTR_variant,False,CLOSED in diabetic,TENT5C(+)
1_11327135_G_C,0,539,-0.011255290822328132,-0.024022579193115234,0.67131925,rs2982375,0.747263359425075,intron_variant,False,CLOSED in diabetic,
1_112587437_A_G,0,539,-0.014254017973211568,-0.03917741775512695,0.8183989,rs12730156,0.6829436542447417,intron_variant,False,CLOSED in diabetic,
1_107089777_C_T,0,539,0.024144501765716496,0.010246753692626953,-0.50726056,rs11587654,0.998292147335324,upstream_gene_variant,False,OPENED in diabetic,
1_219561618_A_C,0,539,-0.011809881631430093,-0.012810945510864258,0.427956,rs2820441,0.2880128779138936,upstream_gene_variant,False,CLOSED in diabetic,
1_21664779_G_T,0,539,-0.010638885462660072,-0.030849933624267578,0.7541656,rs829376,0.252618853209837,intron_variant,False,CLOSED in diabetic,
1_214080211_T_C,0,539,0.012293733338478103,-0.0006604194641113281,-0.13469982,rs12132228,0.7802869873710722,intron_variant,False,OPENED in diabetic,
1_213985913_T_C,0,539,0.016857270185934147,0.03360795974731445,0.7819256,rs340874,0.9999999991652544,non_coding_transcript_exon_variant,False,OPENED in diabetic,
1_213972388_C_G,0,539,-0.011287905068477141,-0.011466026306152344,-0.5440255,rs340882,0.829363119270892,non_coding_transcript_exon_variant,False,CLOSED in diabetic,
1_212057589_C_T,0,539,-0.031624645381778865,-0.01763772964477539,-0.69829345,rs75241115,1.0,intron_variant,False,CLOSED in diabetic,
1_211872006_T_C,0,539,0.05083914900091451,0.07845664024353027,0.9230626,rs61828506,0.3525758777942262,upstream_gene_variant,False,OPENED in diabetic,
1_206661466_T_C,0,539,0.0030298162258622376,0.020038127899169922,-0.73917776,rs4845124,0.3079088085037969,upstream_gene_variant,False,OPENED in diabetic,
1_205075211_A_G,0,539,0.003268751452274358,-0.009418487548828125,-0.48166767,rs11240351,0.239195000688135,3_prime_UTR_variant,False,OPENED in diabetic,
1_205054884_C_T,0,539,-0.002604964933943881,-0.0007987022399902344,-0.13469982,rs1572995,0.4915328069551805,intron_variant,False,CLOSED in diabetic,
1_203550066_T_C,0,539,-0.001830352259478454,-0.014030694961547852,0.45522588,rs6695980,0.240557244027486,intron_variant,False,CLOSED in diabetic,
1_203549745_A_C,0,539,-0.02658250822870541,-0.04557633399963379,0.84928787,rs13303359,0.232094351783055,intron_variant,False,CLOSED in diabetic,
1_200320836_T_G,0,539,-0.0006960079709762545,0.06087636947631836,-0.9367681,rs147179481,0.2594828889315543,intron_variant,False,CLOSED in diabetic,
1_50555757_A_G,0,539,0.02261369259326489,0.00803375244140625,0.24877495,rs61781018,0.2498520323001838,intron_variant,False,OPENED in diabetic,
1_50354137_C_T,0,539,-0.019863334790231568,-0.02111983299255371,-0.7541656,rs61780655,0.3008777073065736,upstream_gene_variant,False,CLOSED in diabetic,
1_39515213_G_A,0,539,0.05416156188455274,0.10783529281616211,0.9514159,rs548352792,0.9999999988751116,non_coding_transcript_exon_variant,False,OPENED in diabetic,
1_33284112_T_C,0,539,-0.015226868397672013,-0.0069332122802734375,0.20053048,rs10798935,0.5857890976873447,intron_variant,False,CLOSED in diabetic,
1_28413910_T_C,0,539,0.030809124679423882,0.18028593063354492,-0.98438704,rs11587757,0.8584908265651932,intron_variant,False,OPENED in diabetic,
1_27736828_G_A,0,539,0.007732315275797375,-0.0037817955017089844,0.067658216,rs148945264,0.91636272494984,intron_variant,False,OPENED in diabetic,
1_26291283_C_T,0,539,-0.002276028684428539,-0.03824138641357422,0.8127267,rs6696025,0.408151369894613,intron_variant,False,CLOSED in diabetic,
1_26280514_C_A,0,539,0.008822824163206875,0.13730239868164062,-0.9774153,rs34824071,0.478328924873145,intron_variant,False,OPENED in diabetic,SH3BGRL3(+);UBXN11(+)
1_25734953_C_T,0,539,0.009621881155888093,0.01589488983154297,-0.6619072,rs142957724,0.9869626886720504,intron_variant,False,OPENED in diabetic,
1_229506752_T_A,0,539,-6.0980306706755854e-05,-0.008865833282470703,0.28028134,rs238763,0.3052102635163764,intron_variant,False,CLOSED in diabetic,
1_219561656_C_A,0,539,0.017199080154050923,0.012218475341796875,-0.5674383,rs2785998,0.2848196944400155,upstream_gene_variant,False,OPENED in diabetic,
20_44605008_A_G,0,539,-0.00925224477594549,-0.027509689331054688,0.72342026,rs11696357,0.6409012370634304,intron_variant,False,CLOSED in diabetic,
20_44366172_T_C,0,539,0.011352361243819482,0.007186412811279297,0.21673311,rs12625671,0.654434345933402,intron_variant,False,OPENED in diabetic,
20_41053043_C_G,0,539,-0.01327983081230206,-0.015668869018554688,-0.65228176,rs8122094,0.692664276624138,intron_variant,False,CLOSED in diabetic,
11_43548074_G_C,0,539,-0.05478830903713248,-0.0525205135345459,0.87126195,rs139501352,0.3357512117418833,upstream_gene_variant,False,CLOSED in diabetic,
11_334878_T_A,0,539,0.007568538963020622,0.020791292190551758,0.62210923,rs10160756,0.993827975559491,upstream_gene_variant,False,OPENED in diabetic,
11_30745127_G_A,0,539,0.016252218681717626,0.011951923370361328,-0.5558421,rs72892944,0.2331331174755694,intron_variant,False,OPENED in diabetic,
11_30731153_C_T,0,539,0.020105774194720948,0.0765225887298584,-0.9514159,rs2218604,0.2922591277400463,intron_variant,False,OPENED in diabetic,
11_2887169_C_T,0,539,-0.0014597188563868818,-0.04226970672607422,-0.90030324,rs431222,0.5066137096848273,upstream_gene_variant,False,CLOSED in diabetic,CDKN1C(-)
11_2886965_G_T,0,539,-0.004881281136139426,0.04634714126586914,0.84928787,rs452338,0.472064654115447,upstream_gene_variant,False,CLOSED in diabetic,
11_2837406_C_T,0,539,-0.014606035264392067,-0.09468936920166016,0.94078827,rs74046911,0.903770433414355,intron_variant,False,CLOSED in diabetic,
11_2836667_G_A,0,539,-0.00045690996527450646,-0.020291805267333984,0.6116155,rs234866,0.9999999999915872,intron_variant,False,CLOSED in diabetic,
11_2835964_A_C,0,539,0.015988027009981684,0.03165721893310547,0.76137805,rs2237895,0.9808743217721456,intron_variant,False,OPENED in diabetic,
11_65706327_C_A,0,539,0.025242334836489196,0.0644378662109375,0.90030324,rs10750766,0.864693070068697,upstream_gene_variant,False,OPENED in diabetic,
11_65638129_G_T,0,539,0.0031430097590572094,0.049312591552734375,-0.91788995,rs2306363,0.8858405326852323,5_prime_UTR_variant,False,OPENED in diabetic,SIPA1(+)
11_65516538_G_C,0,539,0.006988663399153163,0.013913154602050781,0.45522588,rs540151161,0.988579211703696,upstream_gene_variant,False,OPENED in diabetic,
11_65159454_A_G,0,539,-0.02579442379868318,-0.030553102493286133,0.7541656,rs145971756,0.98689150721329,upstream_gene_variant,False,CLOSED in diabetic,
11_61829740_C_T,0,539,0.005282696633701643,-0.009125709533691406,0.29581574,rs174570,0.4699152867007734,intron_variant,False,OPENED in diabetic,
20_33712865_G_A,0,539,0.007527854756654304,0.008450031280517578,0.26459876,rs34587839,0.2568071622635944,intron_variant,False,OPENED in diabetic,
20_33394393_T_C,0,539,-0.01030957942106286,-0.09460997581481934,-0.9627358,rs291699,0.2375549125189073,intron_variant,False,CLOSED in diabetic,
20_33350300_C_A,0,539,0.014551686444397539,0.05349874496459961,0.8752832,rs293709,0.4554079713172465,intron_variant,False,OPENED in diabetic,
20_33341084_T_C,0,539,0.03993614794814299,0.11624288558959961,0.9560082,rs293724,0.2071095222531044,upstream_gene_variant,False,OPENED in diabetic,
20_2128234_A_T,0,539,-0.00014541498584074965,-0.0019974708557128906,-0.016938813,rs6106265,0.648092265659023,intron_variant,False,CLOSED in diabetic,
20_10656689_T_G,0,539,-0.0197320117136543,-0.13930416107177734,0.9673817,rs55649270,0.239517822935035,intron_variant,False,CLOSED in diabetic,
1_6591668_C_T,0,539,-0.0034142230569984564,0.006340503692626953,0.18421741,rs1556036,0.777201189640959,3_prime_UTR_variant,False,CLOSED in diabetic,ESPN(+)
1_58019197_A_G,0,539,0.008024435981085216,0.0034084320068359375,0.05077759,rs1188003,0.4882308589572721,upstream_gene_variant,False,OPENED in diabetic,
20_64062966_G_T,0,539,-0.03336457020718888,-0.01593017578125,-0.6619072,rs35213536,0.2496213063823487,upstream_gene_variant,False,CLOSED in diabetic,TCEA2(-)
20_63830219_G_A,0,539,-0.0041978761747285915,-0.10499286651611328,0.9497837,rs8118848,0.2880402724873726,intron_variant,False,CLOSED in diabetic,
20_59032308_C_T,0,539,0.010169045159900785,0.0024776458740234375,-0.21673311,rs45551238,0.892095649823927,5_prime_UTR_variant,False,OPENED in diabetic,ATP5F1E(+);TUBB1(+)
20_51541934_C_A,0,539,0.0011014142151445094,0.005689144134521484,-0.356342,rs2235856,0.5016101620377441,intron_variant,False,OPENED in diabetic,
20_51538847_T_C,0,539,-0.013687963609571582,-0.017814159393310547,0.5558421,rs6021276,0.268265218439471,intron_variant,False,CLOSED in diabetic,
20_51536805_T_C,0,539,-0.01573423551938087,-0.06661415100097656,0.9065298,rs3787186,0.2300937423550599,intron_variant,False,CLOSED in diabetic,
20_48334037_G_A,0,539,0.0023999877674902525,-0.008817195892333984,0.28028134,rs6019056,0.4152278181860299,intron_variant,False,OPENED in diabetic,
20_46978214_G_C,0,539,0.0033238991293261357,0.010056018829345703,-0.50726056,rs6066150,0.6259541946541529,intron_variant,False,OPENED in diabetic,
20_46928830_A_G,0,539,0.019644189632889955,0.02528095245361328,0.68951035,rs6066121,0.2514261017066601,intron_variant,False,OPENED in diabetic,
20_46928426_A_G,0,539,0.001800885669375616,-0.0019297599792480469,-0.20053048,rs1412957,0.3297690200296972,intron_variant,False,OPENED in diabetic,
20_46928378_A_G,0,539,0.002822807856968471,0.0029544830322265625,0.03386791,rs1412956,0.2817995176697778,intron_variant,False,OPENED in diabetic,
22_46399244_C_A,0,539,0.0013134165464836502,0.00781869888305664,0.24877495,rs9615362,0.2242473031186729,intron_variant,False,OPENED in diabetic,
22_43938932_T_G,0,539,0.006189782455812359,0.03926563262939453,0.8183989,rs150869358,0.9914744999446504,intron_variant,False,OPENED in diabetic,
22_43928975_G_A,0,539,0.013679932574836575,0.0756683349609375,0.9205166,rs3747207,0.5186587242152404,intron_variant,False,OPENED in diabetic,
22_43928850_C_T,0,539,-0.0027713474846947834,-0.013129234313964844,-0.58996826,rs738408,0.2429302758025573,synonymous_variant,False,CLOSED in diabetic,PNPLA3(-)
22_32790268_C_T,0,539,0.019660274703781327,0.022983551025390625,-0.775255,rs536950149,0.9871266332963754,intron_variant,False,OPENED in diabetic,
22_31840163_C_T,0,539,-0.031035559517996653,-0.024571895599365234,-0.79474694,rs16989540,0.310518371224272,intron_variant,False,CLOSED in diabetic,
22_31624658_C_G,0,539,0.015373637813362873,-0.019931316375732422,-0.7313966,rs4820987,1.0,intron_variant,False,OPENED in diabetic,
22_31594689_G_A,0,539,0.05044643600265701,0.0411534309387207,-0.8970444,rs5753713,0.2528180277403301,intron_variant,False,OPENED in diabetic,
22_29758116_G_A,0,539,0.0012215187907882435,-0.033455848693847656,0.775255,rs567828099,0.9911643577373426,intron_variant,False,OPENED in diabetic,
22_19961340_G_C,0,539,-0.03613712438183503,-0.1214284896850586,-0.9733019,rs165656,0.2041739408026095,intron_variant,False,CLOSED in diabetic,COMT(-);ARVCF(-)
21_41267010_A_T,0,539,-0.0031958183684906404,0.01083064079284668,0.356342,rs75462941,0.4990622463136379,intron_variant,False,CLOSED in diabetic,
21_41263460_A_T,0,539,-0.0063013614661618375,-0.06485843658447266,-0.94078827,rs79108037,0.4989931830493876,intron_variant,False,CLOSED in diabetic,
21_41214568_A_G,0,539,-0.007238789701727193,-0.020946502685546875,0.62210923,rs914183,0.54775764372203,intron_variant,False,CLOSED in diabetic,
21_41204348_G_A,0,539,0.002825378708140527,0.0037755966186523438,-0.28028134,rs35291683,0.2580536158728,intron_variant,False,OPENED in diabetic,
2_144503607_A_C,0,539,0.007758129063254164,0.024271726608276367,0.68051964,rs2033159,0.9654628911304708,intron_variant,False,OPENED in diabetic,
2_120680873_C_T,0,539,0.0021193987363344663,-0.001667022705078125,-0.03386791,rs58132852,0.2081433532321412,upstream_gene_variant,False,OPENED in diabetic,
2_120544823_C_T,0,539,0.01776335367687558,0.03598594665527344,-0.8752832,rs28416518,0.690466643347905,non_coding_transcript_exon_variant,False,OPENED in diabetic,
2_120457574_C_T,0,539,-0.017611567297317988,-0.01164698600769043,-0.5558421,rs11902253,0.2536368187401099,upstream_gene_variant,False,CLOSED in diabetic,
2_120456826_C_T,0,539,-0.008444059757664385,0.010121822357177734,0.32641342,rs4504000,0.2543569895069887,upstream_gene_variant,False,CLOSED in diabetic,
2_119524439_C_T,0,539,0.017617746717633477,0.0437464714050293,0.839569,rs2244214,0.9746687086817728,5_prime_UTR_variant,False,OPENED in diabetic,
2_118817701_C_T,0,539,0.005040890652969729,0.016741514205932617,-0.68051964,rs972143,0.4113471115629351,intron_variant,False,OPENED in diabetic,
2_111492006_G_A,0,539,-0.04421442736057713,-0.030699968338012695,0.7541656,rs58584712,0.3265293890454895,intron_variant,False,CLOSED in diabetic,
2_111488009_G_C,0,539,-0.02397513079952884,0.013180255889892578,-0.58996826,rs3747647,0.3496200302961,intron_variant,False,CLOSED in diabetic,
2_111119036_G_C,0,539,0.001647858982404663,0.016032695770263672,-0.6619072,rs72836346,0.8656935705125427,intron_variant,False,OPENED in diabetic,
2_105610167_C_T,0,539,-0.006272846781035301,0.0132598876953125,0.44169295,rs79812595,0.7015824579648242,intron_variant,False,CLOSED in diabetic,
22_48489475_G_A,0,539,-0.012984424442439885,0.002644777297973633,0.016938813,rs111614918,0.5626229463957373,upstream_gene_variant,False,CLOSED in diabetic,
22_48478498_C_T,0,539,-0.002871953047715224,-0.0032873153686523438,-0.24877495,rs13056230,0.2027013434602446,intron_variant,False,CLOSED in diabetic,
2_178828985_G_T,0,539,0.017285942367808498,0.01908707618713379,-0.72342026,rs2366912,0.5017254275586484,intron_variant,False,OPENED in diabetic,
2_178828611_G_A,0,539,0.0032139160637510507,-0.03374934196472168,0.7819256,rs7592323,0.4794432204643346,non_coding_transcript_exon_variant,False,OPENED in diabetic,
2_164962511_A_T,0,539,-0.003165522842548774,-0.010004997253417969,-0.50726056,rs72886118,0.5484784618220699,intron_variant,False,CLOSED in diabetic,
2_164949405_A_G,0,539,0.006082284428414255,0.0006337165832519531,-0.067658216,rs10930142,0.2710803107513092,intron_variant,False,OPENED in diabetic,
2_164751514_C_G,0,539,0.004176359229715945,0.010743856430053711,-0.531989,rs3769893,1.0,intron_variant,False,OPENED in diabetic,
2_160691306_G_A,0,539,7.704237617676687e-05,-0.0011196136474609375,-0.05077759,rs112689899,0.343697694050618,intron_variant,False,OPENED in diabetic,
2_160680109_T_C,0,539,-0.010883404726442468,-0.02939629554748535,0.73917776,rs76209259,0.3433476484928482,intron_variant,False,CLOSED in diabetic,
2_160230900_T_C,0,539,0.023298681114069384,0.020088672637939453,0.6116155,rs10181181,0.3915214708611623,upstream_gene_variant,False,OPENED in diabetic,
2_16001652_C_T,0,539,-0.022704480972714682,-0.07877230644226074,0.9255302,rs10174009,0.2090774336957979,intron_variant,False,CLOSED in diabetic,
2_157478404_T_G,0,539,0.010688383636757703,0.02389216423034668,-0.78842187,rs552690496,0.3065200885300464,upstream_gene_variant,False,OPENED in diabetic,
2_157462921_G_A,0,539,0.015878468586031712,-0.0004775524139404297,-0.084500186,rs115598683,0.2186987969281815,upstream_gene_variant,False,OPENED in diabetic,
2_157458327_C_T,0,539,0.014273378092636646,0.009738445281982422,-0.49457133,rs80000081,0.2871834855617496,upstream_gene_variant,False,OPENED in diabetic,
2_154905824_T_C,0,539,-0.011723436981937218,0.0007929801940917969,-0.13469982,rs114946170,0.3797995933206202,upstream_gene_variant,False,CLOSED in diabetic,
2_154872446_T_G,0,539,-8.664989294501536e-05,0.02301502227783203,-0.775255,rs56267341,0.5954494551815857,intron_variant,False,CLOSED in diabetic,
2_228062096_A_G,0,539,0.02091170595837878,0.024295568466186523,0.68051964,rs552046869,0.9976195363772709,intron_variant,False,OPENED in diabetic,
2_226123421_G_T,0,539,-0.020866734640938894,0.001871347427368164,-0.016938813,rs2140240,1.0,intron_variant,False,CLOSED in diabetic,
2_226123421_G_A,0,539,0.013883197904738956,0.0005731582641601562,-0.13469982,rs2140240,0.9999975090169828,intron_variant,False,OPENED in diabetic,
2_218835276_G_A,0,539,-0.0032752086589862774,-0.01575183868408203,-0.65228176,rs78058190,0.498555759678159,upstream_gene_variant,False,CLOSED in diabetic,
2_218001763_C_T,0,539,0.009934355465069773,0.015898704528808594,-0.6619072,rs76480788,0.712921027957914,intron_variant,False,OPENED in diabetic,
2_212284064_G_A,0,539,-0.01627390327170519,0.005875587463378906,0.16780221,rs17346615,0.948871325647004,intron_variant,False,CLOSED in diabetic,
11_2261503_A_C,0,539,0.013993335787573197,0.013933181762695312,0.45522588,rs11021988,0.3258406268779791,upstream_gene_variant,False,OPENED in diabetic,
11_2258868_A_G,0,539,-0.0015830082442189854,-0.008002758026123047,-0.44169295,rs11820059,0.3083128760766798,upstream_gene_variant,False,CLOSED in diabetic,
11_2174751_T_C,0,539,0.003955002397243521,0.0026340484619140625,-0.21673311,rs10743152,0.3295456981339787,non_coding_transcript_exon_variant,False,OPENED in diabetic,
11_2160108_G_A,0,539,0.0030589528340355583,0.02061319351196289,0.62210923,rs3842749,0.8587876108665552,intron_variant,False,OPENED in diabetic,
11_2143760_G_A,0,539,0.016918280571422684,-0.000209808349609375,-0.10129401,rs1124699,0.4070646834963384,intron_variant,False,OPENED in diabetic,MRPL23(-)
11_2143569_G_C,0,539,0.008682336789557576,0.01271677017211914,-0.57881373,rs4366464,0.2529260427617332,intron_variant,False,OPENED in diabetic,
11_2142702_A_T,0,539,0.001322894016754207,-0.004210472106933594,-0.29581574,rs7111447,0.2899025228591667,intron_variant,False,OPENED in diabetic,
11_1675619_C_T,0,539,-0.025833857966265562,-0.036285400390625,-0.879187,rs2334499,0.686985622947454,intron_variant,False,CLOSED in diabetic,
11_14555245_C_T,0,539,-0.023216737665802737,-0.07056999206542969,-0.9463574,rs75336838,0.3587679601031603,upstream_gene_variant,False,CLOSED in diabetic,PDE3B(-)
11_45370875_C_T,0,539,0.008684687357886602,0.01887226104736328,0.57881373,rs11038415,0.3110428117762602,intron_variant,False,OPENED in diabetic,
11_45369800_G_A,0,539,0.0023536885603018284,0.014821529388427734,0.48166767,rs12365508,0.2295295396623478,intron_variant,False,OPENED in diabetic,
11_45368968_G_A,0,539,-0.005487127958732987,-0.0010762214660644531,-0.15129343,rs7130052,0.2283054098391931,intron_variant,False,CLOSED in diabetic,
11_45367674_A_C,0,539,0.00025130025973346546,0.003872394561767578,0.067658216,rs11601710,0.2293666647715334,intron_variant,False,OPENED in diabetic,
11_43573044_T_C,0,539,-0.004191224340605161,0.00777435302734375,-0.427956,rs76308977,0.3070363049438296,intron_variant,False,CLOSED in diabetic,
11_43551655_G_A,0,539,0.016986375394690237,0.03392338752746582,-0.8671202,rs143423989,0.2767682670355032,upstream_gene_variant,False,OPENED in diabetic,
2_211400077_A_T,0,539,0.011128790082206089,0.005887746810913086,0.16780221,rs4673614,0.512426719966352,intron_variant,False,OPENED in diabetic,
2_211399917_T_C,0,539,0.02207621838033531,0.004521369934082031,0.10129401,rs4673613,0.2174477371021093,intron_variant,False,OPENED in diabetic,
2_204520731_A_G,0,539,-0.00814720783693671,0.016836881637573242,-0.68051964,rs7581907,0.488658298296207,upstream_gene_variant,False,CLOSED in diabetic,
2_204520615_A_G,0,539,-0.008722763556938667,-0.014874458312988281,0.48166767,rs7581786,0.229286540418258,upstream_gene_variant,False,CLOSED in diabetic,
2_204511186_C_A,0,539,0.03412439208304949,0.05124640464782715,-0.9205166,rs4482463,0.7619396272377353,upstream_gene_variant,False,OPENED in diabetic,
2_18541158_T_C,0,539,0.02336421924088572,0.0065839290618896484,0.20053048,rs4832605,0.4499594856340736,intron_variant,False,OPENED in diabetic,
2_182778935_G_A,0,539,0.014264331456681571,-0.0007843971252441406,-0.067658216,rs72898754,0.5266234580088773,3_prime_UTR_variant,False,OPENED in diabetic,
2_182071432_A_G,0,539,0.01191102241983219,-0.0008037090301513672,-0.13469982,rs79561173,0.9987802256590336,intron_variant,False,OPENED in diabetic,
2_58742862_G_C,0,539,-0.030719144888401915,-0.020490407943725586,-0.73917776,rs1641154,0.5613323456516514,intron_variant,False,CLOSED in diabetic,
2_58517772_G_A,0,539,-0.018252439091953142,-0.022392749786376953,-0.7684068,rs201880440,1.0,intron_variant,False,CLOSED in diabetic,
2_43520719_C_T,0,539,-0.014409133366176061,-0.01332402229309082,0.44169295,rs548604322,1.0,intron_variant,False,CLOSED in diabetic,
2_43395333_C_T,0,539,0.010182383330279689,0.019787311553955078,-0.7313966,rs10166376,0.267774249860442,intron_variant,False,OPENED in diabetic,
2_43253421_G_A,0,539,-0.006816262438036294,-0.02001333236694336,-0.73917776,rs62137407,0.307570044612692,intron_variant,False,CLOSED in diabetic,
2_422144_T_C,0,539,-0.012404137506998094,-0.007890701293945312,0.24877495,rs62107261,0.2968577140260349,non_coding_transcript_exon_variant,False,CLOSED in diabetic,
2_41734346_T_C,0,539,0.009976421526057822,0.0057370662689208984,0.15129343,rs7597618,0.5929354651133647,non_coding_transcript_exon_variant,False,OPENED in diabetic,
2_41734271_A_T,0,539,-0.007905377970113382,0.002679109573364258,0.016938813,rs7557058,0.2377796410290203,non_coding_transcript_exon_variant,False,CLOSED in diabetic,
2_408713_G_A,0,539,0.012461365043342887,0.007807731628417969,-0.427956,rs62106252,0.4161072979760833,intron_variant,False,OPENED in diabetic,
2_36927381_T_C,0,539,0.002246616943868945,-0.014189958572387695,-0.62210923,rs147888096,0.964547891248634,intron_variant,False,OPENED in diabetic,
2_26383479_T_A,0,539,-0.007151731975888056,-0.010167837142944336,-0.50726056,rs13030294,0.2300588872859437,intron_variant,False,CLOSED in diabetic,
2_25335405_C_T,0,539,0.007069751371479211,-0.0018253326416015625,-0.016938813,rs6728919,0.2548162336146963,intron_variant,False,OPENED in diabetic,
2_25328261_C_T,0,539,0.005063921268441902,-0.011451005935668945,0.37104118,rs17745484,0.5728722666991498,intron_variant,False,OPENED in diabetic,
2_238979079_G_A,0,539,-0.0018945775359371377,0.002471446990966797,-0.21673311,rs62191117,0.5299042473551421,upstream_gene_variant,False,CLOSED in diabetic,
2_233211879_C_T,0,539,-0.01862042998559842,-0.0455169677734375,0.8444979,rs78025893,0.3728702973069125,upstream_gene_variant,False,CLOSED in diabetic,
2_233206983_C_T,0,539,0.0005258735345334423,-0.004000186920166016,0.084500186,rs1057258,0.2257168320907655,3_prime_UTR_variant,False,OPENED in diabetic,
3_12288284_C_T,0,539,-0.004942601156146274,-0.0027184486389160156,0.016938813,rs17036160,0.4096691069926516,upstream_gene_variant,False,CLOSED in diabetic,
3_113581504_T_G,0,539,0.005032434091939555,-0.021126747131347656,-0.7541656,rs9863703,0.2243353466245354,intron_variant,False,OPENED in diabetic,
3_113569583_G_A,0,539,-0.043921453833358846,-0.016807079315185547,-0.68051964,rs11929640,0.2138397484380372,intron_variant,False,CLOSED in diabetic,
2_65057097_A_T,0,539,-0.018069008064623887,-0.043979644775390625,0.839569,rs2540949,0.3356159048117916,intron_variant,False,CLOSED in diabetic,
2_62562280_G_C,0,539,0.015409439525710408,-0.005919933319091797,0.16780221,rs720194,0.250054863911364,intron_variant,False,OPENED in diabetic,
2_62562143_T_C,0,539,-0.007413166131070903,-0.023317813873291016,0.6619072,rs720193,0.241986794672436,intron_variant,False,CLOSED in diabetic,
2_60359572_C_G,0,539,-0.012051683188811746,-0.008456230163574219,-0.45522588,rs243018,0.92322311424809,intron_variant,False,CLOSED in diabetic,
2_60356530_G_A,0,539,-0.0101976085018802,-0.020486831665039062,-0.73917776,rs243024,0.3426563212932184,intron_variant,False,CLOSED in diabetic,
2_60255359_A_G,0,539,0.007607544065627627,-0.008644819259643555,-0.45522588,rs144303604,0.9999806233358346,intron_variant,False,OPENED in diabetic,
2_60061515_A_T,0,539,0.00352790625506739,-0.006472349166870117,0.18421741,rs193067316,0.847458092066787,intron_variant,False,OPENED in diabetic,
2_59846186_C_A,0,539,0.020839416029723102,0.01673412322998047,-0.68051964,rs10084393,0.3051988356983498,intron_variant,False,OPENED in diabetic,
2_58912372_T_C,0,539,-0.03117334953265641,-0.023856163024902344,0.67131925,rs17049820,0.265206694273352,intron_variant,False,CLOSED in diabetic,
2_58903557_A_G,0,539,-0.01665785582476954,0.0015287399291992188,-0.16780221,rs13025584,0.387376895489128,intron_variant,False,CLOSED in diabetic,
2_58902806_G_A,0,539,0.018101747933920328,-0.01679229736328125,0.531989,rs10490098,0.264693122636195,intron_variant,False,OPENED in diabetic,
3_173354794_C_T,0,539,0.012976375714303833,0.004959583282470703,-0.32641342,rs1187820,0.3731117347833886,upstream_gene_variant,False,OPENED in diabetic,
3_172042637_T_C,0,539,0.0021548501193412823,-0.005202770233154297,-0.32641342,rs1499813,0.6554025530958734,intron_variant,False,OPENED in diabetic,
3_150348753_T_A,0,539,0.035425176425855985,0.20596981048583984,0.98214126,rs62271373,0.9813624026506804,intron_variant,False,OPENED in diabetic,TSC22D2(-)
3_14857841_A_G,0,539,-0.0158215958023779,-0.020129680633544922,0.6116155,rs112002857,0.9540879578211332,intron_variant,False,CLOSED in diabetic,
3_14852340_A_G,0,539,-0.024259068306832676,-0.02346038818359375,0.6619072,rs1687319,0.2612492522439795,intron_variant,False,CLOSED in diabetic,
3_14848233_C_A,0,539,0.01957668665388741,-0.0005049705505371094,-0.084500186,rs1687294,0.2623064516098137,intron_variant,False,OPENED in diabetic,
3_136402758_A_C,0,539,0.0013092815986590837,0.011356830596923828,0.37104118,rs28478252,0.4227505340785401,intron_variant,False,OPENED in diabetic,
3_135514150_G_T,0,539,0.000581091985189406,-0.004548549652099609,-0.31119522,rs114876297,0.2622560749368696,upstream_gene_variant,False,OPENED in diabetic,
3_129609696_A_G,0,539,-0.009666830356576669,-0.04787492752075195,0.8539419,rs56184290,0.2253128579074361,upstream_gene_variant,False,CLOSED in diabetic,
3_129265010_A_G,0,539,0.006058733626951313,0.008542776107788086,-0.45522588,rs7428883,0.2723996956492095,intron_variant,False,OPENED in diabetic,
3_125203076_G_A,0,539,0.0037786044968302485,0.019782066345214844,0.600902,rs12497133,0.2127450897607165,intron_variant,False,OPENED in diabetic,
3_125202613_C_T,0,539,-0.006533277720378812,0.026595115661621094,0.7068712,rs9873519,0.4793077774055671,intron_variant,False,CLOSED in diabetic,
3_12448358_G_A,0,539,0.023183395336200664,0.01951766014099121,0.58996826,rs147070788,0.9216364840874852,upstream_gene_variant,False,OPENED in diabetic,
3_123346931_A_G,0,539,0.013622348516460695,0.047702789306640625,-0.9151803,rs11708067,0.8015846349566123,intron_variant,False,OPENED in diabetic,
3_22429421_C_G,0,539,0.0028949314676543114,-0.013579368591308594,0.44169295,rs62248858,0.432047885553895,upstream_gene_variant,False,OPENED in diabetic,
3_188024054_A_G,0,539,0.02510535871827757,0.022428512573242188,0.65228176,rs6777684,0.5452539888991464,upstream_gene_variant,False,OPENED in diabetic,
3_188023111_T_C,0,539,0.016727758913624043,0.0371851921081543,0.8068961,rs4686471,0.316562688290026,upstream_gene_variant,False,OPENED in diabetic,
3_188022735_T_C,0,539,-0.0004729092231708024,-0.04063749313354492,-0.89368504,rs6808574,0.257585982787765,upstream_gene_variant,False,CLOSED in diabetic,
3_186951426_A_G,0,539,0.0037116385125494623,-0.0009489059448242188,-0.15129343,rs12632862,0.5516919901115069,intron_variant,False,OPENED in diabetic,HRG(-)
3_186948549_G_C,0,539,0.0413917300873652,0.017611980438232422,0.5558421,rs112823071,0.2047282825359116,intron_variant,False,OPENED in diabetic,
3_186947857_C_T,0,539,-0.016691934199855145,-0.04067659378051758,-0.89368504,rs3887925,0.877228519411131,intron_variant,False,CLOSED in diabetic,
3_186108951_T_G,0,539,-0.0377261766918515,-0.04773998260498047,-0.9151803,rs869400,0.2084761414841979,5_prime_UTR_variant,False,CLOSED in diabetic,ETV5(-)
3_184989888_C_T,0,539,0.005195556633547639,0.0046443939208984375,0.10129401,rs62289477,0.9995259281571284,intron_variant,False,OPENED in diabetic,
3_184279947_A_G,0,539,0.0016526397393674267,0.010582923889160156,-0.51973367,rs865809,0.2743993341741376,intron_variant,False,OPENED in diabetic,
3_184278425_C_T,0,539,-0.05731406238393129,-0.028584003448486328,0.7313966,rs843372,0.4300082060695715,intron_variant,False,CLOSED in diabetic,
3_184276748_A_G,0,539,-0.0024674907464928,0.01393270492553711,-0.6116155,rs843371,0.2920582053276784,intron_variant,False,CLOSED in diabetic,
3_182590822_A_T,0,539,-0.0028570658200747006,-0.02291250228881836,0.6619072,rs60891350,0.9287439604945388,intron_variant,False,CLOSED in diabetic,
3_178390092_G_C,0,539,0.012387934774989763,0.007151365280151367,-0.39988402,rs282871,0.9990901654880416,upstream_gene_variant,False,OPENED in diabetic,
3_173377333_A_G,0,539,0.009262169004592471,-0.005445957183837891,-0.34146425,rs39654,0.2850212350651494,intron_variant,False,OPENED in diabetic,
3_48172008_A_T,0,539,0.0026712417602539062,-0.001046895980834961,-0.05077759,rs3731529,0.9909235781438944,intron_variant,False,OPENED in diabetic,
3_47083271_T_A,0,539,-0.004817649473285852,0.0004687309265136719,-0.084500186,rs35053471,0.430690530218255,intron_variant,False,CLOSED in diabetic,
3_44873476_G_A,0,539,0.004963529795574124,-0.00965261459350586,0.31119522,rs57000741,0.477576045184828,upstream_gene_variant,False,OPENED in diabetic,
3_36854779_C_T,0,539,0.027587998554746383,0.01683974266052246,-0.68051964,rs4327336,0.3795850477343788,intron_variant,False,OPENED in diabetic,
3_36851226_T_C,0,539,-0.0024541764622053102,0.005609035491943359,-0.34146425,rs4441609,0.2675299001782602,intron_variant,False,CLOSED in diabetic,
3_36848130_T_C,0,539,-0.02257116208049937,-0.019823789596557617,0.600902,rs9985296,0.2528066613233885,intron_variant,False,CLOSED in diabetic,
3_36659290_C_T,0,539,-0.006879018277538066,0.0032796859741210938,0.05077759,rs114653015,0.9138738113614532,upstream_gene_variant,False,CLOSED in diabetic,
3_25070539_C_A,0,539,0.0015906332153999738,-0.005255460739135742,-0.32641342,rs199779326,0.9996027280054988,upstream_gene_variant,False,OPENED in diabetic,
3_25070399_C_A,0,539,-0.03139804510990631,-0.0061626434326171875,-0.37104118,rs6791983,0.2615698728769738,upstream_gene_variant,False,CLOSED in diabetic,
3_24270963_C_G,0,539,0.017279379000690296,0.009275436401367188,0.29581574,rs75577395,0.2611810658052103,intron_variant,False,OPENED in diabetic,
3_23415589_T_C,0,539,-0.018583716178426937,-0.0064945220947265625,0.18421741,rs13094957,0.3760546190055704,intron_variant,False,CLOSED in diabetic,
3_23414091_T_C,0,539,-0.01829732725040811,-0.01202845573425293,0.39988402,rs35352848,0.3748376237897699,intron_variant,False,CLOSED in diabetic,
3_23413299_A_G,0,539,-0.029910920059968458,-0.02518939971923828,0.68951035,rs1496653,0.2490817851824989,intron_variant,False,CLOSED in diabetic,
3_22644972_G_A,0,539,0.015949051986156457,0.007679462432861328,-0.427956,rs115222685,0.8477574754309085,upstream_gene_variant,False,OPENED in diabetic,
3_64729479_C_T,0,539,-0.009426742405086369,-0.0055201053619384766,-0.34146425,rs62247658,0.327733976253387,intron_variant,False,CLOSED in diabetic,
3_64707424_T_G,0,539,0.013291219169885638,0.024416446685791016,0.68051964,rs9828674,0.3676833009841332,intron_variant,False,OPENED in diabetic,
3_64706516_G_A,0,539,-0.020404204366821967,-0.004610538482666016,-0.31119522,rs12638892,0.2008018432341781,intron_variant,False,CLOSED in diabetic,
3_62474144_A_C,0,539,-0.03631285347168875,-0.02360701560974121,0.67131925,rs76824303,0.9239993412113808,intron_variant,False,CLOSED in diabetic,
11_114273606_C_T,0,539,0.00035541265484132216,-0.014054059982299805,-0.6116155,rs139691622,0.3264879890654065,intron_variant,False,OPENED in diabetic,
11_114271040_G_A,0,539,-0.01529141127067948,-0.0007731914520263672,-0.13469982,rs145569095,0.2211760739402339,intron_variant,False,CLOSED in diabetic,
11_114269169_C_T,0,539,-0.016149877396054526,-0.03005671501159668,-0.8444979,rs116542727,0.2197120220044171,intron_variant,False,CLOSED in diabetic,
11_113675334_A_T,0,539,0.00614818084660178,0.05139446258544922,-0.9205166,rs118074267,0.8158831788589238,upstream_gene_variant,False,OPENED in diabetic,
11_104779558_T_C,0,539,-0.01607006954129419,0.0005180835723876953,-0.13469982,rs148424393,0.6057620975648941,upstream_gene_variant,False,CLOSED in diabetic,
11_104038224_G_A,0,539,-0.015857891160614635,0.014529228210449219,0.4685517,rs118011484,0.8792631664197128,3_prime_UTR_variant,False,CLOSED in diabetic,
10_92711838_C_T,0,539,0.013374836413891285,0.08371829986572266,-0.9574425,rs4933736,0.2360716647847538,upstream_gene_variant,False,OPENED in diabetic,
10_92710758_T_C,0,539,-0.008015545047059352,-0.0070171356201171875,0.21673311,rs10882104,0.3159958329474679,upstream_gene_variant,False,CLOSED in diabetic,
10_92709177_G_A,0,539,-0.0034295738517463982,-0.009801626205444336,0.32641342,rs11187143,0.2214471239409815,upstream_gene_variant,False,CLOSED in diabetic,
11_2708707_C_T,0,539,-0.0011747489391319827,-0.0076122283935546875,0.2328172,rs7103496,0.552605340139268,intron_variant,False,CLOSED in diabetic,
11_2557933_A_G,0,539,-0.0071983549723156305,-0.00313568115234375,0.03386791,rs2283164,0.9999992837853292,intron_variant,False,CLOSED in diabetic,
11_2486909_T_C,0,539,0.015188057037806466,0.011194705963134766,0.37104118,rs2188956,0.2308285303492655,intron_variant,False,OPENED in diabetic,PHLDA2(-);CDKN1C(-)
11_2261640_A_G,0,539,0.002691834225061873,0.005324363708496094,0.13469982,rs11821527,0.3134241799472647,upstream_gene_variant,False,OPENED in diabetic,
3_62091166_A_G,0,539,-0.017100919819055108,-0.01262354850769043,0.41401842,rs79317000,0.9906147023649656,intron_variant,False,CLOSED in diabetic,
3_61258684_A_G,0,539,0.02077104076604896,0.014432430267333984,0.4685517,rs55789544,0.4040914822836665,intron_variant,False,OPENED in diabetic,
3_61232096_A_C,0,539,0.00993437758182108,0.018830299377441406,0.57881373,rs13099397,0.2359466580301853,intron_variant,False,OPENED in diabetic,
3_60241664_G_T,0,539,-0.019396973010118022,-0.004776716232299805,-0.31119522,rs1496651,0.9786250101115782,intron_variant,False,CLOSED in diabetic,
3_53799482_A_G,0,539,0.004648823463850428,0.007681846618652344,-0.427956,rs3796349,0.7288509685092458,intron_variant,False,OPENED in diabetic,
3_52815862_T_G,0,539,-0.037965717032579414,-0.0893702507019043,0.9367681,rs2008680,0.7951195911647312,intron_variant,False,CLOSED in diabetic,
3_52082220_G_C,0,539,-0.04003353950486334,-0.10994720458984375,0.9529964,rs11707129,0.9988848730514468,intron_variant,False,CLOSED in diabetic,
3_49893910_A_T,0,539,0.056128799141227426,0.05430340766906738,0.8752832,rs9815930,0.2990615938058461,intron_variant,False,OPENED in diabetic,
3_48193002_G_A,0,539,-0.01492327440647557,-0.04420328140258789,-0.9065298,rs9844505,0.9615364543252232,upstream_gene_variant,False,CLOSED in diabetic,
4_1266178_A_T,0,539,-0.0006100215805704828,-0.00159454345703125,-0.03386791,rs4974576,0.6741292704112513,intron_variant,False,CLOSED in diabetic,
4_105145663_C_G,0,539,0.017887602931714455,0.0593714714050293,0.8902224,rs11729069,0.203494591691428,intron_variant,False,OPENED in diabetic,
4_1003210_G_T,0,539,0.032360918225516636,0.013075828552246094,0.427956,rs113289555,0.9772928706189716,intron_variant,False,OPENED in diabetic,IDUA(-)
3_9473172_G_A,0,539,-0.010262626442705767,-0.006532192230224609,-0.3855568,rs3915844,0.2050010373692753,intron_variant,False,CLOSED in diabetic,
3_94257367_A_G,0,539,0.016215097926322072,0.0006608963012695312,-0.067658216,rs10935412,0.4662450834638417,upstream_gene_variant,False,OPENED in diabetic,
3_93927137_A_C,0,539,0.013304049539654507,-0.01579427719116211,-0.65228176,rs61519199,0.7952313325893661,intron_variant,False,OPENED in diabetic,
3_86490173_T_A,0,539,0.0013678724115545099,0.002691507339477539,0.016938813,rs77574010,0.960247960668983,intron_variant,False,OPENED in diabetic,
3_86448702_G_A,0,539,-0.02761342308738015,-0.03743600845336914,-0.8829762,rs62264007,0.4010595746526108,upstream_gene_variant,False,CLOSED in diabetic,
3_72744926_G_C,0,539,0.04616254070473071,0.04169821739196777,0.8292812,rs114088367,0.9975571176810076,non_coding_transcript_exon_variant,False,OPENED in diabetic,
3_72744561_C_T,0,539,-0.027491252807164235,-0.06832695007324219,0.9095027,rs13080180,0.9659932943248528,splice_region_variant,False,CLOSED in diabetic,
3_71594145_G_A,0,539,0.01612103272899847,0.010725259780883789,-0.51973367,rs11709906,0.2789833972899799,intron_variant,False,OPENED in diabetic,
3_65763301_A_T,0,539,-0.001124020188991568,0.013278484344482422,-0.600902,rs114338786,0.5451499752139659,intron_variant,False,CLOSED in diabetic,
3_65757026_A_G,0,539,-0.010849181265468279,-0.02426743507385254,0.68051964,rs116688980,0.374632006170199,intron_variant,False,CLOSED in diabetic,
4_24025010_A_G,0,539,0.016967197517295935,0.0037305355072021484,0.067658216,rs13118156,0.2352938320761662,upstream_gene_variant,False,OPENED in diabetic,
4_2338429_G_C,0,539,0.0018840101521621167,-0.020685195922851562,0.62210923,rs73203397,0.6619521495452405,intron_variant,False,OPENED in diabetic,
4_2333537_T_C,0,539,-0.014821770018681967,-0.029631614685058594,0.74676645,rs73203395,0.3185202538501236,intron_variant,False,CLOSED in diabetic,
4_184804262_A_G,0,539,-0.0027381705883924947,-0.021268367767333984,0.63238406,rs6552828,0.417925544465493,intron_variant,False,CLOSED in diabetic,
4_18010241_C_T,0,539,-0.011890592734313851,-0.020154237747192383,-0.73917776,rs11936089,1.0,intron_variant,False,CLOSED in diabetic,
4_1782878_G_C,0,539,0.014053422577527105,0.046355247497558594,-0.9095027,rs6831006,0.4122095509823023,upstream_gene_variant,False,OPENED in diabetic,
4_1782676_C_T,0,539,-0.011550795390566117,-0.03711223602294922,0.8068961,rs56337234,0.5604581859111751,upstream_gene_variant,False,CLOSED in diabetic,
4_1782484_C_G,0,539,-0.07338709468523072,-0.17461538314819336,0.9766461,rs35503308,0.230586000619416,upstream_gene_variant,False,CLOSED in diabetic,
4_16886601_T_C,0,539,-0.012935146551185283,-0.004753589630126953,0.11803031,rs16894159,0.2059904262992527,intron_variant,False,CLOSED in diabetic,
4_16886074_T_C,0,539,-0.016606896175745466,-0.0011184215545654297,-0.05077759,rs4698162,0.3006334492828512,intron_variant,False,CLOSED in diabetic,
4_158228727_G_T,0,539,-0.0019495243928870376,0.010562419891357422,0.34146425,rs13150817,0.3132524730755577,intron_variant,False,CLOSED in diabetic,
4_152597821_A_G,0,539,-0.006085363964866398,-0.010784149169921875,0.356342,rs4696137,0.2014923108689376,upstream_gene_variant,False,CLOSED in diabetic,
4_142565392_A_G,0,539,-0.01173419899312375,-0.015340328216552734,0.49457133,rs6811884,0.994249776661511,intron_variant,False,CLOSED in diabetic,
4_139937563_T_C,0,539,-0.02434086224586048,-0.08063721656799316,0.9255302,rs769668,0.420671054808589,intron_variant,False,CLOSED in diabetic,
4_95224045_T_G,0,539,0.0011483725015219155,0.0077457427978515625,0.2328172,rs7661876,0.304706540458632,intron_variant,False,OPENED in diabetic,
4_93615922_C_G,0,539,-0.0009098897838415596,0.0009124279022216797,-0.067658216,rs75392378,0.3143999681832066,intron_variant,False,CLOSED in diabetic,
4_93615701_C_G,0,539,0.0034465480160403563,-0.011981010437011719,-0.5674383,rs17356371,0.2230367858212625,intron_variant,False,OPENED in diabetic,
4_82676564_C_T,0,539,0.017333446495608185,0.03014230728149414,-0.8444979,rs139818301,0.9567620899048224,intron_variant,False,OPENED in diabetic,
4_76206873_A_G,0,539,0.026772114252999895,-0.024770736694335938,-0.79474694,rs12508223,0.414271193509843,intron_variant,False,OPENED in diabetic,SCARB2(+)
4_6302515_T_C,0,539,-0.0036852718063099706,-0.004003047943115234,-0.28028134,rs1046317,0.421039747775429,3_prime_UTR_variant,False,CLOSED in diabetic,WFS1(-)
4_6302360_A_G,0,539,0.006940343605565229,-0.0012240409851074219,-0.16780221,rs1046316,0.423008699277943,synonymous_variant,False,OPENED in diabetic,
4_6301295_C_T,0,539,0.000594041785415338,0.021981239318847656,0.64244115,rs1801214,0.2879157254514924,synonymous_variant,False,OPENED in diabetic,S100P(-)
4_6298187_A_G,0,539,0.005676427002519314,0.004912853240966797,0.11803031,rs4234731,0.5475101392017944,intron_variant,False,OPENED in diabetic,S100P(+)
4_4988571_A_G,0,539,-0.026057663565442823,-0.00711369514465332,0.21673311,rs4450871,0.960908942029166,intron_variant,False,CLOSED in diabetic,
4_48878610_C_G,0,539,-0.009797639439853534,-0.009025096893310547,0.29581574,rs62310934,0.511060627844801,upstream_gene_variant,False,CLOSED in diabetic,
4_45180510_A_G,0,539,0.00450383135029469,-0.012622594833374023,-0.57881373,rs10938397,0.210114077822025,upstream_gene_variant,False,OPENED in diabetic,
4_37128034_A_C,0,539,0.034920680943136974,0.01470184326171875,0.48166767,rs6815894,0.4637661113056546,intron_variant,False,OPENED in diabetic,
4_37124402_G_T,0,539,0.03697853760728146,0.040937185287475586,0.82391596,rs192382318,0.495334325570774,intron_variant,False,OPENED in diabetic,
4_24025208_T_C,0,539,0.007470901468025731,0.008076906204223633,0.24877495,rs13150929,0.253957541127437,upstream_gene_variant,False,OPENED in diabetic,
5_14567918_C_T,0,539,0.007040951822595827,-0.0069942474365234375,0.21673311,rs182906028,0.2324789054042194,intron_variant,False,OPENED in diabetic,
5_14566096_G_C,0,539,-0.007853609732661486,-0.00485992431640625,0.11803031,rs189204683,0.7675210945957757,intron_variant,False,CLOSED in diabetic,
5_134551620_A_G,0,539,-0.008793591125997851,-0.009592533111572266,0.31119522,rs2589408,0.502628610996786,intron_variant,False,CLOSED in diabetic,
5_106221105_A_C,0,539,-0.043093417703773625,-0.0029447078704833984,0.03386791,rs5028078,0.9798589433329804,upstream_gene_variant,False,CLOSED in diabetic,
5_103346444_A_G,0,539,0.02898396720249268,0.01482248306274414,0.48166767,rs76160968,0.5408346684451206,upstream_gene_variant,False,OPENED in diabetic,
5_102534436_G_A,0,539,0.004770923412797181,0.010243892669677734,0.34146425,rs145762933,0.2547076218425403,intron_variant,False,OPENED in diabetic,
5_102117154_G_A,0,539,-0.02435919526335481,-0.02698993682861328,-0.8183989,rs1392103,1.0,upstream_gene_variant,False,CLOSED in diabetic,
5_101915286_A_G,0,539,0.02178927653353378,0.00013327598571777344,-0.10129401,rs77372998,0.9998526441420976,upstream_gene_variant,False,OPENED in diabetic,
5_101677950_T_C,0,539,0.0281988694185671,0.010999202728271484,0.356342,rs7700995,0.5088567913551897,upstream_gene_variant,False,OPENED in diabetic,
5_101667906_C_T,0,539,-0.012443114300163425,0.018190383911132812,0.5674383,rs78715739,0.4889190159806397,upstream_gene_variant,False,CLOSED in diabetic,
5_101194076_T_G,0,539,0.03172342808215649,0.022518634796142578,0.65228176,rs115087983,1.0,upstream_gene_variant,False,OPENED in diabetic,
5_100959349_T_C,0,539,0.03632435374003395,0.01659083366394043,0.531989,rs148449195,1.0,upstream_gene_variant,False,OPENED in diabetic,
4_95431216_C_T,0,539,-0.006278598905715518,0.0034699440002441406,0.05077759,rs149408363,0.358515981971827,intron_variant,False,CLOSED in diabetic,
4_95228195_A_C,0,539,0.006765887555916809,0.00831460952758789,0.26459876,rs12513212,0.240725010235726,intron_variant,False,OPENED in diabetic,
5_52173212_G_A,0,539,0.017391525969213367,-0.011815071105957031,0.3855568,rs11750542,0.863843350318758,upstream_gene_variant,False,OPENED in diabetic,
5_51323470_A_T,0,539,0.008707227866149789,0.011856317520141602,-0.5558421,rs74744479,0.3237609372831963,upstream_gene_variant,False,OPENED in diabetic,
5_51323469_C_T,0,539,0.03180145819244668,0.020317554473876953,-0.73917776,rs77973704,0.3272287130341164,upstream_gene_variant,False,OPENED in diabetic,
5_51299551_T_C,0,539,-0.007504739212857107,0.007763862609863281,-0.427956,rs79303471,0.3131426713854642,upstream_gene_variant,False,CLOSED in diabetic,
5_50771105_A_C,0,539,0.0090009728256537,0.006026268005371094,0.16780221,rs154139,0.5716914745384427,intron_variant,False,OPENED in diabetic,
5_46207054_C_T,0,539,-0.005872208023779025,0.0031707286834716797,-0.24877495,rs11748834,0.9820576793468884,downstream_gene_variant,False,CLOSED in diabetic,
5_43032299_A_T,0,539,0.008463323890388785,0.0037832260131835938,0.067658216,rs372633538,0.327380798680415,intron_variant,False,OPENED in diabetic,
5_43032275_A_T,0,539,0.0068123137132577415,0.0034859180450439453,0.05077759,rs545300571,0.3273363202864352,intron_variant,False,OPENED in diabetic,
5_174092957_G_A,0,539,-0.014375633565304673,-0.012183904647827148,-0.5674383,rs146906321,0.480744325955789,intron_variant,False,CLOSED in diabetic,
5_154111218_G_C,0,539,0.0072986013592948274,0.020595550537109375,0.6116155,rs11948898,0.7002746520157155,upstream_gene_variant,False,OPENED in diabetic,
5_154096161_A_T,0,539,-0.0052857142432501236,0.0010151863098144531,-0.05077759,rs890799,0.2387507562043037,upstream_gene_variant,False,CLOSED in diabetic,
5_14799652_C_T,0,539,0.01879184188559679,0.011714935302734375,-0.5558421,rs258221,0.2079993435669546,intron_variant,False,OPENED in diabetic,
5_14767806_T_C,0,539,-0.019670121966133755,0.010206222534179688,-0.50726056,rs4701619,0.2896428062702266,intron_variant,False,CLOSED in diabetic,
5_14606053_A_G,0,539,-0.012572349555417204,-0.00755763053894043,0.2328172,rs145302972,1.0,intron_variant,False,CLOSED in diabetic,
6_107101035_G_C,0,539,0.018996620885958698,0.009612083435058594,-0.49457133,rs2783019,0.21627935814772,intron_variant,False,OPENED in diabetic,
6_106847291_C_T,0,539,0.0008501254561217242,0.02383279800415039,0.67131925,rs1554216927,0.517292228096409,upstream_gene_variant,False,OPENED in diabetic,
6_106592520_C_A,0,539,-0.00724538668630738,-0.02958202362060547,-0.839569,rs1215978370,0.395916230574852,intron_variant,False,CLOSED in diabetic,
5_94862573_G_A,0,539,-0.03571550655895792,-0.031519174575805664,-0.8539419,rs149237,0.92825938573805,intron_variant,False,CLOSED in diabetic,
5_88768123_G_A,0,539,-0.009064811501299517,0.0010616779327392578,-0.05077759,rs16903340,0.6642010149477914,intron_variant,False,CLOSED in diabetic,
5_77131486_G_A,0,539,0.006954064838076788,0.021934986114501953,-0.76137805,rs6878122,0.8538802260161228,intron_variant,False,OPENED in diabetic,
5_75714177_T_C,0,539,-0.03450537524108321,-0.009075641632080078,0.29581574,rs6864091,0.2258248026573777,intron_variant,False,CLOSED in diabetic,
5_66096346_T_G,0,539,0.0005969965833901032,0.010274410247802734,0.34146425,rs189760333,0.7266577029808636,upstream_gene_variant,False,OPENED in diabetic,
5_66007564_T_G,0,539,-0.029750282556537354,-0.0042726993560791016,-0.29581574,rs537292797,0.2484298925215611,intron_variant,False,CLOSED in diabetic,
5_56565637_C_T,0,539,-0.010062502576159192,-0.02552509307861328,-0.8068961,rs28650790,0.235310102603806,intron_variant,False,CLOSED in diabetic,
5_56509812_C_T,0,539,-0.0015265530248298716,-0.005069732666015625,-0.32641342,rs467022,0.2068448335174278,intron_variant,False,CLOSED in diabetic,
5_54172118_T_C,0,539,-0.005632043105994173,-0.037872314453125,-0.8829762,rs35105742,0.2811583870869263,intron_variant,False,CLOSED in diabetic,
5_53987800_T_A,0,539,-0.00519255052470984,-0.002336740493774414,-0.21673311,rs1694068,0.8969310901462971,intron_variant,False,CLOSED in diabetic,
6_160205517_G_A,0,539,-0.024044192567163586,0.0068666934967041016,0.20053048,rs78829656,0.4322368165386472,intron_variant,False,CLOSED in diabetic,
6_153050048_A_G,0,539,0.025474128121568896,0.009685039520263672,0.31119522,rs9479488,0.9875781070115234,intron_variant,False,OPENED in diabetic,
6_142777228_G_A,0,539,0.007216165149809036,-0.016777992248535156,0.531989,rs12527211,0.684338736755838,intron_variant,False,OPENED in diabetic,
6_142748178_T_C,0,539,0.014962983706444225,0.018835783004760742,0.57881373,rs197482,0.3547209825102751,upstream_gene_variant,False,OPENED in diabetic,
6_137293409_C_T,0,539,-0.0038151298692805868,0.003303050994873047,0.05077759,rs72979680,0.2337436595354752,upstream_gene_variant,False,CLOSED in diabetic,
6_136984329_C_A,0,539,-0.0034727749444115803,0.008130073547363281,-0.44169295,rs6917952,0.3590110450680855,intron_variant,False,CLOSED in diabetic,
6_127077233_A_G,0,539,-0.013655702346773449,-0.0020182132720947266,-0.016938813,rs7754405,1.0,intron_variant,False,CLOSED in diabetic,
6_126747838_T_C,0,539,-0.009809130419163183,-0.007406949996948242,0.2328172,rs853974,0.366141120772557,intron_variant,False,CLOSED in diabetic,
6_126643364_A_G,0,539,0.027428377537205402,0.010979175567626953,0.356342,rs4273712,0.9825529767919096,intron_variant,False,OPENED in diabetic,
6_126470949_A_G,0,539,0.01030852224035033,0.016296863555908203,0.51973367,rs11759026,0.999999999999986,intron_variant,False,OPENED in diabetic,
6_116082954_G_C,0,539,0.012958306328485096,0.02166461944580078,0.63238406,rs553253710,0.99926146789542,intron_variant,False,OPENED in diabetic,
6_114479311_C_T,0,539,-0.016074595513281883,0.008156776428222656,0.24877495,rs541565767,0.792748117003685,intron_variant,False,CLOSED in diabetic,
6_113825487_C_T,0,539,0.008256131952459162,-0.0020835399627685547,-3.4944492e-11,rs114279849,0.999968332465795,intron_variant,False,OPENED in diabetic,
6_113095867_A_G,0,539,0.010338466552281425,0.01595926284790039,0.50726056,rs1472650859,0.999999798184082,upstream_gene_variant,False,OPENED in diabetic,
6_107112196_A_T,0,539,0.0077370287978361625,0.009701728820800781,-0.49457133,rs1665901,0.224857035020201,intron_variant,False,OPENED in diabetic,
6_107102320_A_T,0,539,-0.005347631415542291,-0.016869068145751953,0.531989,rs1665908,0.31296747086419,intron_variant,False,CLOSED in diabetic,
6_43789345_T_A,0,539,-0.003846628546493615,-0.00946950912475586,-0.48166767,rs4711750,0.7189334679186095,upstream_gene_variant,False,CLOSED in diabetic,
6_43770093_A_G,0,539,-0.024115479279979927,-0.025829315185546875,-0.8068961,rs1570360,0.9950827792018256,upstream_gene_variant,False,CLOSED in diabetic,VEGFA(+)
6_40415794_C_T,0,539,-0.012033007804007168,-0.012665748596191406,-0.57881373,rs62395884,0.8125684170433753,intron_variant,False,CLOSED in diabetic,
6_39381754_G_A,0,539,-0.01586004267818189,-0.020695209503173828,-0.74676645,rs721755,0.9442116087389342,intron_variant,False,CLOSED in diabetic,
6_39313680_A_C,0,539,-0.003328951479994963,-0.007047176361083984,-0.39988402,rs34179517,0.501219657011712,intron_variant,False,CLOSED in diabetic,
6_39057183_A_G,0,539,0.013719326932266603,0.008509159088134766,0.26459876,rs10305442,0.3201856622401042,intron_variant,False,OPENED in diabetic,
6_37400586_C_T,0,539,0.006977689067154072,0.01993703842163086,-0.7313966,rs11755329,0.7368558206990363,upstream_gene_variant,False,OPENED in diabetic,
6_20703721_A_G,0,539,0.019749778099980117,-0.013859033584594727,-0.6116155,rs6931514,0.3395720816727,intron_variant,False,OPENED in diabetic,
6_20673649_T_C,0,539,0.005670234312153039,-0.06308150291442871,-0.93881017,rs7451008,0.213753708930711,intron_variant,False,OPENED in diabetic,
6_20651475_A_G,0,539,0.0269925306812067,0.10892534255981445,0.9529964,rs78153724,1.0,intron_variant,False,OPENED in diabetic,
6_20641832_G_A,0,539,0.021982951155398906,0.013292074203491211,-0.600902,rs577649522,0.9999610047602836,intron_variant,False,OPENED in diabetic,
6_19726327_A_C,0,539,-0.0078573819657646,-0.03018021583557129,0.74676645,rs10456002,0.2236488873796528,intron_variant,False,CLOSED in diabetic,
6_163705201_C_A,0,539,-0.0031809966064339887,-0.026728153228759766,0.71524596,rs73013411,0.2127461530485676,intron_variant,False,CLOSED in diabetic,
6_162577634_T_A,0,539,-0.010077025319738158,0.0012264251708984375,-0.16780221,rs539054801,0.9937476907308508,intron_variant,False,CLOSED in diabetic,
6_160513793_C_T,0,539,-0.004240877331961949,-0.00941610336303711,-0.48166767,rs3127570,0.291728401972785,upstream_gene_variant,False,CLOSED in diabetic,LPA(-)
7_102453272_C_T,0,539,0.0033665004156958416,0.011775493621826172,0.3855568,rs117223012,0.320555811205595,3_prime_UTR_variant,False,OPENED in diabetic,
7_102335749_G_A,0,539,-0.0010020445361871666,0.023171424865722656,0.6619072,rs139870714,0.357537467040733,upstream_gene_variant,False,CLOSED in diabetic,
7_102289389_G_T,0,539,-0.011553967817373754,-0.02527761459350586,-0.8009039,rs187232969,0.243314583275566,intron_variant,False,CLOSED in diabetic,
7_102288246_C_G,0,539,0.003912256024985234,0.010813713073730469,0.356342,rs183413236,0.245003605874017,intron_variant,False,OPENED in diabetic,
7_100812130_C_T,0,539,-0.00706666475766665,-0.13504290580749512,0.9651347,rs182415904,0.3104117214070063,intron_variant,False,CLOSED in diabetic,
7_100812129_G_A,0,539,-0.00850838411716893,-0.11292290687561035,0.9545266,rs147201808,0.3129664040596057,intron_variant,False,CLOSED in diabetic,MOGAT3(-)
6_98011625_C_T,0,539,0.027408074359504545,0.0224454402923584,-0.7684068,rs78323999,0.5407899922283365,intron_variant,False,OPENED in diabetic,
6_97875673_C_G,0,539,-0.006946581414104171,-0.006875276565551758,0.20053048,rs79245415,0.3257928952376687,intron_variant,False,CLOSED in diabetic,
6_97499879_C_G,0,539,-0.003067411164405837,-0.006515979766845703,0.18421741,rs10499014,0.3052792568717434,intron_variant,False,CLOSED in diabetic,
6_56400623_A_C,0,539,0.0030758190685831327,0.048357486724853516,-0.9151803,rs669656,0.217312824921544,upstream_gene_variant,False,OPENED in diabetic,
6_53731152_C_A,0,539,-0.01771112098764621,-0.05869007110595703,-0.93248457,rs9357772,0.2282926104960332,intron_variant,False,CLOSED in diabetic,
6_53611164_G_A,0,539,0.011805065487665236,0.019975662231445312,-0.7313966,rs579318,0.3489998153235488,intron_variant,False,OPENED in diabetic,
6_43852478_A_G,0,539,0.030383452413696967,0.0846567153930664,0.93248457,rs68137036,0.2209051546772835,intron_variant,False,OPENED in diabetic,
7_150844111_C_A,0,539,0.006248886377338133,0.01091146469116211,-0.531989,rs116972354,0.9840604968831992,intron_variant,False,OPENED in diabetic,AOC1(-)
7_150839593_T_C,0,539,0.015215104055316196,0.008432626724243164,0.26459876,rs7788808,0.2445335443101909,intron_variant,False,OPENED in diabetic,AOC1(-)
7_150839499_T_C,0,539,0.006378385264267506,-0.020845890045166016,-0.74676645,rs4725960,0.251441442760043,intron_variant,False,OPENED in diabetic,AOC1(-)
7_150838895_T_C,0,539,-0.016402947880562693,0.0060040950775146484,0.16780221,rs12703104,0.2512907808215745,intron_variant,False,CLOSED in diabetic,TMEM176A(+)
7_150838818_T_C,0,539,0.011597791717755773,0.007323741912841797,0.21673311,rs6950447,0.2493822754810205,intron_variant,False,OPENED in diabetic,TMEM176B(-)
7_15024298_T_G,0,539,-0.006512326079529601,0.002408266067504883,-0.21673311,rs10950550,0.2522837051244377,upstream_gene_variant,False,CLOSED in diabetic,
10_69728964_C_G,0,539,-0.012376380099436347,-0.018020153045654297,-0.69829345,rs7069512,0.30597522166972,upstream_gene_variant,False,CLOSED in diabetic,
10_69726795_C_T,0,539,-0.012712736961350592,-0.015027046203613281,-0.64244115,rs7093577,0.255335771960321,upstream_gene_variant,False,CLOSED in diabetic,
10_69561523_A_G,0,539,0.007807034508416737,0.009058475494384766,0.29581574,rs177045,0.2068063086145247,upstream_gene_variant,False,OPENED in diabetic,
10_69561187_G_A,0,539,-0.008201506230738256,-0.010373592376708984,-0.51973367,rs190925,0.2589517203717171,upstream_gene_variant,False,CLOSED in diabetic,
10_69554950_G_C,0,539,-0.014231728711243242,0.014055728912353516,0.45522588,rs537982442,1.0,upstream_gene_variant,False,CLOSED in diabetic,
10_69548164_G_A,0,539,-0.0041859862092253446,-0.015105962753295898,0.49457133,rs297049,0.7678479851523649,upstream_gene_variant,False,CLOSED in diabetic,
10_69546552_G_A,0,539,0.006440975670469493,-0.0020804405212402344,-3.4944492e-11,rs10998853,0.2112541949640984,upstream_gene_variant,False,OPENED in diabetic,
10_69335279_G_A,0,539,0.004184589315212724,0.005500316619873047,-0.34146425,rs527283521,0.992588072051364,intron_variant,False,OPENED in diabetic,
10_69334748_T_C,0,539,0.0009161713835480925,0.023386001586914062,-0.7819256,rs17476364,0.3802692942288754,intron_variant,False,OPENED in diabetic,
11_14496873_C_G,0,539,-0.018014338109400365,0.0007441043853759766,-0.067658216,rs117316450,0.3154809661485399,intron_variant,False,CLOSED in diabetic,
11_130947684_T_A,0,539,0.006834483102433978,0.013350248336791992,0.44169295,rs7940866,0.2440731827039563,upstream_gene_variant,False,OPENED in diabetic,
11_128364877_T_C,0,539,-0.003883451168081535,-0.01042628288269043,0.34146425,rs7120183,0.200896404803154,upstream_gene_variant,False,CLOSED in diabetic,
11_128356536_G_C,0,539,-0.003354130959024235,-0.02097463607788086,0.62210923,rs7119618,0.2885605109670258,upstream_gene_variant,False,CLOSED in diabetic,
11_119530107_C_T,0,539,0.004347593311033797,0.0016775131225585938,-0.18421741,rs10892381,0.2130264994729519,intron_variant,False,OPENED in diabetic,
11_119526970_C_T,0,539,0.0015281356995534808,-0.013391971588134766,0.44169295,rs7395947,0.3458226081577256,intron_variant,False,OPENED in diabetic,
7_14849201_G_C,0,539,0.015427623033965894,0.0048847198486328125,0.11803031,rs13235534,0.729682585148354,intron_variant,False,OPENED in diabetic,
7_14842803_G_A,0,539,-0.0025539062018739493,0.024148941040039062,0.68051964,rs11980500,0.853136368580268,intron_variant,False,CLOSED in diabetic,
7_13943744_T_A,0,539,-0.0013099291771373855,-2.6941299438476562e-05,-0.10129401,rs11981205,0.9467383581570408,intron_variant,False,CLOSED in diabetic,
7_13838694_C_A,0,539,-0.00798541141573706,-0.008902311325073242,-0.4685517,rs10230689,0.239365725832054,upstream_gene_variant,False,CLOSED in diabetic,
7_123472334_A_G,0,539,0.008064682275775633,0.009957551956176758,0.32641342,rs117677620,0.3494954046099942,intron_variant,False,OPENED in diabetic,
7_123284485_T_C,0,539,0.02906012756262728,-0.014154195785522461,-0.62210923,rs17547318,0.3444052949870974,upstream_gene_variant,False,OPENED in diabetic,
7_117577933_T_C,0,539,-0.02143350027930095,0.006926536560058594,-0.39988402,rs17450482,0.2444984927618816,intron_variant,False,CLOSED in diabetic,
7_28154778_C_A,0,539,0.012707604990377054,0.003514528274536133,-0.26459876,rs860262,0.2516656093812225,intron_variant,False,OPENED in diabetic,
7_28152661_C_T,0,539,0.01394555918139739,0.015504121780395508,-0.65228176,rs849133,0.2039128678767201,intron_variant,False,OPENED in diabetic,
7_28133120_T_G,0,539,0.023258224267906514,0.1219477653503418,0.9601752,rs917116,0.3444268893366307,intron_variant,False,OPENED in diabetic,
7_28132967_T_C,0,539,0.01697724029172993,0.004801750183105469,0.11803031,rs917115,0.2874575328048626,intron_variant,False,OPENED in diabetic,
7_27892574_T_C,0,539,0.00204427432483114,0.0036973953247070312,0.067658216,rs214,0.3140448907755178,intron_variant,False,OPENED in diabetic,
7_25433242_G_A,0,539,-0.014771943631994923,-0.009304046630859375,-0.48166767,rs7804262,0.2246110095251207,intron_variant,False,CLOSED in diabetic,
7_24366900_A_C,0,539,0.008700974133549904,-0.012972354888916016,-0.58996826,rs1107376,0.8454935019329646,intron_variant,False,OPENED in diabetic,
7_23473277_G_C,0,539,0.0011499463295450015,0.0018639564514160156,-0.18421741,rs4279506,0.9734740562864744,upstream_gene_variant,False,OPENED in diabetic,
7_15859396_C_T,0,539,-0.01572845950860924,-0.01233530044555664,0.39988402,rs38180,0.7166805246382711,intron_variant,False,CLOSED in diabetic,
7_157184287_A_G,0,539,-0.013601610965764146,-0.018428325653076172,0.5674383,rs3815217,0.6212310478684638,intron_variant,False,CLOSED in diabetic,
7_157142897_C_T,0,539,-0.0002968227266159482,-0.007035970687866211,0.21673311,rs7790880,0.3608672949394392,intron_variant,False,CLOSED in diabetic,
7_157055634_C_T,0,539,0.0023828720559879225,-0.02231574058532715,0.65228176,rs111982182,0.207219171961194,intron_variant,False,OPENED in diabetic,
7_156946604_G_A,0,539,-0.009074869315124398,-0.04876112937927246,-0.9151803,rs550090623,0.271266412445458,intron_variant,False,CLOSED in diabetic,
7_156808813_G_A,0,539,-0.0291692675376425,0.001605987548828125,-0.03386791,rs185421075,0.357474166314924,intron_variant,False,CLOSED in diabetic,
7_70442039_G_A,0,539,-0.008815859155884922,-0.012963056564331055,-0.58996826,rs7802500,0.2088156953752362,intron_variant,False,CLOSED in diabetic,
7_44325263_C_G,0,539,0.00559776479547674,0.007985353469848633,-0.44169295,rs111242776,0.2328364182811621,intron_variant,False,OPENED in diabetic,
7_44216044_G_A,0,539,-0.006286284919130116,-0.004307746887207031,-0.29581574,rs878521,0.802076915918152,upstream_gene_variant,False,CLOSED in diabetic,
7_44177527_C_T,0,539,-0.021496871849159143,-0.0019512176513671875,-0.20053048,rs2244164,0.3156174122019854,intron_variant,False,CLOSED in diabetic,
7_44176538_G_A,0,539,-0.014253450899708028,-0.005448818206787109,-0.34146425,rs2908290,0.223027622820743,intron_variant,False,CLOSED in diabetic,AEBP1(+)
7_30680351_G_C,0,539,-0.022712670363389052,0.0037279129028320312,-0.26459876,rs1076293,0.30394336241668,intron_variant,False,CLOSED in diabetic,
7_29982952_C_T,0,539,0.009354205653486092,0.031230449676513672,0.76137805,rs533350255,0.9461508843360186,intron_variant,False,OPENED in diabetic,
7_28167681_G_T,0,539,-0.03613594865533549,-0.015515565872192383,-0.65228176,rs481806,0.4927284662097586,intron_variant,False,CLOSED in diabetic,
7_28165684_T_C,0,539,0.009307422531779047,0.007212638854980469,0.21673311,rs552707,0.2493496330149812,intron_variant,False,OPENED in diabetic,
7_28160478_C_T,0,539,0.00011942072569328691,-0.015101432800292969,0.49457133,rs1513272,0.370505443618584,intron_variant,False,OPENED in diabetic,
7_28159058_C_T,0,539,0.002174986979072302,-0.0013930797576904297,-0.03386791,rs1708302,0.349619237180884,intron_variant,False,OPENED in diabetic,
7_98253757_G_T,0,539,-0.007175449095320834,-0.05098247528076172,0.8671202,rs12704978,1.0,upstream_gene_variant,False,CLOSED in diabetic,
7_98253757_G_A,0,539,0.0009638816394699748,0.017841815948486328,0.5558421,rs12704978,1.0,upstream_gene_variant,False,OPENED in diabetic,
7_90489966_T_C,0,539,-0.03338780164276293,0.00649714469909668,-0.3855568,rs17862206,0.4806359860311022,intron_variant,False,CLOSED in diabetic,
7_90449409_A_G,0,539,-0.029848089908182288,-0.012555837631225586,0.41401842,rs17867662,0.4208005371064554,upstream_gene_variant,False,CLOSED in diabetic,
7_78200451_G_A,0,539,0.01738031896899052,0.010693073272705078,-0.51973367,rs1852006,0.8081352033693362,intron_variant,False,OPENED in diabetic,
7_77097776_C_T,0,539,-0.02537894514363418,-0.019806861877441406,-0.7313966,rs4727300,0.3101961370495564,intron_variant,False,CLOSED in diabetic,
7_77085875_C_A,0,539,0.02834966806401127,0.0005477815866470337,-0.084500186,rs201391447,0.2239193245939138,intron_variant,False,OPENED in diabetic,
7_77085099_C_T,0,539,-0.002161327673464405,0.06211674213409424,0.8970444,rs141203350,0.2226073383959594,intron_variant,False,CLOSED in diabetic,
7_75072052_C_T,0,539,0.012168003145971634,0.005399465560913086,-0.34146425,rs13238490,0.2155975754338151,intron_variant,False,OPENED in diabetic,
7_74988189_G_A,0,539,-0.00864006283110723,-0.07547187805175781,0.9205166,rs35927458,0.3846265786429645,intron_variant,False,CLOSED in diabetic,
7_74781755_G_A,0,539,0.03929089792141888,0.039104580879211426,-0.8902224,rs800979,0.608439145429268,intron_variant,False,OPENED in diabetic,
7_73652599_C_T,0,539,-0.018815370570308423,0.017118453979492188,-0.68051964,rs148059419,0.952978983792451,upstream_gene_variant,False,CLOSED in diabetic,
7_73567553_A_C,0,539,-0.004191957732078538,-0.0013799667358398438,-0.03386791,rs12531884,0.529531102075169,3_prime_UTR_variant,False,CLOSED in diabetic,
7_73560539_C_T,0,539,-0.021862919122699463,-0.054053306579589844,0.8752832,rs3763432,0.455935787806371,upstream_gene_variant,False,CLOSED in diabetic,TRIM50(-)
7_72690844_T_C,0,539,0.027760582642564084,0.0634152889251709,0.90030324,rs139453187,0.9747576313771884,intron_variant,False,OPENED in diabetic,
8_26013834_C_T,0,539,-0.003377188114597979,0.026496410369873047,0.7068712,rs7003404,0.3897009436388597,intron_variant,False,CLOSED in diabetic,
8_19892533_C_G,0,539,0.016114088953757773,0.056702613830566406,0.8829762,rs59347135,0.9929667774161842,upstream_gene_variant,False,OPENED in diabetic,
8_16330801_G_A,0,539,0.030498950512378248,-0.01541447639465332,0.49457133,rs1030517,0.9988267105301056,upstream_gene_variant,False,OPENED in diabetic,
8_143325691_A_G,0,539,-0.0032222275388926434,-0.013573646545410156,-0.600902,rs56021206,0.239232175897148,intron_variant,False,CLOSED in diabetic,
8_12936935_T_C,0,539,-0.013004149930596573,-0.018129348754882812,0.5674383,rs2977105,0.3787635675071596,upstream_gene_variant,False,CLOSED in diabetic,
8_12936769_A_G,0,539,-0.03131648472377232,-0.020047664642333984,0.600902,rs2947365,0.3719549562160257,upstream_gene_variant,False,CLOSED in diabetic,
10_48150339_C_T,0,539,-0.016402173130764367,-0.012721657752990723,-0.57881373,rs1429830,0.242037972080147,upstream_gene_variant,False,CLOSED in diabetic,
10_26595470_G_A,0,539,0.006444763827633548,0.015670061111450195,-0.65228176,rs117653610,0.9691533945066236,intron_variant,False,OPENED in diabetic,
10_16193566_T_C,0,539,0.006330619274132327,-0.014364242553710938,-0.62210923,rs151196361,0.9982779424118022,upstream_gene_variant,False,OPENED in diabetic,
10_15953874_G_A,0,539,-0.023164381122766045,-0.011896133422851562,-0.5558421,rs58430001,0.2506934501696569,intron_variant,False,CLOSED in diabetic,
10_15953851_G_T,0,539,-0.012746863993289077,-0.04078102111816406,-0.89368504,rs57958170,0.23673796986705,intron_variant,False,CLOSED in diabetic,
10_15951962_C_T,0,539,-0.004609312329973493,0.014782905578613281,0.48166767,rs12247959,0.270849256548018,intron_variant,False,CLOSED in diabetic,
10_13223623_G_A,0,539,0.0026961779550187886,0.02988433837890625,0.74676645,rs11817051,0.2776957693047959,intron_variant,False,OPENED in diabetic,
10_13217439_G_T,0,539,0.06660123481821262,-0.011692285537719727,-0.5558421,rs144161359,0.5096728354385404,upstream_gene_variant,False,OPENED in diabetic,
10_131718351_T_C,0,539,-0.0007414570102443943,0.005831003189086914,0.16780221,rs191779126,0.9997535713738164,upstream_gene_variant,False,CLOSED in diabetic,
10_88237813_C_T,0,539,0.020961788899381,-0.0010378360748291016,-0.05077759,rs72634988,0.9831257899058669,upstream_gene_variant,False,OPENED in diabetic,
10_79182874_A_G,0,539,-0.004602373862753109,0.00197601318359375,-0.20053048,rs12571751,0.6163053121950991,intron_variant,False,CLOSED in diabetic,
10_79182863_C_T,0,539,0.0020325489079576257,-0.0018949508666992188,-0.016938813,rs810517,0.3007728888017957,intron_variant,False,OPENED in diabetic,
10_75774242_A_G,0,539,0.007467315900303658,-0.017857074737548828,-0.69829345,rs4745794,0.3715817770615234,intron_variant,False,OPENED in diabetic,
10_74676550_C_T,0,539,-0.004247761834309141,-0.04658079147338867,0.84928787,rs538503843,0.2225154028454367,intron_variant,False,CLOSED in diabetic,
8_12935950_G_T,0,539,0.0029143676687038897,-0.006627798080444336,0.20053048,rs2977106,0.2342722678739371,upstream_gene_variant,False,OPENED in diabetic,
8_128557753_G_A,0,539,-0.004014959140699737,-0.049166202545166016,0.8584633,rs4733612,0.375827878071555,intron_variant,False,CLOSED in diabetic,
8_128555832_C_T,0,539,0.010096939242615992,0.009746074676513672,-0.49457133,rs1561927,0.4266107142855239,intron_variant,False,OPENED in diabetic,
8_120863335_C_A,0,539,0.027197552965832997,0.03627490997314453,-0.879187,rs4871138,0.2124846969018828,intron_variant,False,OPENED in diabetic,
8_117173494_A_G,0,539,-0.008330331883757808,0.005440235137939453,-0.34146425,rs11558471,0.9321362090521224,3_prime_UTR_variant,False,CLOSED in diabetic,
8_102041141_C_T,0,539,0.009049044911626981,0.01186370849609375,-0.5558421,rs144805121,0.9777494826510374,upstream_gene_variant,False,OPENED in diabetic,
7_98260985_C_T,0,539,-0.0029203365375469257,-0.02806568145751953,0.72342026,rs7795059,1.0,upstream_gene_variant,False,CLOSED in diabetic,
8_64013414_G_C,0,539,0.026936942438468864,0.0249326229095459,-0.8009039,rs73260699,0.9951779447090796,intron_variant,False,OPENED in diabetic,
8_56851234_A_G,0,539,0.012230543125980639,0.014345169067382812,0.4685517,rs188256949,0.4920727789179191,upstream_gene_variant,False,OPENED in diabetic,
8_56816571_T_G,0,539,0.03041883523477473,0.012517452239990234,0.41401842,rs142110829,0.4197517336109685,upstream_gene_variant,False,OPENED in diabetic,
8_41651058_C_A,0,539,-0.01607704427998672,-0.038463592529296875,0.8127267,rs13262861,0.996648272202022,non_coding_transcript_exon_variant,False,CLOSED in diabetic,
8_41631133_A_C,0,539,0.03195564379718618,0.08286428451538086,0.9302391,rs2977852,1.0,upstream_gene_variant,False,OPENED in diabetic,
8_41559008_T_C,0,539,0.0028736675382766298,0.0067479610443115234,0.20053048,rs74934014,0.9734197187806608,intron_variant,False,OPENED in diabetic,SFRP1(-)
8_41534069_A_G,0,539,0.010039166749518966,-0.012740850448608398,-0.57881373,rs10096250,0.9999999971261246,non_coding_transcript_exon_variant,False,OPENED in diabetic,
8_36997193_T_G,0,539,0.00871487230007193,0.006623983383178711,0.20053048,rs10092900,0.2188070813634749,intron_variant,False,OPENED in diabetic,
8_31000152_T_C,0,539,-0.03686762475348138,-0.013810873031616211,0.45522588,rs12234936,0.3087931561040344,upstream_gene_variant,False,CLOSED in diabetic,
8_30998948_A_G,0,539,-0.026914760221576867,-0.020369291305541992,0.6116155,rs1362910,0.3255104789361207,upstream_gene_variant,False,CLOSED in diabetic,
8_26344966_A_C,0,539,0.01381256407842123,0.026950597763061523,0.71524596,rs7816609,0.3068458826755363,intron_variant,False,OPENED in diabetic,
8_26106463_T_A,0,539,0.0038735614415665947,0.004280567169189453,-0.29581574,rs56204345,0.348562213262314,upstream_gene_variant,False,OPENED in diabetic,
9_136612314_G_A,0,539,0.004287538369201774,0.015278100967407227,-0.64244115,rs7045408,0.231183063471588,intron_variant,False,OPENED in diabetic,ENSG00000284341(+)
9_136611268_C_T,0,539,0.02861695386925522,0.011704444885253906,-0.5558421,rs7022365,0.638115489983925,intron_variant,False,OPENED in diabetic,NACC2(+)
9_136606873_G_A,0,539,-0.007868783593398963,-0.0472412109375,0.8539419,rs4880106,0.2502235320061317,intron_variant,False,CLOSED in diabetic,
9_136353630_A_G,0,539,0.005897718369407866,-0.004784584045410156,-0.31119522,rs28642213,0.373534969078732,intron_variant,False,OPENED in diabetic,
9_136352316_G_A,0,539,0.06342621858133235,0.061031341552734375,0.89368504,rs61386106,0.2218667557720704,intron_variant,False,OPENED in diabetic,
9_136352142_G_A,0,539,0.01987450905766248,0.03684663772583008,0.8009039,rs28679497,0.2438168536976119,intron_variant,False,OPENED in diabetic,
X_19285529_G_A,0,539,0.011897489622041776,-0.006207704544067383,0.18421741,rs141809960,0.291968627300294,upstream_gene_variant,False,OPENED in diabetic,
X_153634467_A_G,0,539,-0.0014838632714549332,0.01820850372314453,-0.7068712,rs5945326,0.201310670152668,non_coding_transcript_exon_variant,False,CLOSED in diabetic,
9_94632527_G_A,0,539,0.005456091079287273,0.0009393692016601562,-0.15129343,rs118036821,0.2128914746508957,intron_variant,False,OPENED in diabetic,
9_94602354_C_T,0,539,-0.011631501185429561,-0.046174049377441406,0.84928787,rs148629173,0.7457858157806766,upstream_gene_variant,False,CLOSED in diabetic,
9_82781722_C_G,0,539,-0.010602032762290374,-0.008342266082763672,0.26459876,rs72739155,0.9177953687529328,intron_variant,False,CLOSED in diabetic,
9_81696885_T_C,0,539,-0.018052189602259138,-0.04145646095275879,0.8292812,rs9410573,0.4658383816584869,intron_variant,False,CLOSED in diabetic,
9_81694033_G_A,0,539,0.043378684870166107,0.1331019401550293,-0.9766461,rs2796441,0.5341580308526264,intron_variant,False,OPENED in diabetic,
10_123497057_C_G,0,539,-0.007441390644420277,0.02041149139404297,-0.73917776,rs11248555,0.3616710318085543,intron_variant,False,CLOSED in diabetic,
10_48152958_G_A,0,539,0.00041633014997436297,0.002933502197265625,0.03386791,rs79291408,0.2078342785557302,upstream_gene_variant,False,OPENED in diabetic,
9_133735466_T_C,0,539,0.0009745542989812225,0.013430595397949219,-0.600902,rs497622,0.6183967248452495,intron_variant,False,OPENED in diabetic,
9_117628004_A_C,0,539,-0.0197587420192853,-0.031434059143066406,0.76137805,rs1887904,0.3657355219621964,upstream_gene_variant,False,CLOSED in diabetic,
9_117612016_A_T,0,539,-0.003708851801884639,-0.004281520843505859,0.10129401,rs4837409,0.4857585633935988,upstream_gene_variant,False,CLOSED in diabetic,
9_104972433_A_G,0,539,-0.04516549720834934,-0.1729264259338379,-0.9833016,rs4556142,0.3955996312736575,intron_variant,False,CLOSED in diabetic,
8_94957033_G_A,0,539,-0.018321209803140674,0.008255958557128906,-0.44169295,rs2340586,0.2611433104856466,upstream_gene_variant,False,CLOSED in diabetic,
8_94957029_G_A,0,539,-0.029695162304257196,0.006987094879150391,-0.39988402,rs4582532,0.2596124466754053,upstream_gene_variant,False,CLOSED in diabetic,
8_94808366_A_G,0,539,-0.032329393892872094,-0.05597352981567383,0.8829762,rs4734291,0.9999982953325348,upstream_gene_variant,False,CLOSED in diabetic,
10_12267270_C_T,0,539,0.03538509821847551,0.014359474182128906,0.4685517,rs11257659,0.296955119714205,upstream_gene_variant,False,OPENED in diabetic,
10_12267269_G_A,0,539,0.058001535058242716,0.014954090118408203,0.48166767,rs11257658,0.297281758202503,upstream_gene_variant,False,OPENED in diabetic,
10_12203521_G_A,0,539,-0.007131987024990216,0.0012273788452148438,-0.05077759,rs1317548,0.4280981991970632,intron_variant,False,CLOSED in diabetic,
9_22136441_G_C,0,539,-0.010228020361933947,0.005972623825073242,0.16780221,rs12555274,0.9969913931090796,upstream_gene_variant,False,CLOSED in diabetic,
9_22134095_T_C,0,539,-0.019906025428276557,-0.03155851364135742,0.76137805,rs10811661,0.5827731641795713,upstream_gene_variant,False,CLOSED in diabetic,
10_101781296_C_T,0,539,0.003783717889732686,-0.049437522888183594,0.862855,rs149987320,0.3433876213425236,upstream_gene_variant,False,OPENED in diabetic,
9_22132879_T_C,0,539,-0.025176753360840298,-0.0077135562896728516,0.2328172,rs10965248,0.257004291295716,upstream_gene_variant,False,CLOSED in diabetic,
9_22132730_A_G,0,539,0.007192364871391339,0.02472233772277832,-0.79474694,rs10965247,0.257291835578719,upstream_gene_variant,False,OPENED in diabetic,
9_22132699_T_C,0,539,-0.04549702819512815,-0.011706352233886719,0.3855568,rs10965246,0.298607222069384,upstream_gene_variant,False,CLOSED in diabetic,
9_21342333_G_A,0,539,0.005512657767102979,-0.029993295669555664,0.74676645,rs4526448,0.4459006255822425,upstream_gene_variant,False,OPENED in diabetic,
9_21340787_C_A,0,539,-0.02070944472898579,-0.01433706283569336,-0.62210923,rs10119678,0.5225060856497891,upstream_gene_variant,False,CLOSED in diabetic,
9_20853164_C_T,0,539,-0.029991973530162464,-0.009529829025268555,-0.49457133,rs117491935,0.9627951295605928,intron_variant,False,CLOSED in diabetic,
X_68997505_G_A,0,539,-0.002403800695415773,0.0035431385040283203,0.067658216,rs995414642,0.442065643010028,intron_variant,False,CLOSED in diabetic,
