variant_id,gene_id,gene_name,q_HepG2,q_K562,q_hepatocyte,q_liver,score_HepG2,score_K562,score_hepatocyte,score_liver,hepatic_score,hepatic_q,significant,cells_agree,liver_specific,direction,confidence,rsid,pip,is_TF,liver_expression,expressed_in_liver
11_627276_C_T,ENSG00000070031,SCT,0.9999945,0.99995816,0.9999967,0.99998885,0.3132963180541992,0.15105772018432617,0.36168719828128815,0.14633584022521973,0.27377311885356903,0.9999967,True,True,False,UP in diabetic,high,rs540205414,0.9965888352068,False,0.25610435,False
1_213977102_T_A,ENSG00000117707,PROX1,0.99977976,0.99956644,0.9999432,0.9998203,-0.04815484769642353,0.03458046913146973,-0.10616093873977661,-0.04155126214027405,-0.06528901619215806,0.9999432,True,True,False,DOWN in diabetic,high,rs17712208,0.668392273643485,True,0.70612437,True
11_65638129_G_T,ENSG00000213445,SIPA1,0.99994123,0.9998321,0.9998483,0.99963397,0.10312896966934204,0.07156795263290405,0.058759793639183044,0.03338554501533508,0.06509143610795338,0.99994123,True,True,False,UP in diabetic,high,rs2306363,0.8858405326852323,False,0.3356491,True
3_125200933_T_C,ENSG00000221955,SLC12A8,0.99982625,0.99595016,0.9994864,0.99990237,-0.05790233612060547,0.009662151336669922,-0.027038156986236572,-0.07378494739532471,-0.052908480167388916,0.99990237,True,True,True,DOWN in diabetic,high,rs4679370,0.3079096850510043,False,0.11680807,False
10_48454447_A_G,ENSG00000128805,ARHGAP22,0.9998803,0.9993265,0.99973917,0.9996579,0.0757756233215332,-0.023745179176330566,0.04731333255767822,0.027388334274291992,0.05015909671783447,0.9998803,True,True,True,UP in diabetic,high,rs11101326,0.3249353520306431,False,0.023404129,False
20_64064525_C_A,ENSG00000171703,TCEA2,0.9997942,0.9984297,0.9991748,0.9999118,0.05022832751274109,-0.013941526412963867,0.01908976584672928,0.07358413934707642,0.04763407756884893,0.9999118,True,True,True,UP in diabetic,high,rs6062342,0.5033157532957727,False,0.4189715,True
2_65057097_A_T,ENSG00000011523,CEP68,0.9998882,0.99853253,0.9998762,0.99888074,-0.06513184309005737,-0.015391290187835693,-0.05781114101409912,-0.0015229582786560059,-0.0414886474609375,0.9998882,True,True,True,DOWN in diabetic,high,rs2540949,0.3356159048117916,False,0.23225881,False
11_92975544_C_G,ENSG00000134640,MTNR1B,0.99968034,0.5558421,0.99983764,0.9998762,0.02631211280822754,0.0006420612335205078,0.04983234405517578,0.046566009521484375,0.04090348879496256,0.9998762,True,True,True,UP in diabetic,high,rs10830963,1.0,False,0.0012309538,False
1_26280514_C_A,ENSG00000142669,SH3BGRL3,0.99980104,0.9997643,0.99958086,0.9996083,0.04871436953544617,0.055007874965667725,0.027404189109802246,0.02846159040927887,0.03486004968484243,0.99980104,True,True,False,UP in diabetic,high,rs34824071,0.478328924873145,False,5.264356,True
X_19437376_C_T,ENSG00000180815,MAP3K15,0.99973917,0.99920225,0.9996693,0.999691,0.04037374258041382,0.021829843521118164,0.02498149871826172,0.03635668754577637,0.03390397628148397,0.99973917,True,True,False,UP in diabetic,high,rs182488212,0.410393345049393,False,0.102754444,False
7_44324927_G_A,ENSG00000058404,CAMK2B,0.99973917,0.99895406,0.99970126,0.99958086,0.046035051345825195,0.017458438873291016,0.022321224212646484,0.028174638748168945,0.032176971435546875,0.99973917,True,True,False,UP in diabetic,high,rs149725176,0.200183315618767,False,0.017249217,False
X_129980808_G_A,ENSG00000085185,BCORL1,0.9997112,0.9988422,0.9993265,0.99963397,-0.042499423027038574,-0.018470704555511475,-0.023312687873840332,-0.030675530433654785,-0.03216254711151123,0.9997112,True,True,False,DOWN in diabetic,high,rs180956060,0.974788988086966,False,0.12681596,False
20_62642365_G_C,ENSG00000101187,SLCO4A1,0.99970126,0.94270426,0.99968034,0.9995948,-0.029983818531036377,0.0019944608211517334,-0.031150221824645996,-0.028767526149749756,-0.029967188835144043,0.99970126,True,True,True,DOWN in diabetic,high,rs6122141,0.2166463632451102,False,0.19901538,False
6_56399929_T_C,ENSG00000124749,COL21A1,0.99982625,0.98438704,0.9963409,0.9993916,0.05700421333312988,-0.006501197814941406,0.008693426847457886,0.02362060546875,0.029772748549779255,0.99982625,True,True,True,UP in diabetic,high,rs643246,0.230360142395276,False,0.14468688,False
11_67457697_G_A,ENSG00000175544,CABP4,0.9995948,0.9995948,0.99952,0.99963397,-0.03107166290283203,-0.03416252136230469,-0.02637314796447754,-0.030035018920898438,-0.029159943262736004,0.99963397,True,True,False,DOWN in diabetic,high,rs199749736,0.9997557760104724,False,0.0034988557,False
6_56399929_T_C,ENSG00000151914,DST,0.99977976,0.99853253,0.9981401,0.999691,0.04383363202214241,-0.015752315521240234,0.010881870985031128,0.029412120580673218,0.028042541195948918,0.99977976,True,True,False,UP in diabetic,high,rs643246,0.230360142395276,False,0.54582244,True
10_12265895_C_T,ENSG00000183049,CAMK1D,0.9997478,0.9992545,0.99920225,0.9995035,0.043427348136901855,0.021561384201049805,0.019071757793426514,0.021544456481933594,0.028014520804087322,0.9997478,True,True,False,UP in diabetic,high,rs11257655,0.405763021482617,False,0.11741964,False
15_40340937_A_T,ENSG00000188549,CCDC9B,0.999691,0.997013,0.9994119,0.99968034,-0.03356218338012695,0.011279106140136719,-0.023604512214660645,-0.02395462989807129,-0.02704044183095296,0.999691,True,True,True,DOWN in diabetic,high,rs4924455,0.3557224630347637,False,0.060964618,False
2_119524439_C_T,ENSG00000080293,SCTR,0.9997478,0.999691,0.9998077,0.9996083,0.031711578369140625,0.03661751747131348,0.04307198524475098,0.002325892448425293,0.025703152020772297,0.9998077,True,True,False,UP in diabetic,high,rs2244214,0.9746687086817728,False,0.09507457,False
18_32177620_T_G,ENSG00000141434,MEP1B,0.99958086,0.9601752,0.9994119,0.99963397,0.028357744216918945,-0.004209280014038086,0.018269896507263184,0.029070496559143066,0.025232712427775066,0.99963397,True,True,True,UP in diabetic,high,rs1482682068,0.545288426080077,False,0.06225038,False
20_62642608_G_A,ENSG00000101187,SLCO4A1,0.99956644,0.9999147,0.9999203,0.99970126,-0.00929272174835205,0.10525885224342346,-0.07900673151016235,0.017573416233062744,-0.023575345675150555,0.9999203,True,False,False,DOWN in diabetic,medium,rs34885433,0.3620168250909925,False,0.19901538,False
1_155244682_A_G,ENSG00000177628,GBA1,0.9996693,0.99920225,0.99853253,0.99943143,-0.03318748250603676,-0.023858122527599335,-0.012931747362017632,-0.0241849422454834,-0.02343472403784593,0.9996693,True,True,False,DOWN in diabetic,high,rs12034326,0.3928901651883948,False,0.69793457,True
3_186108951_T_G,ENSG00000244405,ETV5,0.9994504,0.9960848,0.9972084,0.99973917,-0.023585423827171326,-0.010675109922885895,-0.0056805238127708435,-0.0387994647026062,-0.022688470780849457,0.99973917,True,True,True,DOWN in diabetic,high,rs869400,0.2084761414841979,True,0.95344716,True
13_50521959_A_T,ENSG00000186047,DLEU7,0.99977976,0.8344978,0.9976429,0.9991748,0.04057741165161133,-0.0020639896392822266,0.009933233261108398,0.016670703887939453,0.02239378293355306,0.99977976,True,True,True,UP in diabetic,high,rs963740,0.3844965208102913,False,0.0015504,False
17_78131350_G_C,ENSG00000167895,TMC8,0.99914634,0.99551785,0.99952,0.99920225,-0.019484639167785645,0.009704351425170898,-0.028255224227905273,-0.018838167190551758,-0.02219267686208089,0.99952,True,True,True,DOWN in diabetic,high,rs383603,0.9997296703149048,False,0.06368344,False
22_19961490_C_T,ENSG00000093010,COMT,0.9991748,0.58996826,0.9963409,0.99973017,-0.01969529688358307,0.0005519837141036987,-0.007083386182785034,-0.03645937144756317,-0.021079351504643757,0.99973017,True,True,True,DOWN in diabetic,high,rs165722,0.3606593692205292,False,1.047448,True
20_59032308_C_T,ENSG00000124172,ATP5F1E,0.9979413,0.99911696,0.99963397,0.99958086,0.005293458700180054,-0.021062403917312622,0.030462857335805893,0.027227208018302917,0.020994508018096287,0.99963397,True,True,False,UP in diabetic,high,rs45551238,0.892095649823927,False,1.6926221,True
20_64062966_G_T,ENSG00000171703,TCEA2,0.9994504,0.9994504,0.99920225,0.99930334,-0.02421438694000244,-0.02988368272781372,-0.016962312161922455,-0.02180299162864685,-0.020993230243523914,0.9994504,True,True,False,DOWN in diabetic,high,rs35213536,0.2496213063823487,False,0.4189715,True
20_44394715_G_A,ENSG00000101076,HNF4A,0.9998955,0.9999203,0.9529964,0.9994687,-0.07184883952140808,-0.10509681701660156,-0.0016163736581802368,0.013637198135256767,-0.01994267168144385,0.9998955,True,False,False,DOWN in diabetic,medium,rs191830490,0.919562394411982,True,1.9192199,True
1_116990168_C_T,ENSG00000134256,CD101,0.99952,0.99902254,0.99968034,0.9809011,-0.025833845138549805,-0.018603086471557617,-0.029833078384399414,-0.004029989242553711,-0.01989897092183431,0.99968034,True,True,False,DOWN in diabetic,high,rs1127215,0.992587202216235,False,0.019027418,False
19_1236709_C_A,ENSG00000099625,CBARP,0.9994687,0.99800986,0.9988422,0.9993265,-0.022995352745056152,-0.013223648071289062,-0.011812686920166016,-0.021982192993164062,-0.01893007755279541,0.9994687,True,True,False,DOWN in diabetic,high,rs76096449,0.2602565712291745,False,0.07598224,False
12_4275503_C_T,ENSG00000118971,CCND2,0.9996579,0.9627358,0.97048765,0.9992793,0.03699815273284912,-0.004756331443786621,0.0038615763187408447,0.015484243631362915,0.01878132422765096,0.9996579,True,True,True,UP in diabetic,high,rs3217791,0.9999999077186644,False,1.2571307,True
11_66438698_C_T,ENSG00000174547,MRPL11,0.9977213,0.998202,0.9992793,0.99958086,-0.011407159268856049,-0.012011125683784485,-0.017529308795928955,-0.026589304208755493,-0.018508590757846832,0.99958086,True,True,False,DOWN in diabetic,high,rs11110,0.4602931222797691,False,0.88125604,True
2_120590036_G_C,ENSG00000163083,INHBB,0.9980761,0.9973013,0.99968034,0.99943143,-0.002992987632751465,-0.011638164520263672,-0.03159677982330322,-0.01970529556274414,-0.01809835433959961,0.99968034,True,True,False,DOWN in diabetic,high,rs11688682,0.999999999999993,False,0.13505615,False
6_39313680_A_C,ENSG00000124780,KCNK17,0.99962133,0.9995948,0.99977976,0.9998141,-0.03529500961303711,-0.0337376594543457,-0.04514050483703613,0.026558756828308105,-0.017958919207255047,0.9998141,True,False,False,DOWN in diabetic,medium,rs34179517,0.501219657011712,False,0.027508477,False
10_70887896_G_C,ENSG00000166228,PCBD1,0.9995515,0.9999056,0.99953604,0.97502923,-0.027994155883789062,-0.10926549881696701,-0.027281612157821655,0.0024591386318206787,-0.01760554313659668,0.9995515,True,False,False,DOWN in diabetic,medium,rs827241,0.3341514074848398,False,4.4120564,True
11_17393643_C_G,ENSG00000187486,KCNJ11,0.99888074,0.9833016,0.99853253,0.9994504,0.01580989360809326,-0.0064105987548828125,0.013163924217224121,0.02184903621673584,0.016940951347351074,0.9994504,True,True,True,UP in diabetic,high,rs4148646,0.5417928068917486,False,0.026297154,False
1_26695422_G_C,ENSG00000117713,ARID1A,0.99914634,0.87126195,0.9976429,0.99943143,-0.02031344175338745,0.002139892429113388,-0.010260254144668579,-0.020054399967193604,-0.01687603195508321,0.99943143,True,True,True,DOWN in diabetic,high,rs114165349,0.458341691148397,False,0.3746614,True
4_1003210_G_T,ENSG00000127415,IDUA,0.99895406,0.99876106,0.9990551,0.9990551,-0.015005230903625488,-0.015544354915618896,-0.012459397315979004,-0.0175447016954422,-0.01500310997168223,0.9990551,True,True,False,DOWN in diabetic,high,rs113289555,0.9772928706189716,False,0.55569285,True
11_2174751_T_C,ENSG00000180176,TH,0.9994504,0.9952044,0.9588311,0.9993265,0.023468494415283203,0.007639169692993164,0.003815293312072754,0.017576217651367188,0.014953335126241049,0.9994504,True,True,False,UP in diabetic,high,rs10743152,0.3295456981339787,False,0.023550047,False
1_117624255_C_T,ENSG00000183508,TENT5C,0.99934894,0.99888074,0.99858135,0.998482,0.019265294075012207,0.017383459955453873,0.010773465037345886,0.013850748538970947,0.014629835883776346,0.99934894,True,True,False,UP in diabetic,high,rs10923360,0.264642061312287,False,0.56572,True
20_44394715_G_A,ENSG00000101074,R3HDML,0.99985826,0.9588311,0.993716,0.99922884,-0.06031465530395508,-0.0032851696014404297,0.0014886260032653809,0.015192031860351562,-0.014544665813446045,0.99985826,True,False,True,DOWN in diabetic,medium,rs191830490,0.919562394411982,False,0.027140586,False
17_68457164_C_G,ENSG00000070540,WIPI1,0.9994687,0.9205166,0.99937063,0.9979413,-0.022455140948295593,-0.0029658079147338867,-0.017305582761764526,-0.0036289095878601074,-0.014463211099306742,0.9994687,True,True,True,DOWN in diabetic,high,rs71378928,0.3157985063552221,False,0.6810391,True
8_41651058_C_A,ENSG00000165066,NKX6-3,0.99902254,0.9996461,0.9992545,0.99911696,-0.014830350875854492,-0.03963971138000488,-0.017428159713745117,-0.011110067367553711,-0.01445619265238444,0.9992545,True,True,False,DOWN in diabetic,high,rs13262861,0.996648272202022,True,0.0050389525,False
11_69674650_C_A,ENSG00000149716,LTO1,0.99922884,0.9988422,0.99908656,0.9986286,-0.017528951168060303,-0.016678035259246826,-0.01339578628540039,-0.012043476104736328,-0.01432273785273234,0.99922884,True,True,False,DOWN in diabetic,high,rs185703700,1.0,False,0.23801374,False
5_77139179_G_A,ENSG00000113231,PDE8B,0.994869,0.8752832,0.9095027,0.99970126,-0.008010506629943848,-0.002615213394165039,-0.001581430435180664,-0.029479503631591797,-0.013023813565572103,0.99970126,True,True,True,DOWN in diabetic,high,rs7732130,0.374547734724301,False,0.04446495,False
11_627276_C_T,ENSG00000069696,DRD4,0.9977213,0.8752832,0.9941265,0.99968034,-0.011724710464477539,-0.0016613006591796875,0.002929091453552246,-0.030120134353637695,-0.012971917788187662,0.99968034,True,False,True,DOWN in diabetic,medium,rs540205414,0.9965888352068,False,0.03982824,False
17_3924792_C_G,ENSG00000108405,P2RX1,0.9981401,0.9981401,0.9995035,0.99911696,-0.009723186492919922,0.011809974908828735,-0.029254794120788574,0.00013941526412963867,-0.01294618844985962,0.9995035,True,False,False,DOWN in diabetic,medium,rs1043246,0.9998392982131006,False,0.053679902,False
5_77139179_G_A,ENSG00000284762,PDE8B,0.991193,0.9673817,0.9205166,0.9997112,-0.007140636444091797,-0.004896640777587891,-0.0018385648727416992,-0.02979147434234619,-0.012923558553059896,0.9997112,True,True,True,DOWN in diabetic,high,rs7732130,0.374547734724301,False,0.063317694,False
7_14849201_G_C,ENSG00000187546,AGMO,0.9986743,0.99876106,0.99831975,0.9988422,0.014063596725463867,0.01380300521850586,0.01116025447845459,0.012746453285217285,0.012656768163045248,0.9988422,True,True,False,UP in diabetic,high,rs13235534,0.729682585148354,False,0.083984725,False
22_19961340_G_C,ENSG00000093010,COMT,0.99837565,0.62210923,0.98921835,0.9992545,-0.012995339930057526,-0.0009140223264694214,-0.005481913685798645,-0.01890847086906433,-0.012461908161640167,0.9992545,True,True,True,DOWN in diabetic,high,rs165656,0.2041739408026095,False,1.047448,True
19_7097047_C_A,ENSG00000125735,TNFSF14,0.9987184,0.8970444,0.9973013,0.9984297,-0.015035390853881836,0.0023555755615234375,-0.01016092300415039,-0.011240452527999878,-0.012145588795344034,0.9987184,True,True,True,DOWN in diabetic,high,rs11670755,0.3338135426278764,False,0.17030744,False
8_117173494_A_G,ENSG00000164756,SLC30A8,0.9977972,0.9614764,0.9994687,0.99922884,0.006409406661987305,0.0034062862396240234,0.008052945137023926,0.02089834213256836,0.011786897977193197,0.9994687,True,True,True,UP in diabetic,high,rs11558471,0.9321362090521224,False,0.027609656,False
1_156236927_T_G,ENSG00000242252,BGLAP,0.9986286,0.9984297,0.9977213,0.9986743,0.012629687786102295,0.01479494571685791,0.00885319709777832,0.013422846794128418,0.011635243892669678,0.9986743,True,True,False,UP in diabetic,high,rs144847100,0.90508608031541,False,0.09929504,False
10_70888579_C_T,ENSG00000166228,PCBD1,0.99934894,0.9995948,0.986804,0.9995035,0.015158355236053467,0.03486841171979904,0.004734545946121216,0.01409979909658432,0.011330900092919668,0.9995035,True,True,False,UP in diabetic,high,rs827237,0.3331480731422078,False,4.4120564,True
12_20426458_G_C,ENSG00000172572,PDE3A,0.9977213,0.9614764,0.99908656,0.99895406,0.009037375450134277,-0.004636287689208984,0.01674097776412964,0.007915019989013672,0.01123112440109253,0.99908656,True,True,True,UP in diabetic,high,rs7488780,0.3171390098063886,False,0.17986637,False
3_186108951_T_G,ENSG00000058866,DGKG,0.99952,0.998918,0.9858853,0.9833016,-0.02530539035797119,-0.01927196979522705,-0.0026885271072387695,-0.005214691162109375,-0.011069536209106445,0.99952,True,True,False,DOWN in diabetic,high,rs869400,0.2084761414841979,False,0.03826789,False
11_2143569_G_C,ENSG00000254647,INS,0.998482,0.18421741,0.9774153,0.99920225,-0.010951995849609375,-5.888938903808594e-05,-0.0034178942441940308,-0.018811702728271484,-0.01106053094069163,0.99920225,True,True,True,DOWN in diabetic,high,rs4366464,0.2529260427617332,False,0.09042726,False
3_184276748_A_G,ENSG00000145194,ECE2,0.99837565,0.9833016,0.99831975,0.998202,-0.012601137161254883,-0.005039691925048828,-0.011484384536743164,-0.00905609130859375,-0.0110472043355306,0.99837565,True,True,True,DOWN in diabetic,high,rs843371,0.2920582053276784,False,0.0022762518,False
12_120655830_C_T,ENSG00000170890,PLA2G1B,0.99888074,0.8584633,0.94809806,0.9992793,-0.01244652271270752,-0.0018019676208496094,-0.00195254385471344,-0.016788601875305176,-0.010395889480908712,0.9992793,True,True,True,DOWN in diabetic,high,rs10588566,0.522211173075524,False,0.17588802,False
17_63589325_C_T,ENSG00000259384,GH1,0.9977972,0.775255,0.99898887,0.9972084,-0.009202241897583008,-0.0008921623229980469,-0.015375494956970215,-0.005950927734375,-0.01017622152964274,0.99898887,True,True,True,DOWN in diabetic,high,rs72845886,0.2258408453731506,False,0.016678661,False
19_1233053_A_C,ENSG00000099625,CBARP,0.998918,0.8752832,0.9788794,0.99911696,0.013342857360839844,-0.0020431876182556152,0.0032619237899780273,0.013401508331298828,0.0100020964940389,0.99911696,True,True,True,UP in diabetic,high,rs36001015,0.2166744562323396,False,0.07598224,False
3_184278425_C_T,ENSG00000145194,ECE2,0.9973013,0.9151803,0.9980761,0.9963409,-0.00977325439453125,-0.0027637481689453125,-0.010689258575439453,-0.009277820587158203,-0.009913444519042969,0.9980761,True,True,True,DOWN in diabetic,high,rs843372,0.4300082060695715,False,0.0022762518,False
12_120646931_C_T,ENSG00000170890,PLA2G1B,0.9984297,0.7684068,0.9960848,0.9988422,0.010698795318603516,0.0010259151458740234,0.007496684789657593,0.011533260345458984,0.00990958015124003,0.9988422,True,True,True,UP in diabetic,high,rs73222780,0.457508246785829,False,0.17588802,False
20_33720469_C_T,ENSG00000101417,PXMP4,0.9990551,0.99922884,0.9980761,0.9367681,-0.015373766422271729,-0.02509218454360962,-0.01115339994430542,-0.0029765069484710693,-0.00983455777168274,0.9990551,True,True,False,DOWN in diabetic,high,rs67611724,0.2533406706972417,False,0.28759903,True
4_185651349_T_C,ENSG00000154556,SORBS2,0.9994864,0.79474694,0.92792165,0.9902553,0.028829097747802734,0.0016677379608154297,0.001926422119140625,-0.0025090277194976807,0.009415497382481893,0.9994864,True,False,True,UP in diabetic,medium,rs11724862,0.658268648053906,False,0.25033316,False
12_4246442_C_T,ENSG00000118971,CCND2,0.9987184,0.531989,0.9943216,0.986804,0.015277653932571411,0.00047013163566589355,0.006962418556213379,0.005813539028167725,0.009351203838984171,0.9987184,True,True,True,UP in diabetic,high,rs189926680,0.9796970866048512,False,1.2571307,True
17_63589646_C_T,ENSG00000288894,ENSG00000288894,0.99581087,0.9960848,0.99831975,0.9950395,0.008254915475845337,0.009011268615722656,0.011567160487174988,0.00787307694554329,0.009231717636187872,0.99831975,True,True,False,UP in diabetic,high,rs72845888,0.6687385670693936,False,1.9309005,True
14_94403023_G_A,ENSG00000186910,SERPINA11,0.9965802,0.8444979,0.99858135,0.98846686,0.00864940881729126,0.0016553401947021484,0.012952364981174469,0.005931824445724487,0.009177866081396738,0.99858135,True,True,True,UP in diabetic,high,rs142501060,0.57968615699661,False,3.5653298,True
11_65516538_G_C,ENSG00000204710,SPDYC,0.998202,0.6116155,0.9939247,0.99256027,-0.012733995914459229,-0.0007550567388534546,-0.007463216781616211,-0.007166743278503418,-0.009121318658192953,0.998202,True,True,True,DOWN in diabetic,high,rs540151161,0.988579211703696,False,0.052707188,False
7_44324927_G_A,ENSG00000106633,GCK,0.9963409,0.9673817,0.97145677,0.9988023,-0.009229421615600586,-0.004522085189819336,-0.004415035247802734,-0.013578534126281738,-0.00907433032989502,0.9988023,True,True,True,DOWN in diabetic,high,rs149725176,0.200183315618767,False,0.014008542,False
10_104388528_G_A,ENSG00000120051,CFAP58,0.93466026,0.9990551,0.98540246,0.9994119,-0.002572774887084961,-0.019661664962768555,0.005463600158691406,0.02398228645324707,0.008957703908284506,0.9994119,True,False,False,UP in diabetic,medium,rs10883996,0.3038906300051511,False,0.0076899617,False
16_72054877_C_T,ENSG00000257017,HP,0.99902254,0.9935001,0.9969102,0.9627358,0.014973461627960205,0.00789499282836914,0.009400293231010437,0.002454102039337158,0.0089426189661026,0.99902254,True,True,False,UP in diabetic,high,rs35254925,0.9901756443812744,False,9.214105,True
11_627276_C_T,ENSG00000099834,CDHR5,0.99943143,0.88665366,0.9996579,0.9997643,0.024088680744171143,0.0015673637390136719,0.03416213393211365,-0.03159719705581665,0.008884539206822714,0.9997643,True,False,True,UP in diabetic,medium,rs540205414,0.9965888352068,False,1.1204048,True
13_26202862_A_G,ENSG00000127870,RNF6,0.99800986,0.9795758,0.9905784,0.9977213,0.011173229664564133,0.00583685515448451,0.005807459354400635,0.009464949369430542,0.00881521279613177,0.99800986,True,True,False,UP in diabetic,high,rs34584161,0.8185319208933491,False,0.70843846,True
16_250400_T_C,ENSG00000206177,HBM,0.9981401,0.879187,0.9914851,0.9976429,0.01022183895111084,0.002390146255493164,0.006455183029174805,0.009718656539916992,0.008798559506734213,0.9981401,True,True,True,UP in diabetic,high,rs56038902,0.8897111852236604,False,0.82571644,True
11_2143760_G_A,ENSG00000254647,INS,0.9950395,0.2328172,0.862855,0.99934894,0.0072972774505615234,7.843971252441406e-05,0.0012181997299194336,0.016817808151245117,0.008444428443908691,0.99934894,True,True,True,UP in diabetic,high,rs1124699,0.4070646834963384,False,0.09042726,False
11_61829740_C_T,ENSG00000124935,SCGB1D2,0.986804,0.31119522,0.99711233,0.9987184,-0.006207704544067383,-0.0001811981201171875,-0.008867859840393066,-0.010228395462036133,-0.008434653282165527,0.9987184,True,True,True,DOWN in diabetic,high,rs174570,0.4699152867007734,False,0.016444426,False
15_58446224_C_T,ENSG00000157450,RNF111,0.99853253,0.84928787,0.99566686,0.9639548,-0.013256669044494629,-0.001886606216430664,-0.00812840461730957,-0.0037463903427124023,-0.008377154668172201,0.99853253,True,True,True,DOWN in diabetic,high,rs12914626,0.9697258376234856,False,0.1389858,False
3_48193002_G_A,ENSG00000164047,CAMP,0.9939247,0.9255302,0.9946926,0.9973013,-0.007630825042724609,-0.0034813880920410156,-0.007143735885620117,-0.010345697402954102,-0.008373419443766275,0.9973013,True,True,True,DOWN in diabetic,high,rs9844505,0.9615364543252232,False,0.025053365,False
11_69674650_C_A,ENSG00000162344,FGF19,0.9980761,0.76137805,0.90346414,0.9969102,0.01203089952468872,-0.0014053583145141602,0.0025466084480285645,0.010286092758178711,0.008287866910298666,0.9980761,True,True,True,UP in diabetic,high,rs185703700,1.0,False,0.15979786,False
1_26695422_G_C,ENSG00000175793,SFN,0.99826187,0.97048765,0.9529964,0.9964625,0.012508869171142578,0.005037069320678711,0.003665059804916382,0.008651018142700195,0.008274982372919718,0.99826187,True,True,False,UP in diabetic,high,rs114165349,0.458341691148397,False,0.627177,True
X_153635030_C_T,ENSG00000130829,DUSP9,0.9992545,0.9741798,0.9987184,0.99962133,0.021761298179626465,-0.003906607627868652,0.013811420649290085,-0.010755829513072968,0.008272296438614527,0.99962133,True,False,True,UP in diabetic,medium,rs4898364,0.498686028327068,False,2.9357862,True
16_3965728_C_T,ENSG00000162104,ADCY9,0.9974778,0.9980761,0.99566686,0.9953638,-0.009952634572982788,-0.01185750961303711,-0.006875038146972656,-0.00794154405593872,-0.008256405591964722,0.9974778,True,True,False,DOWN in diabetic,high,rs879620,0.380434271759569,False,0.29857042,True
6_160513793_C_T,ENSG00000198670,LPA,0.9939247,0.34146425,0.9950395,0.99566686,-0.008117079734802246,-0.00021004676818847656,-0.007472991943359375,-0.009165018796920776,-0.008251696825027466,0.99566686,True,True,True,DOWN in diabetic,high,rs3127570,0.291728401972785,False,0.35391593,True
12_120979503_C_T,ENSG00000135100,HNF1A,0.9965802,0.69829345,0.99711233,0.99566686,0.009073711931705475,-0.0010135173797607422,0.008040383458137512,0.00750211626291275,0.008205403884251913,0.99711233,True,True,True,UP in diabetic,high,rs80019595,0.9986770628925332,True,0.6836676,True
20_64064525_C_A,ENSG00000171700,RGS19,0.9987184,0.356342,0.9899212,0.9928072,0.014644920825958252,-0.00010828673839569092,0.004319906234741211,0.005635946989059448,0.008200258016586304,0.9987184,True,True,True,UP in diabetic,high,rs6062342,0.5033157532957727,False,0.3767631,True
2_164962511_A_T,ENSG00000178662,CSRNP3,0.9946926,0.9977213,0.99739105,0.991193,-0.0071866512298583984,-0.01313638687133789,-0.01033163070678711,-0.006908416748046875,-0.008142232894897461,0.99739105,True,True,False,DOWN in diabetic,high,rs72886118,0.5484784618220699,True,0.047526374,False
1_26695422_G_C,ENSG00000131914,LIN28A,0.9974778,0.89368504,0.99451023,0.9972084,0.010387420654296875,0.002604246139526367,0.007112085819244385,0.0068166255950927734,0.008105377356211344,0.9974778,True,True,True,UP in diabetic,high,rs114165349,0.458341691148397,True,0.08416647,False
5_77139179_G_A,ENSG00000132846,ZBED3,0.91788995,0.7684068,0.97145677,0.9994119,-0.0029124319553375244,0.001671433448791504,-0.0036229491233825684,-0.01752305030822754,-0.008019477128982544,0.9994119,True,True,True,DOWN in diabetic,high,rs7732130,0.374547734724301,True,0.183218,False
7_30688836_C_T,ENSG00000106113,CRHR2,0.9986286,0.69829345,0.9977972,0.9995035,-0.010160684585571289,-0.0009915828704833984,0.0044078826904296875,-0.01829981803894043,-0.008017539978027344,0.9995035,True,False,True,DOWN in diabetic,medium,rs917195,0.9808617680414043,False,0.0040012673,False
19_40272511_A_C,ENSG00000261857,MIA,0.99566686,0.9588311,0.99800986,0.98024946,0.008630752563476562,0.0038868188858032227,0.010799825191497803,0.004553079605102539,0.007994552453358969,0.99800986,True,True,True,UP in diabetic,high,rs553405639,0.509228485146597,False,0.09129443,False
17_63589646_C_T,ENSG00000136485,DCAF7,0.9943216,0.9876632,0.99800986,0.9965802,0.006647035479545593,0.005890488624572754,0.009576402604579926,0.007691830396652222,0.007971756160259247,0.99800986,True,True,False,UP in diabetic,high,rs72845888,0.6687385670693936,False,0.7698855,True
22_43928850_C_T,ENSG00000100344,PNPLA3,0.9899212,0.9065298,0.9952044,0.99566686,-0.006516739726066589,-0.0026885271072387695,-0.008050784468650818,-0.009024262428283691,-0.0078639288743337,0.99566686,True,True,True,DOWN in diabetic,high,rs738408,0.2429302758025573,False,1.1915079,True
11_72752390_G_A,ENSG00000186635,ARAP1,0.9976429,0.9795758,0.94078827,0.9979413,-0.010372623801231384,-0.005910784006118774,-0.0024328604340553284,-0.010774418711662292,-0.007859967648983002,0.9979413,True,True,False,DOWN in diabetic,high,rs7109575,0.377392154274588,False,0.67889386,True
7_44177527_C_T,ENSG00000164708,PGAM2,0.99595016,0.9905784,0.99256027,0.9968039,-0.008153319358825684,-0.007131457328796387,-0.005301028490066528,-0.010124921798706055,-0.007859756549199423,0.9968039,True,True,False,DOWN in diabetic,high,rs2244164,0.3156174122019854,False,0.1260037,False
18_59216087_T_G,ENSG00000134443,GRP,0.994869,0.9781595,0.997013,0.9943216,-0.007994890213012695,0.005059242248535156,-0.007681488990783691,-0.007493019104003906,-0.007723132769266765,0.997013,True,True,False,DOWN in diabetic,high,rs7243357,0.2633422128560403,False,0.028436346,False
3_48172008_A_T,ENSG00000164047,CAMP,0.996215,0.98846686,0.99451023,0.99256027,0.008938312530517578,0.006524562835693359,0.00726771354675293,0.006856441497802734,0.007687489191691081,0.996215,True,True,False,UP in diabetic,high,rs3731529,0.9909235781438944,False,0.025053365,False
12_6750133_G_A,ENSG00000089693,MLF2,0.99566686,0.9899212,0.99551785,0.9914851,0.00850820541381836,0.007339924573898315,0.007512867450714111,0.007013149559497833,0.007678074141343434,0.99566686,True,True,False,UP in diabetic,high,rs55780609,0.2321063457726744,False,3.2832553,True
3_53659043_T_C,ENSG00000157388,CACNA1D,0.986804,0.9733019,0.9963409,0.9966939,-0.005654096603393555,-0.005328178405761719,-0.007718205451965332,-0.00961315631866455,-0.0076618194580078125,0.9966939,True,True,False,DOWN in diabetic,high,rs11713811,0.2416190757741077,False,0.03189323,False
16_250400_T_C,ENSG00000130656,HBZ,0.9977213,0.8902224,0.99711233,0.9123854,0.011463403701782227,0.002914661541581154,0.009480476379394531,0.0020191334187984467,0.0076543378333250684,0.9977213,True,True,True,UP in diabetic,high,rs56038902,0.8897111852236604,False,0.20207198,False
7_102289389_G_T,ENSG00000160999,SH2B2,0.9574425,0.9953638,0.96845114,0.99911696,-0.0036742687225341797,0.009435296058654785,-0.0040819644927978516,-0.014925360679626465,-0.007560531298319499,0.99911696,True,True,False,DOWN in diabetic,high,rs187232969,0.243314583275566,False,0.087555215,False
7_44325263_C_G,ENSG00000058404,CAMK2B,0.9979413,0.98540246,0.998202,0.9815315,0.011602401733398438,0.005942344665527344,0.005999922752380371,0.00487971305847168,0.007494012514750163,0.998202,True,True,False,UP in diabetic,high,rs111242776,0.2328364182811621,False,0.017249217,False
7_100812130_C_T,ENSG00000077080,ACTL6B,0.98438704,0.9766461,0.9463574,0.998482,-0.005796909332275391,-0.00500941276550293,-0.0030663013458251953,-0.012679100036621094,-0.00718077023824056,0.998482,True,True,False,DOWN in diabetic,high,rs182415904,0.3104117214070063,False,0.007929206,False
6_43770093_A_G,ENSG00000112715,VEGFA,0.9953638,0.9963409,0.9963409,0.9899212,0.008067980408668518,0.010125473141670227,0.008538167923688889,0.004907861351966858,0.0071713365614414215,0.9963409,True,True,False,UP in diabetic,high,rs1570360,0.9950827792018256,False,1.0827103,True
12_49869365_G_A,ENSG00000135472,FAIM2,0.9723945,0.48166767,0.998202,0.997013,-0.0040056705474853516,0.00043964385986328125,-0.009856700897216797,-0.007567405700683594,-0.007143259048461914,0.998202,True,True,True,DOWN in diabetic,high,rs7132908,0.8461378464961483,False,0.009734522,False
19_7903283_G_A,ENSG00000131142,CCL25,0.994869,0.4685517,0.9574425,0.99739105,0.008286714553833008,0.0004545450210571289,0.0036382079124450684,0.009485363960266113,0.0071367621421813965,0.99739105,True,True,True,UP in diabetic,high,rs2115107,0.6184273417458,False,0.07665755,False
12_132776116_A_C,ENSG00000204583,LRCOL1,0.98921835,0.24877495,0.98438704,0.99739105,-0.006224393844604492,0.00010585784912109375,-0.005103111267089844,-0.009930670261383057,-0.007086058457692464,0.99739105,True,True,True,DOWN in diabetic,high,rs72624270,0.8566205155791937,False,0.04133238,False
6_39313680_A_C,ENSG00000095981,KCNK16,0.8344978,0.8292812,0.9992545,0.9994687,0.0005538463592529297,-0.001636505126953125,0.009272336959838867,0.011291742324829102,0.007039308547973633,0.9994687,True,True,True,UP in diabetic,high,rs34179517,0.501219657011712,False,0.006496912,False
11_67457697_G_A,ENSG00000173237,C11orf86,0.99711233,0.9123854,0.9979413,0.5440255,-0.010260462760925293,-0.003180265426635742,-0.010405093431472778,-0.0004309713840484619,-0.007032175858815511,0.9979413,True,True,True,DOWN in diabetic,high,rs199749736,0.9997557760104724,False,0.25780076,False
17_37686448_G_C,ENSG00000275410,HNF1B,0.99800986,0.9833016,0.9939247,0.91788995,0.011412084102630615,0.0047397613525390625,0.0070108771324157715,0.002619147300720215,0.007014036178588867,0.99800986,True,True,False,UP in diabetic,high,rs10962,0.9992028127614208,True,0.22534226,False
11_49154506_A_G,ENSG00000086205,FOLH1,0.9935001,0.76137805,0.9935001,0.99204075,-0.007873892784118652,-0.0015158653259277344,-0.006930112838745117,-0.006214499473571777,-0.007006168365478516,0.9935001,True,True,True,DOWN in diabetic,high,rs117109255,0.2576289183421175,False,0.058892474,False
8_41631133_A_C,ENSG00000165066,NKX6-3,0.98273104,0.72342026,0.99914634,0.9888489,0.005469560623168945,0.0010607242584228516,0.018288612365722656,-0.0029108524322509766,0.006949106852213542,0.99914634,True,False,True,UP in diabetic,medium,rs2977852,1.0,True,0.0050389525,False
19_7977563_T_G,ENSG00000178531,CTXN1,0.99089086,0.94078827,0.9932769,0.99739105,0.005754232406616211,0.0032729804515838623,0.005289806053042412,0.009494543075561523,0.006846193845073382,0.99739105,True,True,True,UP in diabetic,high,rs149256473,0.7247048495402858,False,0.21780893,False
X_153635030_C_T,ENSG00000189420,ZFP92,0.9964625,0.9614764,0.9733019,0.98921835,0.009544730186462402,0.004712700843811035,0.004644155502319336,0.006290555000305176,0.006826480229695638,0.9964625,True,True,False,UP in diabetic,high,rs4898364,0.498686028327068,True,0.028236218,False
11_2670270_G_A,ENSG00000254647,INS,0.97502923,0.32641342,0.99204075,0.9984297,-0.004839897155761719,-0.000133514404296875,-0.00542140007019043,-0.010047674179077148,-0.006769657135009766,0.9984297,True,True,True,DOWN in diabetic,high,rs231361,0.9999878482174662,False,0.09042726,False
11_30731153_C_T,ENSG00000131808,FSHB,0.9545266,0.48166767,0.9960848,0.9941265,0.003791332244873047,0.0004563331604003906,0.008312225341796875,0.00818943977355957,0.006764332453409831,0.9960848,True,True,True,UP in diabetic,high,rs2218604,0.2922591277400463,False,0.0054062246,False
10_103303522_T_C,ENSG00000148795,CYP17A1,0.99711233,0.8183989,0.97048765,0.9941265,0.010235190391540527,0.0020241737365722656,0.0032438039779663086,0.006646275520324707,0.006708423296610515,0.99711233,True,True,True,UP in diabetic,high,rs41287490,0.8587280640956159,False,0.095993936,False
12_27475809_T_C,ENSG00000165935,SMCO2,0.9815315,0.89368504,0.9953638,0.9953638,-0.0042266845703125,-0.002576112747192383,-0.008081197738647461,-0.007753610610961914,-0.006687164306640625,0.9953638,True,True,True,DOWN in diabetic,high,rs6487610,0.9389862778134092,False,0.0022509706,False
9_133735466_T_C,ENSG00000187616,MYMK,0.9574425,0.37104118,0.997013,0.9964625,0.0036802291870117188,0.0002701282501220703,0.009092211723327637,0.007136106491088867,0.006636182467142741,0.997013,True,True,True,UP in diabetic,high,rs497622,0.6183967248452495,False,0.007965303,False
7_100812129_G_A,ENSG00000077080,ACTL6B,0.9946926,0.94809806,0.9614764,0.99451023,-0.00802469253540039,-0.003290891647338867,-0.003847360610961914,-0.007898330688476562,-0.006590127944946289,0.9946926,True,True,True,DOWN in diabetic,high,rs147201808,0.3129664040596057,False,0.007929206,False
14_76834520_C_T,ENSG00000100565,LRRC74A,0.9941265,0.37104118,0.9723945,0.9980761,0.006407260894775391,0.00028705596923828125,0.0032546520233154297,0.010077476501464844,0.006579796473185222,0.9980761,True,True,True,UP in diabetic,high,rs2056857,0.769013451865183,False,0.00017504122,False
16_2107078_T_C,ENSG00000162039,MEIOB,0.9914851,0.84928787,0.99551785,0.993716,-0.006492257118225098,-0.0021166838705539703,-0.006324887275695801,-0.006851315498352051,-0.006556153297424316,0.99551785,True,True,True,DOWN in diabetic,high,rs3874658,0.509682227274851,False,0.055615384,False
7_28174995_A_C,ENSG00000153814,JAZF1,0.99858135,0.99902254,0.9963409,0.94270426,0.01299142837524414,0.02112436294555664,0.008648037910461426,-0.0019952058792114258,0.006548086802164714,0.99858135,True,False,False,UP in diabetic,medium,rs10226758,1.0,True,0.16898185,False
12_4246442_C_T,ENSG00000118972,FGF23,0.90030324,0.78842187,0.99711233,0.9939247,0.002313375473022461,0.0017116069793701172,0.009601712226867676,0.007670164108276367,0.006528417269388835,0.99711233,True,True,True,UP in diabetic,high,rs189926680,0.9796970866048512,False,0.006446871,False
6_43852478_A_G,ENSG00000137225,CAPN11,0.9788794,0.8183989,0.9935001,0.9953638,0.004755735397338867,0.0018157958984375,0.006827354431152344,0.007971048355102539,0.006518046061197917,0.9953638,True,True,True,UP in diabetic,high,rs68137036,0.2209051546772835,False,0.006190111,False
1_26695422_G_C,ENSG00000158246,TENT5B,0.99800986,0.9833016,0.92792165,0.99256027,0.011474013328552246,0.006103038787841797,0.0018198415637016296,0.006189227104187012,0.006494360665480296,0.99800986,True,True,False,UP in diabetic,high,rs114165349,0.458341691148397,False,0.30416015,True
2_164962511_A_T,ENSG00000169507,SLC38A11,0.997013,0.57881373,0.8829762,0.99551785,-0.009391427040100098,-0.0007128715515136719,-0.001626729965209961,-0.008371949195861816,-0.006463368733723958,0.997013,True,True,True,DOWN in diabetic,high,rs72886118,0.5484784618220699,False,0.02691686,False
9_4298589_G_A,ENSG00000107249,GLIS3,0.9973013,0.92792165,0.72342026,0.99876106,0.009735941886901855,0.002709627151489258,-0.0002187490463256836,0.009712576866149902,0.006409923235575358,0.99876106,True,False,True,UP in diabetic,medium,rs35338539,0.552105072444569,True,0.04929398,False
4_105145663_C_G,ENSG00000168769,TET2,0.9974778,0.99888074,0.98540246,0.99204075,0.009378552436828613,0.01747196912765503,0.004674822092056274,0.005146384239196777,0.006399919589360555,0.9974778,True,True,False,UP in diabetic,high,rs11729069,0.203494591691428,True,0.18235958,False
1_26695422_G_C,ENSG00000117676,RPS6KA1,0.9932769,0.24877495,0.9588311,0.9965802,0.0075730979442596436,-0.00011962652206420898,0.0035866647958755493,0.007860273122787476,0.006340011954307556,0.9965802,True,True,True,UP in diabetic,high,rs114165349,0.458341691148397,False,0.5112111,True
9_136612314_G_A,ENSG00000184925,LCN12,0.98273104,0.8344978,0.99089086,0.994869,0.0057762861251831055,0.001659393310546875,0.005365550518035889,0.007766366004943848,0.00630273421605428,0.994869,True,True,True,UP in diabetic,high,rs7045408,0.231183063471588,False,0.07170771,False
11_66962403_A_G,ENSG00000213402,PTPRCAP,0.991193,0.839569,0.9965802,0.9849032,-0.006484270095825195,-0.0016723871231079102,-0.007470607757568359,-0.004798859357833862,-0.006251245737075806,0.9965802,True,True,True,DOWN in diabetic,high,rs187863826,0.6204395525030754,False,0.33933178,True
10_69554950_G_C,ENSG00000122859,NEUROG3,0.64244115,0.6116155,0.9984297,0.9723945,-0.0008661746978759766,-0.0006480216979980469,-0.013164997100830078,-0.004634380340576172,-0.006221850713094075,0.9984297,True,True,True,DOWN in diabetic,high,rs537982442,1.0,True,0.0022416501,False
10_92710758_T_C,ENSG00000095596,CYP26A1,0.9905784,0.49457133,0.9639548,0.9946926,0.00697934627532959,-0.00048351287841796875,0.003854990005493164,0.007774949073791504,0.006203095118204753,0.9946926,True,True,True,UP in diabetic,high,rs10882104,0.3159958329474679,False,0.11809834,False
7_44325263_C_G,ENSG00000164708,PGAM2,0.9928072,0.9733019,0.9723945,0.9935001,-0.00754094123840332,-0.0053920745849609375,-0.0035987794399261475,-0.0072449445724487305,-0.006128221750259399,0.9935001,True,True,False,DOWN in diabetic,high,rs111242776,0.2328364182811621,False,0.1260037,False
12_120994314_G_C,ENSG00000135100,HNF1A,0.9966939,0.58996826,0.9939247,0.9963409,0.007737450301647186,-0.00020694732666015625,0.004375383257865906,0.006208258913829923,0.006107030824447672,0.9966939,True,True,True,UP in diabetic,high,rs56348580,0.9740868851099682,True,0.6836676,True
14_21464433_C_T,ENSG00000169385,RNASE2,0.98540246,0.9781595,0.9966939,0.9935001,-0.004348337650299072,0.004354000091552734,-0.00940793752670288,-0.0045214369893074036,-0.006092570722103119,0.9966939,True,True,False,DOWN in diabetic,high,rs11628702,0.4527329280755647,False,0.60844857,True
11_47921826_T_C,ENSG00000196666,FAM180B,0.99566686,0.9928072,0.98024946,0.98214126,0.008299589157104492,0.008487701416015625,0.004843711853027344,0.005078315734863281,0.006073872248331706,0.99566686,True,True,False,UP in diabetic,high,rs185988863,1.0,False,0.0069466643,False
19_2543659_G_T,ENSG00000172000,ZNF556,0.9966939,0.9497837,0.9497837,0.98540246,-0.009659051895141602,-0.004343390464782715,-0.003041505813598633,-0.005429983139038086,-0.0060435136159261065,0.9966939,True,True,False,DOWN in diabetic,high,rs11881553,0.3154209905505893,True,0.05966268,False
3_47083271_T_A,ENSG00000241186,CRIPTO,0.9984297,0.94270426,0.9651347,0.9627358,0.0120619535446167,0.003746509552001953,0.0035744905471801758,0.0023282766342163086,0.0059882402420043945,0.9984297,True,True,False,UP in diabetic,high,rs35053471,0.430690530218255,False,0.0743843,False
12_120728484_T_A,ENSG00000170890,PLA2G1B,0.9928072,0.9774153,0.97585106,0.99581087,0.007413029670715332,0.004075050354003906,0.0027686506509780884,0.007765412330627441,0.0059823642174402876,0.99581087,True,True,False,UP in diabetic,high,rs567123836,1.0,False,0.17588802,False
19_1224287_G_T,ENSG00000196415,PRTN3,0.99551785,0.93248457,0.9627358,0.991193,0.007753252983093262,-0.003460526466369629,0.003290891647338867,0.006859809160232544,0.005967984596888225,0.99551785,True,True,False,UP in diabetic,high,rs35004890,0.2149528239105153,False,0.1475289,False
15_40343658_C_T,ENSG00000233041,PHGR1,0.99256027,0.7541656,0.98921835,0.99800986,-0.006730794906616211,0.0013167858123779297,-0.00584767758846283,-0.005264997482299805,-0.005947823325792949,0.99800986,True,True,True,DOWN in diabetic,high,rs71472431,0.339839562964924,False,0.28138974,False
7_100812129_G_A,ENSG00000106384,MOGAT3,0.9858853,0.9858853,0.9914851,0.9902553,-0.005158938467502594,-0.006490230560302734,-0.006102509796619415,-0.006410419940948486,-0.0058906227350234985,0.9914851,True,True,False,DOWN in diabetic,high,rs147201808,0.3129664040596057,False,0.7653038,True
4_6302515_T_C,ENSG00000109501,WFS1,0.99756175,0.99581087,0.99304605,0.9974778,-0.007794439792633057,-0.007096290588378906,-0.00338783860206604,-0.0063402121886610985,-0.005840830194453399,0.99756175,True,True,False,DOWN in diabetic,high,rs1046317,0.421039747775429,False,0.90850645,True
11_1675619_C_T,ENSG00000254647,INS,0.9367681,0.084500186,0.9065298,0.9977213,-0.0028603076934814453,1.430511474609375e-06,-0.0026046931743621826,-0.011835575103759766,-0.005766858657201131,0.9977213,True,True,True,DOWN in diabetic,high,rs2334499,0.686985622947454,False,0.09042726,False
7_150838895_T_C,ENSG00000002933,TMEM176A,0.996215,0.7313966,0.93466026,0.9863523,0.00854918360710144,-0.0013055801391601562,0.003163449466228485,0.005546629428863525,0.005753087500731151,0.996215,True,True,True,UP in diabetic,high,rs12703104,0.2512907808215745,False,1.6856087,True
4_6301295_C_T,ENSG00000163993,S100P,0.9815315,0.9302391,0.9788794,0.9943216,-0.005008101463317871,0.0033952156081795692,-0.004409134387969971,-0.007642537355422974,-0.005686591068903605,0.9943216,True,True,False,DOWN in diabetic,high,rs1801214,0.2879157254514924,False,7.521303,True
10_79182874_A_G,ENSG00000122852,SFTPA1,0.9928072,0.11803031,0.99204075,0.9917676,-0.006164073944091797,3.170967102050781e-05,-0.006763100624084473,-0.004111766815185547,-0.005679647127787272,0.9928072,True,True,True,DOWN in diabetic,high,rs12571751,0.6163053121950991,False,0.021930913,False
14_94403023_G_A,ENSG00000170054,SERPINA9,0.98846686,0.21673311,0.96845114,0.9966939,0.004969596862792969,9.250640869140625e-05,0.0034575462341308594,0.00850057601928711,0.0056425730387369795,0.9966939,True,True,True,UP in diabetic,high,rs142501060,0.57968615699661,False,0.004650352,False
11_67457697_G_A,ENSG00000175514,GPR152,0.9973013,0.71524596,0.9972084,0.9833016,-0.006754159927368164,-0.0010499954223632812,-0.006324052810668945,-0.0038280487060546875,-0.005635420481363933,0.9973013,True,True,True,DOWN in diabetic,high,rs199749736,0.9997557760104724,False,0.0008510366,False
15_77892951_C_T,ENSG00000166426,CRABP1,0.9917676,0.78842187,0.94270426,0.9939247,-0.006942033767700195,-0.0017664432525634766,-0.003289654850959778,-0.006561398506164551,-0.005597695708274841,0.9939247,True,True,True,DOWN in diabetic,high,rs59577817,0.8667724317551311,False,0.56512827,True
20_62642608_G_A,ENSG00000101188,NTSR1,0.9849032,0.9899212,0.99595016,0.98273104,-0.0042688846588134766,0.00726473331451416,-0.008097648620605469,-0.004388093948364258,-0.005584875742594401,0.99595016,True,True,False,DOWN in diabetic,high,rs34885433,0.3620168250909925,False,0.004123905,False
11_2143760_G_A,ENSG00000205864,KRTAP5-6,0.9963409,0.2328172,0.93248457,0.996215,0.0070497989654541016,7.104873657226562e-05,0.0025207996368408203,0.007143497467041016,0.0055713653564453125,0.9963409,True,True,True,UP in diabetic,high,rs1124699,0.4070646834963384,False,0.002529419,False
20_33710480_C_T,ENSG00000101417,PXMP4,0.99711233,0.94270426,0.99451023,0.9858853,0.009270727634429932,0.003365159034729004,0.004797756671905518,0.00260847806930542,0.005558987458546956,0.99711233,True,True,False,UP in diabetic,high,rs13042148,0.2381042784100863,False,0.28759903,True
11_2143760_G_A,ENSG00000130598,TNNI2,0.9694861,0.8292812,0.97585106,0.9943216,0.0043915510177612305,-0.001696467399597168,0.004754304885864258,0.007422804832458496,0.005522886912027995,0.9943216,True,True,True,UP in diabetic,high,rs1124699,0.4070646834963384,False,0.14286575,False
3_47083271_T_A,ENSG00000283877,ENSG00000283877,0.99756175,0.8444979,0.9463574,0.99230486,0.009433984756469727,0.0021419525146484375,0.003234267234802246,0.0038739442825317383,0.005514065424601237,0.99756175,True,True,True,UP in diabetic,high,rs35053471,0.430690530218255,False,0.024324408,False
1_117624577_A_G,ENSG00000183508,TENT5C,0.99831975,0.72342026,0.68951035,0.99581087,-0.009484648704528809,0.0006191544234752655,-0.0009914636611938477,-0.005979791283607483,-0.005485301216443379,0.99831975,True,True,True,DOWN in diabetic,high,rs826403,0.307245893063256,False,0.56572,True
8_12936769_A_G,ENSG00000250305,TRMT9B,0.99089086,0.44169295,0.839569,0.9968039,-0.006710529327392578,-0.0003762245178222656,-0.0014668703079223633,-0.008226871490478516,-0.005468090375264485,0.9968039,True,True,True,DOWN in diabetic,high,rs2947365,0.3719549562160257,False,0.023399131,False
18_32092229_C_A,ENSG00000134758,RNF138,0.9795758,0.9151803,0.9973013,0.97502923,0.0040180981159210205,0.00311414897441864,0.008888779673725367,0.003392636775970459,0.005433171521872282,0.9973013,True,True,False,UP in diabetic,high,rs531385319,0.420798646704729,False,0.71822125,True
16_81501185_T_C,ENSG00000135697,BCO1,0.991193,0.84928787,0.993716,0.9463574,-0.0062143802642822266,-0.002138376235961914,-0.006472468376159668,-0.003493070602416992,-0.005393306414286296,0.993716,True,True,True,DOWN in diabetic,high,rs2925979,0.9870143741114,False,0.027148126,False
14_94403023_G_A,ENSG00000165953,SERPINA12,0.9574425,0.16780221,0.97502923,0.9952044,0.0037511587142944336,-2.6464462280273438e-05,0.003933429718017578,0.008441150188446045,0.0053752462069193525,0.9952044,True,True,True,UP in diabetic,high,rs142501060,0.57968615699661,False,0.03871165,False
4_76206873_A_G,ENSG00000138755,CXCL9,0.9952044,0.98846686,0.9950395,0.58996826,-0.007557392120361328,-0.0058786869049072266,-0.008031606674194336,-0.0005362033843994141,-0.005375067392985026,0.9952044,True,True,False,DOWN in diabetic,high,rs12508223,0.414271193509843,False,0.013996719,False
2_233211879_C_T,ENSG00000241119,UGT1A9,0.98024946,0.24877495,0.98024946,0.9939247,0.004873752593994141,-3.4809112548828125e-05,0.004631996154785156,0.006553232669830322,0.005352993806203206,0.9939247,True,True,True,UP in diabetic,high,rs78025893,0.3728702973069125,False,0.19757243,False
6_43852478_A_G,ENSG00000262179,MYMX,0.9952044,0.9529964,0.9809011,0.9781595,-0.008844852447509766,-0.003519296646118164,-0.004928231239318848,-0.002129673957824707,-0.00530091921488444,0.9952044,True,True,False,DOWN in diabetic,high,rs68137036,0.2209051546772835,False,0.022215987,False
10_101781296_C_T,ENSG00000107831,FGF8,0.99888074,0.997013,0.9741798,0.98273104,-0.01583552360534668,-0.010615348815917969,0.004482388496398926,-0.004459857940673828,-0.005270997683207194,0.99888074,True,False,False,DOWN in diabetic,medium,rs149987320,0.3433876213425236,False,0.009047343,False
9_136611268_C_T,ENSG00000148411,NACC2,0.96845114,0.82391596,0.9899212,0.99451023,0.004217743873596191,0.0020266175270080566,0.006323188543319702,0.005236506462097168,0.0052591462930043536,0.99451023,True,True,True,UP in diabetic,high,rs7022365,0.638115489983925,True,0.31943935,True
3_186951426_A_G,ENSG00000113905,HRG,0.9964625,0.5440255,0.98024946,0.98024946,-0.00806918740272522,-0.0005543231964111328,-0.00399857759475708,-0.00370924174785614,-0.005259002248446147,0.9964625,True,True,True,DOWN in diabetic,high,rs12632862,0.5516919901115069,False,1.8594413,True
20_64062966_G_T,ENSG00000203883,SOX18,0.99304605,0.9902553,0.99230486,0.9601752,-0.0074613094329833984,-0.007012903690338135,-0.006041467189788818,-0.002210378646850586,-0.005237718423207601,0.99304605,True,True,False,DOWN in diabetic,high,rs35213536,0.2496213063823487,True,0.12684894,False
11_2143760_G_A,ENSG00000214026,MRPL23,0.986804,0.96845114,0.99256027,0.96845114,-0.005505651235580444,-0.004877746105194092,-0.0059166401624679565,-0.004206269979476929,-0.00520952045917511,0.99256027,True,True,False,DOWN in diabetic,high,rs1124699,0.4070646834963384,False,0.3927892,True
9_33626825_C_A,ENSG00000122711,SPINK4,0.9960848,0.9723945,0.9065298,0.99256027,0.008642435073852539,0.004262208938598633,0.0008401274681091309,0.006113648414611816,0.005198736985524495,0.9960848,True,True,False,UP in diabetic,high,rs562506882,1.0,False,0.10048453,False
2_233211879_C_T,ENSG00000244474,UGT1A4,0.7819256,0.32641342,0.97048765,0.9980761,0.0014281272888183594,-0.0001838207244873047,0.0036695003509521484,0.01045835018157959,0.005185325940450032,0.9980761,True,True,True,UP in diabetic,high,rs78025893,0.3728702973069125,False,0.01845048,False
11_2160108_G_A,ENSG00000254647,INS,0.9588311,0.16780221,0.998202,0.99089086,-0.0010936260223388672,-4.458427429199219e-05,0.011586964130401611,0.005035400390625,0.005176246166229248,0.998202,True,False,True,UP in diabetic,medium,rs3842749,0.8587876108665552,False,0.09042726,False
11_65516538_G_C,ENSG00000175315,CST6,0.9950395,0.99451023,0.90030324,0.991193,0.006714820861816406,0.00816655158996582,0.0021070539951324463,0.006676435470581055,0.005166103442509969,0.9950395,True,True,False,UP in diabetic,high,rs540151161,0.988579211703696,False,0.09098339,False
17_63589325_C_T,ENSG00000136485,DCAF7,0.99256027,0.9935001,0.9560082,0.9872408,-0.0065966397523880005,-0.007710210978984833,-0.0034812428057193756,-0.0054003894329071045,-0.005159423997004827,0.99256027,True,True,False,DOWN in diabetic,high,rs72845886,0.2258408453731506,False,0.7698855,True
1_201727924_T_C,ENSG00000159173,TNNI1,0.9895757,0.73917776,0.99256027,0.9302391,-0.006053447723388672,-0.001453399658203125,-0.006436944007873535,-0.0029153823852539062,-0.005135258038838704,0.99256027,True,True,True,DOWN in diabetic,high,rs239991,0.2043966379945792,False,0.016007723,False
17_7608442_A_T,ENSG00000161944,ASGR2,0.98273104,0.531989,0.9932769,0.9497837,0.005524128675460815,0.0006186962127685547,0.00641198456287384,0.003467857837677002,0.005134657025337219,0.9932769,True,True,True,UP in diabetic,high,rs888110,0.39676267591338,False,4.084786,True
11_2887169_C_T,ENSG00000129757,CDKN1C,0.98807174,0.9943216,0.993716,0.9781595,-0.004957258701324463,-0.009294778108596802,-0.00742417573928833,-0.002930108457803726,-0.005103847632805507,0.993716,True,True,False,DOWN in diabetic,high,rs431222,0.5066137096848273,False,2.0148509,True
12_123251537_G_T,ENSG00000197653,DNAH10,0.97585106,0.58996826,0.9809011,0.9914851,0.004128217697143555,0.0007200241088867188,0.004499673843383789,0.006672382354736328,0.005100091298421224,0.9914851,True,True,True,UP in diabetic,high,rs10773000,0.3044742246742058,False,0.008977795,False
11_334878_T_A,ENSG00000184524,CEND1,0.9863523,0.98438704,0.9914851,0.9774153,0.005779147148132324,0.006087541580200195,0.005737125873565674,0.0037839412689208984,0.005100071430206299,0.9914851,True,True,False,UP in diabetic,high,rs10160756,0.993827975559491,False,0.036401156,False
X_129980808_G_A,ENSG00000134594,RAB33A,0.9941265,0.8344978,0.9723945,0.94078827,0.007951498031616211,0.0018252432346343994,0.004251003265380859,0.0030492544174194336,0.005083918571472168,0.9941265,True,True,True,UP in diabetic,high,rs180956060,0.974788988086966,False,0.0781665,False
20_44605008_A_G,ENSG00000124134,KCNS1,0.97585106,0.5674383,0.9788794,0.9905784,0.005094289779663086,0.0007808208465576172,0.004295825958251953,0.005846500396728516,0.005078872044881185,0.9905784,True,True,True,UP in diabetic,high,rs11696357,0.6409012370634304,False,0.005813442,False
17_49013423_C_T,ENSG00000173868,PHOSPHO1,0.9833016,0.9964625,0.9788794,0.993716,0.005384206771850586,0.011208891868591309,0.004261136054992676,0.00553131103515625,0.005058884620666504,0.993716,True,True,False,UP in diabetic,high,rs11079849,0.5450089302408953,False,0.010665621,False
1_26695422_G_C,ENSG00000253368,TRNP1,0.98540246,0.76137805,0.8539419,0.99230486,0.005765467882156372,0.0008081793785095215,0.002066865563392639,0.007335543632507324,0.005055959026018779,0.99230486,True,True,True,UP in diabetic,high,rs114165349,0.458341691148397,False,1.2036183,True
2_164751514_C_G,ENSG00000153253,SCN3A,0.99230486,0.79474694,0.94078827,0.98273104,-0.006874799728393555,-0.0018079280853271484,-0.003219127655029297,-0.005013227462768555,-0.005035718282063802,0.99230486,True,True,True,DOWN in diabetic,high,rs3769893,1.0,False,0.015014176,False
2_164751514_C_G,ENSG00000169507,SLC38A11,0.99595016,0.44169295,0.94456005,0.9651347,-0.008358478546142578,-0.0003180503845214844,-0.00298464298248291,-0.0036635398864746094,-0.005002220471700032,0.99595016,True,True,True,DOWN in diabetic,high,rs3769893,1.0,False,0.02691686,False
19_817394_C_T,ENSG00000172232,AZU1,0.98921835,0.9151803,0.99551785,0.9795758,-0.005233883857727051,-0.0027360916137695312,-0.007437467575073242,-0.002311915159225464,-0.004994422197341919,0.99551785,True,True,False,DOWN in diabetic,high,rs7259714,0.2873140150940835,False,0.1003652,False
17_63504930_T_C,ENSG00000213218,CSH2,0.9876632,0.9205166,0.9976429,0.9651347,0.00421905517578125,0.0022916793823242188,0.008157730102539062,0.002583742141723633,0.0049868424733479815,0.9976429,True,True,True,UP in diabetic,high,rs56913696,0.208124422193102,False,0.013206624,False
12_117977121_G_A,ENSG00000171435,KSR2,0.8584633,0.34146425,0.99930334,0.87126195,-0.0018112659454345703,-0.00013494491577148438,0.017191171646118164,-0.00043845176696777344,0.00498048464457194,0.99930334,True,False,True,UP in diabetic,medium,rs7132351,0.572961499691249,False,0.003075136,False
3_49893910_A_T,ENSG00000179564,LSMEM2,0.9914851,0.9741798,0.9953638,0.9849032,0.0059816837310791016,0.00445866584777832,0.004506684839725494,0.004434943199157715,0.004974437256654103,0.9953638,True,True,False,UP in diabetic,high,rs9815930,0.2990615938058461,False,0.14819036,False
2_233206983_C_T,ENSG00000168918,INPP5D,0.98024946,0.991193,0.98214126,0.9914851,-0.004939556121826172,-0.007419705390930176,-0.0031412839889526367,-0.006801307201385498,-0.0049607157707214355,0.9914851,True,True,False,DOWN in diabetic,high,rs1057258,0.2257168320907655,False,0.11220165,False
12_6630331_T_C,ENSG00000010610,CD4,0.9953638,0.93881017,0.9588311,0.92792165,-0.008594632148742676,-0.003777027130126953,-0.003896951675415039,-0.0023465901613235474,-0.0049460579951604204,0.9953638,True,True,False,DOWN in diabetic,high,rs35104374,0.8956206253079682,False,0.24960764,False
13_109140829_G_A,ENSG00000041515,MYO16,0.9651347,0.97502923,0.9981401,0.9741798,0.0041081905364990234,0.004778385162353516,0.006100177764892578,0.004586458206176758,0.00493160883585612,0.9981401,True,True,False,UP in diabetic,high,rs150813880,0.2052218121142513,False,0.0044188597,False
13_50519978_T_G,ENSG00000186047,DLEU7,0.99876106,0.9614764,0.8970444,0.94270426,-0.009388446807861328,-0.003122568130493164,-0.002273082733154297,-0.0031092166900634766,-0.004923582077026367,0.99876106,True,True,False,DOWN in diabetic,high,rs9316500,0.3392362517468904,False,0.0015504,False
15_40336470_G_A,ENSG00000233041,PHGR1,0.97502923,0.6619072,0.9960848,0.9788794,-0.004115104675292969,-0.0008738040924072266,-0.00739770382642746,-0.003207683563232422,-0.0049068306883176165,0.9960848,True,True,True,DOWN in diabetic,high,rs12911108,0.644226137671012,False,0.28138974,False
15_40104990_C_G,ENSG00000233041,PHGR1,0.9781595,0.44169295,0.9941265,0.94456005,-0.004507780075073242,-0.00036144256591796875,-0.006986454129219055,-0.0031931400299072266,-0.004895791411399841,0.9941265,True,True,True,DOWN in diabetic,high,rs34245505,0.9149013036166538,False,0.28138974,False
9_136611268_C_T,ENSG00000184925,LCN12,0.99204075,0.97145677,0.94809806,0.9815315,0.006865978240966797,0.0051833391189575195,0.0027797818183898926,0.0050356388092041016,0.004893799622853597,0.99204075,True,True,False,UP in diabetic,high,rs7022365,0.638115489983925,False,0.07170771,False
17_63589325_C_T,ENSG00000136487,GH2,0.9662766,0.72342026,0.99711233,0.9230626,-0.003850221633911133,0.0009486675262451172,-0.009259462356567383,-0.0015697479248046875,-0.004893143971761067,0.99711233,True,True,True,DOWN in diabetic,high,rs72845886,0.2258408453731506,False,0.009250044,False
16_75202865_C_G,ENSG00000168925,CTRB1,0.9588311,0.20053048,0.9774153,0.99089086,-0.0037865638732910156,4.506111145019531e-05,-0.0042569637298583984,-0.0065991878509521484,-0.0048809051513671875,0.99089086,True,True,True,DOWN in diabetic,high,rs55993634,0.239348742413381,False,0.011664071,False
16_2107078_T_C,ENSG00000099769,IGFALS,0.9733019,0.64244115,0.9627358,0.991193,-0.004459500312805176,0.0010027885437011719,-0.0038408637046813965,-0.006340086460113525,-0.004880150159200032,0.991193,True,True,True,DOWN in diabetic,high,rs3874658,0.509682227274851,False,0.57366985,True
11_92982947_C_A,ENSG00000134640,MTNR1B,0.7068712,0.58996826,0.9980761,0.9833016,0.0008895397186279297,0.0007753372192382812,0.009942293167114258,0.0037894248962402344,0.004873752593994141,0.9980761,True,True,True,UP in diabetic,high,rs12285500,0.9999999999998864,False,0.0012309538,False
12_120655830_C_T,ENSG00000089041,P2RX7,0.99204075,0.7684068,0.8752832,0.98273104,-0.007356047630310059,-0.0015832185745239258,-0.0022841691970825195,-0.004957437515258789,-0.004865884780883789,0.99204075,True,True,True,DOWN in diabetic,high,rs10588566,0.522211173075524,False,0.05628183,False
11_2708707_C_T,ENSG00000183734,ASCL2,0.99304605,0.9774153,0.8902224,0.9833016,0.0073168277740478516,-0.005216240882873535,0.002026796340942383,0.005231738090515137,0.00485845406850179,0.99304605,True,True,False,UP in diabetic,high,rs7103496,0.552605340139268,True,0.15246597,False
20_33350300_C_A,ENSG00000167104,BPIFB6,0.9960848,0.15129343,0.7313966,0.9601752,0.009296298027038574,3.457069396972656e-05,0.0013113021850585938,0.0039484500885009766,0.004852016766866048,0.9960848,True,True,True,UP in diabetic,high,rs293709,0.4554079713172465,False,0.006715645,False
9_136352316_G_A,ENSG00000213213,CCDC183,0.9905784,0.8183989,0.98273104,0.9662766,0.006653130054473877,0.0018705129623413086,0.0038147270679473877,0.0040018558502197266,0.004823237657546997,0.9905784,True,True,True,UP in diabetic,high,rs61386106,0.2218667557720704,False,0.22395723,False
5_134551620_A_G,ENSG00000152705,CATSPER3,0.9849032,0.9560082,0.9781595,0.9941265,-0.004596710205078125,-0.0036792755126953125,-0.003959178924560547,-0.005910515785217285,-0.004822134971618652,0.9941265,True,True,False,DOWN in diabetic,high,rs2589408,0.502628610996786,False,0.035298854,False
20_59032308_C_T,ENSG00000101162,TUBB1,0.9514159,0.9673817,0.99943143,0.9963409,-0.0006533563137054443,-0.0044574737548828125,0.021385669708251953,-0.006307005882263184,0.004808435837427775,0.99943143,True,False,False,UP in diabetic,medium,rs45551238,0.892095649823927,False,0.43636242,True
8_41559008_T_C,ENSG00000104332,SFRP1,0.9960848,0.9902553,0.7068712,0.9774153,-0.009221673011779785,-0.006865739822387695,-0.0009305477142333984,-0.004148125648498535,-0.004766782124837239,0.9960848,True,True,False,DOWN in diabetic,high,rs74934014,0.9734197187806608,False,1.0124481,True
20_44366172_T_C,ENSG00000101074,R3HDML,0.98807174,0.6116155,0.9917676,0.9788794,-0.005890846252441406,-0.0006580352783203125,-0.003329634666442871,-0.005074977874755859,-0.004765152931213379,0.9917676,True,True,True,DOWN in diabetic,high,rs12625671,0.654434345933402,False,0.027140586,False
11_2174751_T_C,ENSG00000244242,IFITM10,0.9601752,0.98438704,0.9723945,0.99304605,-0.003864765167236328,-0.006342887878417969,-0.003916025161743164,-0.006409049034118652,-0.004729946454366048,0.99304605,True,True,False,DOWN in diabetic,high,rs10743152,0.3295456981339787,False,0.036492724,False
1_6591668_C_T,ENSG00000187017,ESPN,0.991193,0.37104118,0.9601752,0.9694861,0.006463766098022461,0.0001996755599975586,0.0034055709838867188,0.004227161407470703,0.004698832829793294,0.991193,True,True,True,UP in diabetic,high,rs1556036,0.777201189640959,False,0.30137077,True
11_17393643_C_G,ENSG00000006071,ABCC8,0.8344978,0.67131925,0.9960848,0.99581087,-0.0018279552459716797,0.0008666515350341797,-0.006829500198364258,-0.00535273551940918,-0.004670063654581706,0.9960848,True,True,True,DOWN in diabetic,high,rs4148646,0.5417928068917486,False,0.0036960293,False
4_1065916_G_A,ENSG00000178222,RNF212,0.9988422,0.8183989,0.7819256,0.89368504,-0.012891054153442383,-0.0014617443084716797,0.0006639957427978516,-0.0017714500427246094,-0.00466616948445638,0.9988422,True,False,True,DOWN in diabetic,medium,rs144654020,0.999440189543594,False,0.012124668,False
12_49869365_G_A,ENSG00000161798,AQP5,0.9574425,0.862855,0.97585106,0.9928072,-0.0038785934448242188,-0.0021660327911376953,-0.004570960998535156,-0.005525112152099609,-0.004658222198486328,0.9928072,True,True,True,DOWN in diabetic,high,rs7132908,0.8461378464961483,False,0.018028604,False
14_76834520_C_T,ENSG00000013523,ANGEL1,0.986804,0.45522588,0.8752832,0.9939247,0.005751445889472961,0.00032594799995422363,0.0019230246543884277,0.006267279386520386,0.004647249976793925,0.9939247,True,True,True,UP in diabetic,high,rs2056857,0.769013451865183,False,0.50091463,True
7_150838818_T_C,ENSG00000106565,TMEM176B,0.9973013,0.5440255,0.92792165,0.8902224,-0.008973928168416023,-0.00041103363037109375,-0.002664327621459961,-0.0022461116313934326,-0.0046281224737564726,0.9973013,True,True,True,DOWN in diabetic,high,rs6950447,0.2493822754810205,False,3.12508,True
4_6298187_A_G,ENSG00000163993,S100P,0.9662766,0.9205166,0.9723945,0.99204075,0.004103302955627441,0.0026294440031051636,0.004138290882110596,0.005542755126953125,0.004594782988230388,0.99204075,True,True,False,UP in diabetic,high,rs4234731,0.5475101392017944,False,7.521303,True
11_334878_T_A,ENSG00000206013,IFITM5,0.8970444,0.9627358,0.99551785,0.9795758,0.002370595932006836,0.004384517669677734,0.007142543792724609,0.004239320755004883,0.004584153493245442,0.99551785,True,True,False,UP in diabetic,high,rs10160756,0.993827975559491,False,0.009622903,False
4_1065916_G_A,ENSG00000159674,SPON2,0.9941265,0.69829345,0.89368504,0.9723945,0.007086992263793945,0.0012636184692382812,0.0020353496074676514,0.0046113282442092896,0.004577890038490295,0.9941265,True,True,True,UP in diabetic,high,rs144654020,0.999440189543594,False,0.85268617,True
12_20426458_G_C,ENSG00000139155,SLCO1C1,0.94270426,0.34146425,0.99581087,0.9733019,0.0033416748046875,0.0002486705780029297,0.00763392448425293,0.0026633739471435547,0.004546324412027995,0.99581087,True,True,True,UP in diabetic,high,rs7488780,0.3171390098063886,False,0.0027657687,False
12_49869365_G_A,ENSG00000167580,AQP2,0.9230626,0.11803031,0.99581087,0.90346414,-0.0028166770935058594,-2.9325485229492188e-05,-0.00842428207397461,-0.0023703575134277344,-0.004537105560302734,0.99581087,True,True,True,DOWN in diabetic,high,rs7132908,0.8461378464961483,False,0.009915774,False
19_12393701_T_C,ENSG00000161860,SYCE2,0.9876632,0.9367681,0.9774153,0.9932769,-0.005234718322753906,-0.0034127235412597656,-0.003008544445037842,-0.005361318588256836,-0.004534860452016194,0.9932769,True,True,False,DOWN in diabetic,high,rs2910993,0.2618353955188056,False,0.08194073,False
11_74913237_A_G,ENSG00000261594,TPBGL,0.9205166,0.87126195,0.9905784,0.9766461,0.002744436264038086,0.0020787715911865234,0.00600433349609375,0.00481724739074707,0.004522005716959636,0.9905784,True,True,True,UP in diabetic,high,rs75293274,0.291089227619622,False,0.0054398384,False
7_73560539_C_T,ENSG00000106683,LIMK1,0.9872408,0.9788794,0.99551785,0.9463574,-0.005030393600463867,-0.005053043365478516,-0.006680607795715332,-0.001800537109375,-0.004503846168518066,0.99551785,True,True,False,DOWN in diabetic,high,rs3763432,0.455935787806371,False,0.10084112,False
16_72054877_C_T,ENSG00000157429,ZNF19,0.9514159,0.79474694,0.9497837,0.99256027,-0.0037276744842529297,-0.0017971992492675781,-0.0034928321838378906,-0.006196498870849609,-0.00447233517964681,0.99256027,True,True,True,DOWN in diabetic,high,rs35254925,0.9901756443812744,True,0.009970947,False
3_129265010_A_G,ENSG00000169704,GP9,0.9497837,0.9766461,0.9230626,0.99256027,0.0029039382934570312,0.005501985549926758,0.002724170684814453,0.007611989974975586,0.0044133663177490234,0.99256027,True,True,False,UP in diabetic,high,rs7428883,0.2723996956492095,False,0.005387059,False
22_48478498_C_T,ENSG00000219438,TAFA5,0.99089086,0.82391596,0.91788995,0.9872408,0.006119489669799805,-0.0017046928405761719,0.0018765032291412354,0.005224347114562988,0.004406780004501343,0.99089086,True,True,True,UP in diabetic,high,rs13056230,0.2027013434602446,False,0.14728719,False
19_51278201_G_A,ENSG00000213822,CEACAM18,0.8584633,0.9899212,0.986804,0.9973013,-0.0013530254364013672,-0.007393240928649902,-0.00501704216003418,-0.0068007707595825195,-0.004390279452006022,0.9973013,True,True,False,DOWN in diabetic,high,rs148108087,0.9993961534526312,False,0.011765178,False
14_100788835_A_G,ENSG00000254656,RTL1,0.9788794,0.6619072,0.9943216,0.9614764,0.005328178405761719,0.0008749961853027344,0.0054171085357666016,0.002327561378479004,0.004357616106669108,0.9943216,True,True,True,UP in diabetic,high,rs73347525,0.999998602279986,False,0.02098015,False
1_26695422_G_C,ENSG00000176092,CRYBG2,0.9928072,0.74676645,0.600902,0.98438704,0.007138848304748535,0.0015187263488769531,0.0004582405090332031,0.005395174026489258,0.004330754280090332,0.9928072,True,True,True,UP in diabetic,high,rs114165349,0.458341691148397,False,0.13567318,False
17_7608442_A_T,ENSG00000179111,HES7,0.99089086,0.9833016,0.9560082,0.9588311,-0.0062105655670166016,-0.006005406379699707,-0.003726959228515625,-0.0030493736267089844,-0.00432896614074707,0.99089086,True,True,False,DOWN in diabetic,high,rs888110,0.39676267591338,True,0.0045119985,False
3_9473172_G_A,ENSG00000187288,CIDEC,0.9905784,0.68951035,0.90030324,0.98024946,-0.006295442581176758,-0.0011696815490722656,-0.002299368381500244,-0.0043486859649419785,-0.0043144989758729935,0.9905784,True,True,True,DOWN in diabetic,high,rs3915844,0.2050010373692753,False,0.22278972,False
11_2160108_G_A,ENSG00000180176,TH,0.991193,0.88665366,0.9065298,0.9849032,-0.005576610565185547,-0.0022470951080322266,-0.002490997314453125,-0.004851341247558594,-0.004306316375732422,0.991193,True,True,False,DOWN in diabetic,high,rs3842749,0.8587876108665552,False,0.023550047,False
3_14848233_C_A,ENSG00000154783,FGD5,0.9905784,0.99902254,0.9965802,0.879187,0.006679058074951172,-0.019446134567260742,0.007357358932495117,-0.001134634017944336,0.004300594329833984,0.9965802,True,False,False,UP in diabetic,medium,rs1687294,0.2623064516098137,False,0.081561685,False
11_2142702_A_T,ENSG00000180176,TH,0.97145677,0.57881373,0.7068712,0.9932769,0.004599094390869141,0.0005617141723632812,0.001114964485168457,0.0071713924407958984,0.004295150438944499,0.9932769,True,True,True,UP in diabetic,high,rs7111447,0.2899025228591667,False,0.023550047,False
7_44324927_G_A,ENSG00000106631,MYL7,0.9895757,0.68951035,0.9905784,0.8344978,0.004904747009277344,-0.0006000995635986328,0.006192013621330261,0.0017681121826171875,0.004288290937741597,0.9905784,True,True,True,UP in diabetic,high,rs149725176,0.200183315618767,False,0.12420932,False
16_72054877_C_T,ENSG00000277481,PKD1L3,0.9662766,0.8009039,0.82391596,0.9941265,0.004362344741821289,0.001901388168334961,0.0004334449768066406,0.008028984069824219,0.004274924596150716,0.9941265,True,True,True,UP in diabetic,high,rs35254925,0.9901756443812744,False,0.014980932,False
11_14555245_C_T,ENSG00000152270,PDE3B,0.9694861,0.9151803,0.8584633,0.9928072,-0.004328489303588867,-0.002884387969970703,-0.0014595389366149902,-0.007034420967102051,-0.004274149735768636,0.9928072,True,True,False,DOWN in diabetic,high,rs75336838,0.3587679601031603,False,0.34415522,True
17_63505531_C_T,ENSG00000259384,GH1,0.9964625,0.8068961,0.9694861,0.9545266,-0.007126569747924805,-0.001374959945678711,-0.004238724708557129,-0.001394510269165039,-0.004253268241882324,0.9964625,True,True,True,DOWN in diabetic,high,rs8075924,0.331196857344789,False,0.016678661,False
7_150839499_T_C,ENSG00000002726,AOC1,0.994869,0.9965802,0.16780221,0.9733019,-0.008619546890258789,-0.011139392852783203,3.4689903259277344e-05,-0.004111528396606445,-0.004232128461201985,0.994869,True,False,False,DOWN in diabetic,medium,rs4725960,0.251441442760043,False,0.67846006,True
7_72690844_T_C,ENSG00000155428,TRIM74,0.97502923,0.94078827,0.99230486,0.94270426,0.004407405853271484,0.003961086273193359,0.004961729049682617,0.0033049583435058594,0.004224697748819987,0.99230486,True,True,False,UP in diabetic,high,rs139453187,0.9747576313771884,False,0.00571187,False
17_7651218_T_C,ENSG00000129244,ATP1B2,0.9302391,0.84928787,0.9991748,0.98846686,0.001456618309020996,-0.002196013927459717,0.015795528888702393,-0.004607796669006348,0.004214783509572347,0.9991748,True,False,False,UP in diabetic,medium,rs1050528,0.9999999999998864,False,0.0636595,False
11_2486909_T_C,ENSG00000181649,PHLDA2,0.9795758,0.67131925,0.48166767,0.994869,-0.005021393299102783,0.0011596381664276123,0.00021469593048095703,-0.007773637771606445,-0.004193445046742757,0.994869,True,False,True,DOWN in diabetic,medium,rs2188956,0.2308285303492655,False,0.89041823,True
12_4275503_C_T,ENSG00000285901,ENSG00000285901,0.9902553,0.9815315,0.8183989,0.97585106,0.006448596715927124,-0.005967360455542803,0.0011703968048095703,0.004907280206680298,0.004175424575805664,0.9902553,True,True,False,UP in diabetic,high,rs3217791,0.9999999077186644,False,0.8421152,True
15_40104990_C_G,ENSG00000104081,BMF,0.93248457,0.9781595,0.9914851,0.9946926,0.001576349139213562,-0.005855917930603027,0.005809605121612549,0.005132198333740234,0.004172717531522115,0.9946926,True,True,False,UP in diabetic,high,rs34245505,0.9149013036166538,False,0.40233478,True
9_133735079_T_C,ENSG00000187616,MYMK,0.7819256,0.356342,0.97502923,0.9943216,-0.00109100341796875,-0.00023126602172851562,-0.004117131233215332,-0.007259368896484375,-0.004155834515889485,0.9943216,True,True,True,DOWN in diabetic,high,rs493901,0.3138017407603969,False,0.007965303,False
4_1065916_G_A,ENSG00000145217,SLC26A1,0.9065298,0.8068961,0.9545266,0.9935001,0.0024066567420959473,0.0018680095672607422,0.0025543272495269775,0.007372036576271057,0.004111006855964661,0.9935001,True,True,True,UP in diabetic,high,rs144654020,0.999440189543594,False,0.34780467,True
7_44176538_G_A,ENSG00000106633,GCK,0.89368504,0.8539419,0.94809806,0.99595016,-0.0017940998077392578,-0.0023889541625976562,-0.0025861263275146484,-0.007888317108154297,-0.004089514414469401,0.99595016,True,True,False,DOWN in diabetic,high,rs2908290,0.223027622820743,False,0.014008542,False
16_24791651_T_C,ENSG00000103375,AQP8,0.98024946,0.98385334,0.879187,0.99581087,-0.005396842956542969,-0.0064220428466796875,0.0016993582248687744,-0.008488297462463379,-0.0040619273980458575,0.99581087,True,False,False,DOWN in diabetic,medium,rs139403173,0.8277222016702345,False,0.16118738,False
7_90489966_T_C,ENSG00000251154,PTTG1IP2,0.99089086,0.9795758,0.98214126,0.9809011,0.00397801399230957,0.004836320877075195,0.003892183303833008,0.004225492477416992,0.0040318965911865234,0.99089086,True,True,False,UP in diabetic,high,rs17862206,0.4806359860311022,False,0.007060966,False
11_2261503_A_C,ENSG00000254647,INS,0.8009039,0.24877495,0.994869,0.98540246,0.0014209747314453125,6.318092346191406e-05,0.007459461688995361,0.0031480789184570312,0.004009505112965901,0.994869,True,True,True,UP in diabetic,high,rs11021988,0.3258406268779791,False,0.09042726,False
7_150839593_T_C,ENSG00000002726,AOC1,0.9914851,0.996215,0.9545266,0.8752832,-0.006653785705566406,-0.010106325149536133,-0.0037291869521141052,-0.0015996694564819336,-0.003994214038054149,0.9914851,True,True,False,DOWN in diabetic,high,rs7788808,0.2445335443101909,False,0.67846006,True
19_816540_T_C,ENSG00000197561,ELANE,0.97048765,0.99566686,0.9766461,0.9963409,0.0033333301544189453,0.010102987289428711,0.004161953926086426,0.004447579383850098,0.003980954488118489,0.9963409,True,True,False,UP in diabetic,high,rs72982156,0.621853797242129,False,0.06461193,False
11_45370875_C_T,ENSG00000121653,MAPK8IP1,0.92792165,0.9601752,0.9914851,0.9788794,-0.002029895782470703,-0.00394892692565918,-0.005097389221191406,-0.004628896713256836,-0.0039187272389729815,0.9914851,True,True,False,DOWN in diabetic,high,rs11038415,0.3110428117762602,False,0.0048926,False
11_74913237_A_G,ENSG00000137491,SLCO2B1,0.9935001,0.9972084,0.9662766,0.69829345,0.006894752383232117,0.011310815811157227,0.00385323166847229,0.0008626580238342285,0.003870214025179545,0.9935001,True,True,False,UP in diabetic,high,rs75293274,0.291089227619622,False,0.6702246,True
9_136612314_G_A,ENSG00000284341,ENSG00000284341,0.9914851,0.8829762,0.45522588,0.9795758,0.007163286209106445,0.0028061866760253906,0.00037047266960144043,0.00406588613986969,0.0038665483395258584,0.9914851,True,True,False,UP in diabetic,high,rs7045408,0.231183063471588,False,0.76952744,True
6_127077233_A_G,ENSG00000184530,C6orf58,0.9205166,0.79474694,0.991193,0.93248457,-0.0026946067810058594,-0.0016295909881591797,-0.0060656070709228516,-0.0028138160705566406,-0.0038580099741617837,0.991193,True,True,True,DOWN in diabetic,high,rs7754405,1.0,False,0.0044362587,False
20_44627796_G_A,ENSG00000196839,ADA,0.9588311,0.97502923,0.9529964,0.9914851,0.004009127616882324,0.004927396774291992,0.0020850300788879395,0.0054285526275634766,0.0038409034411112466,0.9914851,True,True,False,UP in diabetic,high,rs56062745,0.3454167818257018,False,0.11073739,False
17_63589646_C_T,ENSG00000136488,CSH1,0.58996826,0.74676645,0.99595016,0.9781595,0.0004730224609375,-0.0012738704681396484,0.008082389831542969,0.0029528141021728516,0.00383607546488444,0.99595016,True,True,True,UP in diabetic,high,rs72845888,0.6687385670693936,False,0.010699947,False
17_46864000_A_G,ENSG00000158955,WNT9B,0.97048765,0.5440255,0.986804,0.99256027,0.0038486719131469727,0.0005254745483398438,0.0024399757385253906,0.005189299583435059,0.003825982411702474,0.99256027,True,True,True,UP in diabetic,high,rs2165846,0.9798617240417128,False,0.0426147,False
16_75200974_C_A,ENSG00000168928,CTRB2,0.8902224,0.18421741,0.93248457,0.9902553,-0.0024366378784179688,-3.4332275390625e-05,-0.0030809640884399414,-0.005948543548583984,-0.0038220485051472983,0.9902553,True,True,True,DOWN in diabetic,high,rs72802342,0.9977094844641524,False,0.014240569,False
X_153635030_C_T,ENSG00000130822,PNCK,0.9972084,0.9781595,0.3855568,0.74676645,0.00995945930480957,-0.005375862121582031,0.0001882314682006836,0.0012285709381103516,0.0037920872370402017,0.9972084,True,True,False,UP in diabetic,high,rs4898364,0.498686028327068,False,0.06016195,False
20_33712865_G_A,ENSG00000125999,BPIFB1,0.9914851,0.58996826,0.600902,0.98214126,0.00686568021774292,0.0006389617919921875,-0.0007565021514892578,0.005239009857177734,0.0037827293078104654,0.9914851,True,False,True,UP in diabetic,medium,rs34587839,0.2568071622635944,False,0.07955877,False
1_26291283_C_T,ENSG00000188782,CATSPER4,0.9614764,0.84928787,0.9960848,0.8344978,-0.003188610076904297,-0.002022266387939453,-0.006573677062988281,-0.0015635490417480469,-0.0037752787272135415,0.9960848,True,True,False,DOWN in diabetic,high,rs6696025,0.408151369894613,False,0.0013417404,False
11_2486909_T_C,ENSG00000254647,INS,0.9205166,0.16780221,0.993716,0.9588311,-0.0025963783264160156,2.1219253540039062e-05,-0.0056736767292022705,-0.003032684326171875,-0.0037675797939300537,0.993716,True,True,True,DOWN in diabetic,high,rs2188956,0.2308285303492655,False,0.09042726,False
3_12288284_C_T,ENSG00000157150,TIMP4,0.99451023,0.8902224,0.88665366,0.8902224,-0.00769805908203125,-0.0017720460891723633,-0.0018184781074523926,-0.0017681121826171875,-0.003761549790700277,0.99451023,True,True,True,DOWN in diabetic,high,rs17036160,0.4096691069926516,False,0.12946595,False
11_2486909_T_C,ENSG00000129757,CDKN1C,0.99204075,0.73917776,0.94078827,0.88665366,-0.006311744451522827,0.0013322532176971436,-0.003155350685119629,-0.001804836094379425,-0.003757310410340627,0.99204075,True,True,True,DOWN in diabetic,high,rs2188956,0.2308285303492655,False,2.0148509,True
14_94403023_G_A,ENSG00000258597,SERPINA2,0.9905784,0.20053048,0.48166767,0.9953638,0.004728555679321289,-7.367134094238281e-05,-2.6941299438476562e-05,0.006534099578857422,0.0037452379862467446,0.9953638,True,False,True,UP in diabetic,medium,rs142501060,0.57968615699661,False,0.002764039,False
21_41204348_G_A,ENSG00000183486,MX2,0.9902553,0.9151803,0.94456005,0.73917776,0.0069942474365234375,0.003163576126098633,0.0032671689987182617,0.0009245872497558594,0.003728667894999186,0.9902553,True,True,False,UP in diabetic,high,rs35291683,0.2580536158728,False,0.05159476,False
5_102534436_G_A,ENSG00000205359,SLCO6A1,0.9741798,0.87126195,0.991193,0.39988402,0.004420280456542969,0.0022809505462646484,0.006583452224731445,0.0001773834228515625,0.0037270387013753257,0.991193,True,True,False,UP in diabetic,high,rs145762933,0.2547076218425403,False,0.0019400172,False
1_112587437_A_G,ENSG00000184599,TAFA3,0.9151803,0.57881373,0.9902553,0.8902224,0.0028235912322998047,0.00057220458984375,0.006224632263183594,0.0021283626556396484,0.0037255287170410156,0.9902553,True,True,True,UP in diabetic,high,rs12730156,0.6829436542447417,False,0.0024478564,False
14_94239493_C_T,ENSG00000170054,SERPINA9,0.994869,0.49457133,0.84928787,0.9065298,0.007053852081298828,0.00040602684020996094,0.0018341541290283203,0.0022736787796020508,0.003720561663309733,0.994869,True,True,True,UP in diabetic,high,rs145991774,0.4192146061940959,False,0.004650352,False
19_1224287_G_T,ENSG00000172232,AZU1,0.91788995,0.5558421,0.90030324,0.9932769,-0.0025587081909179688,0.0005968809127807617,-0.002517104148864746,-0.006027191877365112,-0.0037010014057159424,0.9932769,True,True,True,DOWN in diabetic,high,rs35004890,0.2149528239105153,False,0.1003652,False
11_2557933_A_G,ENSG00000254647,INS,0.9529964,0.24877495,0.9774153,0.9950395,-0.0033397674560546875,-6.842613220214844e-05,-0.004519671201705933,-0.0031690597534179688,-0.0036761661370595298,0.9950395,True,True,True,DOWN in diabetic,high,rs2283164,0.9999992837853292,False,0.09042726,False
11_67457697_G_A,ENSG00000175463,TBC1D10C,0.9614764,0.7068712,0.9928072,0.8444979,-0.004136919975280762,0.0011953115463256836,-0.005938410758972168,-0.0007535219192504883,-0.003609617551167806,0.9928072,True,True,True,DOWN in diabetic,high,rs199749736,0.9997557760104724,False,0.035850007,False
12_4275503_C_T,ENSG00000118972,FGF23,0.7684068,0.39988402,0.99256027,0.90030324,0.0014100074768066406,0.0002906322479248047,0.0068520307540893555,0.002485036849975586,0.0035823583602905273,0.99256027,True,True,True,UP in diabetic,high,rs3217791,0.9999999077186644,False,0.006446871,False
9_137477733_C_T,ENSG00000279073,ENSG00000279073,0.9899212,0.9858853,0.9905784,0.862855,-0.004886746406555176,-0.0063991546630859375,-0.004224404692649841,-0.0015134811401367188,-0.0035415440797805786,0.9905784,True,True,False,DOWN in diabetic,high,rs2002003,0.2528538067316215,False,0.29438275,True
19_45652917_C_T,ENSG00000008438,PGLYRP1,0.991193,0.90346414,0.9560082,0.9651347,0.005467653274536133,0.002370595932006836,0.003337383270263672,0.0018184185028076172,0.003541151682535807,0.991193,True,True,False,UP in diabetic,high,rs62111720,0.3159510017328387,False,0.009340949,False
16_250400_T_C,ENSG00000188536,HBA2,0.99756175,0.79474694,0.96845114,0.84928787,0.010542869567871094,0.0015771985054016113,0.0017404761165380478,-0.001708492636680603,0.003524951015909513,0.99756175,True,False,True,UP in diabetic,medium,rs56038902,0.8897111852236604,False,3.0399163,True
7_44176538_G_A,ENSG00000164708,PGAM2,0.9545266,0.862855,0.97048765,0.99256027,0.0038841962814331055,0.0025283098220825195,0.00183907151222229,0.0048177242279052734,0.0035136640071868896,0.99256027,True,True,False,UP in diabetic,high,rs2908290,0.223027622820743,False,0.1260037,False
11_61829740_C_T,ENSG00000124939,SCGB2A1,0.775255,0.531989,0.9905784,0.98385334,0.0008945465087890625,-0.0005578994750976562,0.005803823471069336,0.003840923309326172,0.0035130977630615234,0.9905784,True,True,True,UP in diabetic,high,rs174570,0.4699152867007734,False,0.0055905194,False
19_18701214_A_G,ENSG00000105664,COMP,0.9230626,0.9627358,0.9694861,0.9917676,0.002122163772583008,-0.0040967464447021484,0.003553733229637146,0.0048226118087768555,0.003499502936999003,0.9917676,True,True,False,UP in diabetic,high,rs4808845,0.2414695596296354,False,0.18436293,False
2_164960909_G_A,ENSG00000178662,CSRNP3,0.9914851,0.7819256,0.48166767,0.98273104,-0.005977630615234375,-0.00043964385986328125,-0.0003185868263244629,-0.0041664838790893555,-0.003487567106882731,0.9914851,True,True,True,DOWN in diabetic,high,rs61457616,0.2305153843544772,True,0.047526374,False
11_1675619_C_T,ENSG00000205864,KRTAP5-6,0.9941265,0.16780221,0.8671202,0.9095027,-0.0061032772064208984,-3.886222839355469e-05,-0.001871347427368164,-0.002450704574584961,-0.0034751097361246743,0.9941265,True,True,True,DOWN in diabetic,high,rs2334499,0.686985622947454,False,0.002529419,False
1_1716097_C_T,ENSG00000215915,ATAD3C,0.94456005,0.427956,0.4685517,0.9946926,0.0034389495849609375,-0.00020956993103027344,0.00024044513702392578,0.006649017333984375,0.0034428040186564126,0.9946926,True,True,True,UP in diabetic,high,rs115980964,0.249444636533352,False,0.042409737,False
11_8670792_G_A,ENSG00000166405,RIC3,0.8444979,0.69829345,0.9463574,0.99204075,0.0019245147705078125,-0.0008358955383300781,0.0034592151641845703,0.004851341247558594,0.0034116903940836587,0.99204075,True,True,True,UP in diabetic,high,rs36092927,0.999999755233178,False,0.037745472,False
17_57879064_C_T,ENSG00000005381,MPO,0.99089086,0.94078827,0.93248457,0.8584633,0.006402015686035156,0.0034978389739990234,0.002870321273803711,0.0009054616093635559,0.0033925995230674744,0.99089086,True,True,False,UP in diabetic,high,rs2586046,0.2698548000090228,False,0.21477836,False
X_153634467_A_G,ENSG00000284987,ENSG00000284987,0.9939247,0.7068712,0.8829762,0.94456005,0.006641030311584473,-0.0007947683334350586,0.002126634120941162,0.001408696174621582,0.0033921202023824057,0.9939247,True,True,True,UP in diabetic,high,rs5945326,0.201310670152668,False,0.11487236,False
17_63589646_C_T,ENSG00000259384,GH1,0.9899212,0.9065298,0.99256027,0.9809011,-0.005858898162841797,0.0025866031646728516,-0.006533622741699219,0.0022881031036376953,-0.0033681392669677734,0.99256027,True,False,False,DOWN in diabetic,medium,rs72845888,0.6687385670693936,False,0.016678661,False
7_150844111_C_A,ENSG00000002726,AOC1,0.98438704,0.9514159,0.8127267,0.9914851,-0.004851818084716797,-0.004121541976928711,0.0014127790927886963,-0.0065495967864990234,-0.003329545259475708,0.9914851,True,False,False,DOWN in diabetic,medium,rs116972354,0.9840604968831992,False,0.67846006,True
10_13217439_G_T,ENSG00000151468,CCDC3,0.99204075,0.9545266,0.8902224,0.9065298,-0.007125735282897949,-0.00423741340637207,-0.001859293202869594,-0.0009188055992126465,-0.00330127802832673,0.99204075,True,True,False,DOWN in diabetic,high,rs144161359,0.5096728354385404,False,0.26196328,False
10_69726795_C_T,ENSG00000122859,NEUROG3,0.5440255,0.2328172,0.8444979,0.9943216,-0.00022840499877929688,5.7220458984375e-06,-0.0013854503631591797,-0.00809931755065918,-0.0032377243041992188,0.9943216,True,True,True,DOWN in diabetic,high,rs7093577,0.255335771960321,True,0.0022416501,False
10_88237813_C_T,ENSG00000204020,LIPN,0.88665366,0.90346414,0.94456005,0.9914851,-0.002018451690673828,-0.0029664039611816406,-0.0013151168823242188,-0.006373763084411621,-0.003235777219136556,0.9914851,True,True,False,DOWN in diabetic,high,rs72634988,0.9831257899058669,False,0.004487291,False
20_44394715_G_A,ENSG00000124120,TTPAL,0.8183989,0.9367681,0.57881373,0.993716,0.0014677941799163818,0.003831803798675537,0.0006026029586791992,0.007476210594177246,0.0031822025775909424,0.993716,True,True,False,UP in diabetic,high,rs191830490,0.919562394411982,False,0.35057843,True
11_113675334_A_T,ENSG00000166736,HTR3A,0.94270426,0.93466026,0.9943216,0.67131925,0.0031118392944335938,0.003553628921508789,0.00720667839050293,-0.0007894039154052734,0.0031763712565104165,0.9943216,True,False,False,UP in diabetic,medium,rs118074267,0.8158831788589238,False,0.004697,False
14_21464433_C_T,ENSG00000173431,RNASE8,0.99551785,0.26459876,0.93466026,0.775255,-0.006224632263183594,-0.00010824203491210938,-0.002105712890625,-0.0010612010955810547,-0.0031305154164632163,0.99551785,True,True,True,DOWN in diabetic,high,rs11628702,0.4527329280755647,False,0.0020061026,False
12_124024429_G_C,ENSG00000179195,ZNF664,0.79474694,0.99837565,0.73917776,0.9969102,-0.0006321966648101807,-0.014992828946560621,-0.0013672411441802979,-0.007342589553445578,-0.003114009120812019,0.9969102,True,True,False,DOWN in diabetic,high,rs11057418,0.982343344653152,True,1.1466277,True
10_79182863_C_T,ENSG00000122852,SFTPA1,0.9463574,0.067658216,0.9946926,0.67131925,0.0032465457916259766,-1.9073486328125e-06,0.006632447242736816,-0.0006945133209228516,0.003061493237813314,0.9946926,True,False,True,UP in diabetic,medium,rs810517,0.3007728888017957,False,0.021930913,False
22_19961340_G_C,ENSG00000099889,ARVCF,0.9673817,0.51973367,0.48166767,0.99204075,-0.00429224967956543,0.0005431175231933594,0.0003927648067474365,-0.005251586437225342,-0.0030503571033477783,0.99204075,True,False,True,DOWN in diabetic,medium,rs165656,0.2041739408026095,False,0.2832284,True
8_41534069_A_G,ENSG00000165066,NKX6-3,0.94270426,0.8183989,0.8752832,0.9902553,-0.003503084182739258,-0.001653909683227539,-0.0015125274658203125,-0.0041310787200927734,-0.0030488967895507812,0.9902553,True,True,False,DOWN in diabetic,high,rs10096250,0.9999999971261246,True,0.0050389525,False
10_79182874_A_G,ENSG00000185303,SFTPA2,0.8292812,0.13469982,0.9939247,0.68951035,0.0016222000122070312,-2.4080276489257812e-05,0.0075432658195495605,-4.76837158203125e-05,0.0030392607053120932,0.9939247,True,False,True,UP in diabetic,medium,rs12571751,0.6163053121950991,False,0.039506108,False
20_33712865_G_A,ENSG00000198183,BPIFA1,0.531989,0.37104118,0.89368504,0.9952044,0.0004096031188964844,-0.00010085105895996094,0.0023555755615234375,0.006112575531005859,0.0029592514038085938,0.9952044,True,True,True,UP in diabetic,high,rs34587839,0.2568071622635944,False,0.0031647559,False
8_143325691_A_G,ENSG00000261667,LY6L,0.3855568,0.28028134,0.9972084,0.58996826,-0.00013303756713867188,-0.000110626220703125,-0.008176565170288086,-0.0005135536193847656,-0.0029410521189371743,0.9972084,True,True,True,DOWN in diabetic,high,rs56021206,0.239232175897148,False,0.0013868759,False
19_44893408_G_T,ENSG00000267467,APOC4,0.99089086,0.9895757,0.9205166,0.28028134,-0.005909472703933716,-0.007028818130493164,-0.002860723063349724,6.526708602905273e-05,-0.0029016428937514624,0.99089086,True,False,False,DOWN in diabetic,medium,rs59007384,0.32827029281371,False,3.9122326,True
17_63589325_C_T,ENSG00000213218,CSH2,0.94456005,0.74676645,0.99089086,0.8584633,-0.0027582645416259766,-0.0005424022674560547,-0.004660844802856445,-0.0012812614440917969,-0.0029001235961914062,0.99089086,True,True,True,DOWN in diabetic,high,rs72845886,0.2258408453731506,False,0.013206624,False
11_2143760_G_A,ENSG00000180176,TH,0.994869,0.68051964,0.90030324,0.94078827,-0.0060422420501708984,0.0007641315460205078,-0.0014386177062988281,-0.001203298568725586,-0.002894719441731771,0.994869,True,True,True,DOWN in diabetic,high,rs1124699,0.4070646834963384,False,0.023550047,False
12_4275678_T_G,ENSG00000118972,FGF23,0.74676645,0.71524596,0.8183989,0.9935001,-0.0012693405151367188,-0.0012328624725341797,-0.0017701387405395508,-0.005440950393676758,-0.0028268098831176758,0.9935001,True,True,True,DOWN in diabetic,high,rs76895963,1.0,False,0.006446871,False
15_40343658_C_T,ENSG00000140323,DISP2,0.94270426,0.62210923,0.9905784,0.73917776,-0.002635955810546875,0.0006856918334960938,-0.005418181419372559,-0.00037360191345214844,-0.002809246381123861,0.9905784,True,True,True,DOWN in diabetic,high,rs71472431,0.339839562964924,False,0.008218357,False
11_65706327_C_A,ENSG00000175315,CST6,0.99089086,0.9788794,0.50726056,0.9205166,0.005836963653564453,0.004773616790771484,0.00031131505966186523,0.002263307571411133,0.0028038620948791504,0.99089086,True,True,False,UP in diabetic,high,rs10750766,0.864693070068697,False,0.09098339,False
12_3921938_C_T,ENSG00000118972,FGF23,0.45522588,0.29581574,0.9917676,0.879187,-0.00020384788513183594,0.0001239776611328125,-0.006089568138122559,-0.0020437240600585938,-0.0027790466944376626,0.9917676,True,True,True,DOWN in diabetic,high,rs10848958,0.268590097465389,False,0.006446871,False
15_90968030_A_G,ENSG00000284946,ENSG00000284946,0.993716,0.9497837,0.9205166,0.879187,0.00397113710641861,0.0026660263538360596,0.0027509331703186035,0.0016136951744556427,0.002778588483730952,0.993716,True,True,False,UP in diabetic,high,rs12910825,0.348580592116131,False,0.87770444,True
1_6591668_C_T,ENSG00000173673,HES3,0.90346414,0.9815315,0.9946926,0.65228176,-0.0020172595977783203,-0.005417585372924805,-0.005501985549926758,-0.0007970333099365234,-0.002772092819213867,0.9946926,True,True,False,DOWN in diabetic,high,rs1556036,0.777201189640959,True,0.0006573479,False
11_69674650_C_A,ENSG00000075388,FGF4,0.65228176,0.34146425,0.9960848,0.775255,0.0006983280181884766,-0.00020647048950195312,0.008299589157104492,-0.0006957054138183594,0.0027674039204915366,0.9960848,True,False,True,UP in diabetic,medium,rs185703700,1.0,False,0.0068787388,False
17_63505531_C_T,ENSG00000136488,CSH1,0.9514159,0.839569,0.7313966,0.99787045,0.002975940704345703,0.001947641372680664,-0.0013250112533569336,0.0066373348236083984,0.002762754758199056,0.99787045,True,False,False,UP in diabetic,medium,rs8075924,0.331196857344789,False,0.010699947,False
19_1224287_G_T,ENSG00000129951,PLPPR3,0.9905784,0.92792165,0.8671202,0.5674383,0.0058432817459106445,0.0031719207763671875,0.0019924044609069824,0.000438690185546875,0.0027581254641215005,0.9905784,True,True,False,UP in diabetic,high,rs35004890,0.2149528239105153,False,0.104645595,False
4_76206873_A_G,ENSG00000169245,CXCL10,0.99204075,0.93881017,0.93881017,0.8444979,-0.006850719451904297,-0.003314971923828125,-0.0027097463607788086,0.0013213157653808594,-0.0027463833491007486,0.99204075,True,False,False,DOWN in diabetic,medium,rs12508223,0.414271193509843,False,0.07509575,False
17_63589325_C_T,ENSG00000136488,CSH1,0.9914851,0.39988402,0.9627358,0.8183989,0.0045397281646728516,5.221366882324219e-05,0.0028057098388671875,0.0008184909820556641,0.0027213096618652344,0.9914851,True,True,True,UP in diabetic,high,rs72845886,0.2258408453731506,False,0.010699947,False
11_113675334_A_T,ENSG00000149295,DRD2,0.839569,0.20053048,0.9953638,0.50726056,-0.001294851303100586,-5.14984130859375e-05,-0.006445169448852539,-0.00038623809814453125,-0.0027087529500325522,0.9953638,True,True,True,DOWN in diabetic,high,rs118074267,0.8158831788589238,False,0.0024982851,False
13_53533448_G_T,ENSG00000102837,OLFM4,0.99089086,0.67131925,0.8539419,0.8292812,-0.005048036575317383,-0.0011417865753173828,-0.0017130598425865173,-0.0013208985328674316,-0.002693998316923777,0.99089086,True,True,True,DOWN in diabetic,high,rs9568868,0.2167288715994813,False,0.5499755,True
10_48150339_C_T,ENSG00000264717,NPY4R2,0.64244115,0.3855568,0.9932769,0.879187,0.0007035732269287109,-0.00023102760314941406,0.005150318145751953,0.0022280216217041016,0.0026939709981282554,0.9932769,True,True,True,UP in diabetic,high,rs1429830,0.242037972080147,False,0.0020355245,False
19_2543659_G_T,ENSG00000099860,GADD45B,0.9673817,0.76137805,0.89368504,0.991193,0.0031244754791259766,-0.0013827979564666748,-0.002093493938446045,0.006700307130813599,0.0025770962238311768,0.991193,True,False,False,UP in diabetic,medium,rs11881553,0.3154209905505893,False,2.1778347,True
12_4294710_C_T,ENSG00000118972,FGF23,0.62210923,0.73917776,0.9952044,0.5440255,0.0005867481231689453,0.0012578964233398438,0.007226109504699707,-0.00013208389282226562,0.002560257911682129,0.9952044,True,False,True,UP in diabetic,medium,rs3217893,0.999989952329176,False,0.006446871,False
6_53237163_C_T,ENSG00000174156,GSTA3,0.356342,0.9255302,0.9928072,0.839569,4.887580871582031e-05,-0.0033426284790039062,0.006411552429199219,0.0011146068572998047,0.0025250116984049478,0.9928072,True,True,False,UP in diabetic,high,rs139683020,0.8984926690973138,False,0.011932194,False
4_76206873_A_G,ENSG00000138760,SCARB2,0.7684068,0.58996826,0.8344978,0.9960848,0.0008815005421638489,-0.0007297992706298828,-0.0012902772286906838,0.007961994735524058,0.002517739349665741,0.9960848,True,False,True,UP in diabetic,medium,rs12508223,0.414271193509843,False,0.87845093,True
7_44176538_G_A,ENSG00000106624,AEBP1,0.9932769,0.97145677,0.600902,0.48166767,0.007873296737670898,0.005306720733642578,-0.0006571188569068909,0.00030604004859924316,0.0025074059764544168,0.9932769,True,False,False,UP in diabetic,medium,rs2908290,0.223027622820743,True,0.76887274,True
19_44893408_G_T,ENSG00000130204,TOMM40,0.8444979,0.9723945,0.600902,0.99787045,-0.0011034458875656128,-0.005317121744155884,0.00036215782165527344,0.008251577615737915,0.0025034298499425254,0.99787045,True,False,False,UP in diabetic,medium,rs59007384,0.32827029281371,False,1.3173871,True
19_2543659_G_T,ENSG00000167476,JSRP1,0.82391596,0.531989,0.94809806,0.99204075,-0.0010509490966796875,-6.341934204101562e-05,-0.0026115775108337402,-0.0038022398948669434,-0.002488255500793457,0.99204075,True,True,True,DOWN in diabetic,high,rs11881553,0.3154209905505893,False,0.7688353,True
12_4203324_A_G,ENSG00000118972,FGF23,0.65228176,0.7541656,0.9917676,0.76137805,0.0007863044738769531,-0.0011658668518066406,0.006078362464904785,0.0005986690521240234,0.002487778663635254,0.9917676,True,True,True,UP in diabetic,high,rs191441844,0.384210312667564,False,0.006446871,False
7_73560539_C_T,ENSG00000146755,TRIM50,0.96845114,0.64244115,0.69829345,0.99204075,-0.002909362316131592,-0.0007531642913818359,0.0010148882865905762,-0.005555212497711182,-0.002483228842417399,0.99204075,True,False,True,DOWN in diabetic,medium,rs3763432,0.455935787806371,False,0.3107707,True
19_51278201_G_A,ENSG00000142511,GPR32,0.68951035,0.9514159,0.90346414,0.9935001,0.0008721351623535156,0.004420280456542969,0.002498149871826172,0.003958702087402344,0.0024429957071940103,0.9935001,True,True,False,UP in diabetic,high,rs148108087,0.9993961534526312,False,0.0010070971,False
19_51278201_G_A,ENSG00000187474,FPR3,0.6619072,0.9876632,0.88665366,0.9966939,0.0008268356323242188,0.006772756576538086,0.0019006729125976562,0.004271268844604492,0.002332925796508789,0.9966939,True,True,False,UP in diabetic,high,rs148108087,0.9993961534526312,False,0.0032893037,False
19_45652921_G_C,ENSG00000104879,CKM,0.8344978,0.9815315,0.9095027,0.993716,-0.000920414924621582,-0.005747556686401367,-0.0017026662826538086,-0.004278421401977539,-0.0023005008697509766,0.993716,True,True,False,DOWN in diabetic,high,rs62111721,0.3067061559654966,False,0.07054272,False
X_153635030_C_T,ENSG00000284987,ENSG00000284987,0.99230486,0.93248457,0.62210923,0.9497837,-0.005443572998046875,-0.0026181936264038086,0.0004826784133911133,-0.0019071102142333984,-0.0022893349329630532,0.99230486,True,False,False,DOWN in diabetic,medium,rs4898364,0.498686028327068,False,0.11487236,False
11_66438698_C_T,ENSG00000174807,CD248,0.9963409,0.8902224,0.88665366,0.50726056,-0.009183764457702637,-0.002691030502319336,0.002203434705734253,0.0001914501190185547,-0.002262959877649943,0.9963409,True,False,False,DOWN in diabetic,medium,rs11110,0.4602931222797691,False,1.7894568,True
16_250400_T_C,ENSG00000242173,ARHGDIG,0.9497837,0.73917776,0.9968039,0.99230486,-0.0018558502197265625,0.0010983943939208984,-0.006767213344573975,0.0019690990447998047,-0.0022179881731669107,0.9968039,True,False,True,DOWN in diabetic,medium,rs56038902,0.8897111852236604,False,0.059067447,False
1_26280514_C_A,ENSG00000158062,UBXN11,0.7684068,0.94270426,0.9980761,0.72342026,0.0005549192428588867,0.003929406404495239,0.0060873255133628845,-9.953975677490234e-06,0.0022107635935147605,0.9980761,True,False,False,UP in diabetic,medium,rs34824071,0.478328924873145,False,0.30704066,True
19_47100028_C_T,ENSG00000167414,GNG8,0.9574425,0.79474694,0.9723945,0.99256027,0.003022909164428711,0.000668644905090332,-0.004443168640136719,-0.004731655120849609,-0.002050638198852539,0.99256027,True,False,True,DOWN in diabetic,medium,rs411560,0.795152237428427,False,0.025109394,False
22_19961490_C_T,ENSG00000099889,ARVCF,0.9151803,0.9123854,0.73917776,0.99230486,-0.0027503371238708496,0.003003239631652832,0.0012925565242767334,-0.004681587219238281,-0.0020464559396107993,0.99230486,True,False,False,DOWN in diabetic,medium,rs165722,0.3606593692205292,False,0.2832284,True
16_1329705_G_A,ENSG00000172236,TPSAB1,0.8068961,0.87126195,0.73917776,0.9968039,-0.0009195804595947266,-0.0019524097442626953,-0.0008894205093383789,0.007894754409790039,0.0020285844802856445,0.9968039,True,False,False,UP in diabetic,medium,rs139294140,0.547630798405668,False,0.029002203,False
11_61500785_A_G,ENSG00000256713,PGA5,0.9741798,0.64244115,0.6116155,0.9973013,0.0019925832748413086,-0.0008432865142822266,0.0007736086845397949,-0.008763670921325684,-0.001999159653981527,0.9973013,True,False,True,DOWN in diabetic,medium,rs3019192,0.2714326577221986,False,0.049862444,False
17_63589325_C_T,ENSG00000285947,ENSG00000285947,0.68051964,0.9969102,0.99858135,0.97585106,0.0009713172912597656,0.011632204055786133,-0.0110548734664917,0.0040929317474365234,-0.0019968748092651367,0.99858135,True,False,False,DOWN in diabetic,medium,rs72845886,0.2258408453731506,False,0.051066175,False
11_45367674_A_C,ENSG00000121653,MAPK8IP1,0.63238406,0.72342026,0.8009039,0.99089086,0.00046563148498535156,-0.0012547969818115234,0.0012943744659423828,0.004208564758300781,0.0019895235697428384,0.99089086,True,True,False,UP in diabetic,high,rs11601710,0.2293666647715334,False,0.0048926,False
12_124024429_G_C,ENSG00000119242,CCDC92,0.78842187,0.99911696,0.6619072,0.9977213,-0.0004271864891052246,-0.021494507789611816,0.0008657872676849365,-0.006170928478240967,-0.001910775899887085,0.9977213,True,False,False,DOWN in diabetic,medium,rs11057418,0.982343344653152,False,0.1773997,False
10_103303522_T_C,ENSG00000156374,PCGF6,0.9968039,0.76137805,0.9899212,0.98540246,0.00670425221323967,0.0009117340669035912,-0.0026155710220336914,0.0015186071395874023,0.0018690961102644603,0.9968039,True,False,True,UP in diabetic,medium,rs41287490,0.8587280640956159,True,0.39164102,True
17_3924792_C_G,ENSG00000074370,ATP2A3,0.998918,0.98846686,0.9993916,0.9995948,0.0102769136428833,-0.005885021761059761,0.00995779037475586,-0.025754928588867188,-0.001840074857076009,0.9995948,True,False,False,DOWN in diabetic,medium,rs1043246,0.9998392982131006,False,0.19196296,False
16_250400_T_C,ENSG00000076344,RGS11,0.9205166,0.9560082,0.97048765,0.99787045,0.0019336938858032227,0.003968954086303711,-0.003250718116760254,0.006708264350891113,0.0017970800399780273,0.99787045,True,False,False,UP in diabetic,medium,rs56038902,0.8897111852236604,False,0.066916116,False
19_1236709_C_A,ENSG00000099617,EFNA2,0.8752832,0.7313966,0.8444979,0.99089086,0.0016063153743743896,0.0009467601776123047,-0.0013869241811335087,0.004836082458496094,0.001685157883912325,0.99089086,True,False,False,UP in diabetic,medium,rs76096449,0.2602565712291745,False,0.49596962,True
11_2258868_A_G,ENSG00000254647,INS,0.9302391,0.28028134,0.9895757,0.9939247,0.0029175281524658203,9.942054748535156e-05,-0.004522830247879028,0.0062215328216552734,0.0015387435754140217,0.9939247,True,False,True,UP in diabetic,medium,rs11820059,0.3083128760766798,False,0.09042726,False
11_113675334_A_T,ENSG00000166682,TMPRSS5,0.997013,0.69829345,0.7819256,0.99853253,-0.007702946662902832,0.0008869171142578125,0.00016510486602783203,0.00338590145111084,-0.00138398011525472,0.99853253,True,False,False,DOWN in diabetic,medium,rs118074267,0.8158831788589238,False,0.021993725,False
18_63228749_G_A,ENSG00000206072,SERPINB11,0.58996826,0.37104118,0.991193,0.839569,0.0006122589111328125,-0.00022792816162109375,0.004503369331359863,-0.0012614727020263672,0.0012847185134887695,0.991193,True,False,True,UP in diabetic,medium,rs6567331,0.9090241377478218,False,0.008456685,False
7_44322946_C_T,ENSG00000106631,MYL7,0.8970444,0.9601752,0.99089086,0.9795758,0.0019533634185791016,-0.004677772521972656,0.0056276023387908936,-0.0040416717529296875,0.0011797646681467693,0.99089086,True,False,False,UP in diabetic,medium,rs11772021,0.240151424588146,False,0.12420932,False
3_150348753_T_A,ENSG00000196428,TSC22D2,0.9833016,0.99230486,0.9863523,0.99204075,-0.0042302608489990234,-0.008041799068450928,0.0053469836711883545,-0.004577338695526123,-0.0011535386244455974,0.99204075,True,False,False,DOWN in diabetic,medium,rs62271373,0.9813624026506804,False,0.29198757,True
15_40343658_C_T,ENSG00000188549,CCDC9B,0.9863523,0.9651347,0.8752832,0.997013,-0.004803180694580078,0.004970431327819824,0.0007156133651733398,0.007100105285644531,0.001004179318745931,0.997013,True,False,False,UP in diabetic,medium,rs71472431,0.339839562964924,False,0.060964618,False
12_65828372_C_G,ENSG00000149948,HMGA2,0.94078827,0.96845114,0.9905784,0.9497837,0.003405451774597168,0.005118846893310547,-0.004205167293548584,0.0032442808151245117,0.0008148550987243652,0.9905784,True,False,False,UP in diabetic,medium,rs1460121,0.999999999974051,True,0.1642034,False
17_68457164_C_G,ENSG00000141337,ARSG,0.8671202,0.94456005,0.9980761,0.93881017,0.001637876033782959,0.003727436065673828,-0.006484687328338623,0.002410292625427246,-0.0008121728897094727,0.9980761,True,False,False,DOWN in diabetic,medium,rs71378928,0.3157985063552221,False,0.09037026,False
20_51541934_C_A,ENSG00000101096,NFATC2,0.9627358,0.98438704,0.986804,0.99581087,-0.003014087677001953,0.006431937217712402,-0.005179941654205322,0.006277620792388916,-0.0006388028462727865,0.99581087,True,False,False,DOWN in diabetic,medium,rs2235856,0.5016101620377441,True,0.12152115,False
2_65056838_T_C,ENSG00000011523,CEP68,0.993716,0.9988422,0.9560082,0.9863523,-0.00465017557144165,-0.01731288433074951,0.0033038854598999023,-0.0002696514129638672,-0.0005386471748352051,0.993716,True,False,False,DOWN in diabetic,medium,rs74181299,0.390430238504438,False,0.23225881,False
11_2261503_A_C,ENSG00000183734,ASCL2,0.9928072,0.9560082,0.98273104,0.9905784,-0.007080078125,-0.0044803619384765625,0.0046503543853759766,0.0032062530517578125,0.00025884310404459637,0.9928072,True,False,False,UP in diabetic,medium,rs11021988,0.3258406268779791,True,0.15246597,False
19_1237075_G_T,ENSG00000099625,CBARP,0.9863523,0.9651347,0.9902553,0.9230626,0.005230903625488281,0.004160463809967041,-0.004931747913360596,-0.0008864402770996094,-0.00019576152165730795,0.9902553,True,False,False,DOWN in diabetic,medium,rs56265137,0.2615013187361252,False,0.07598224,False
15_67731471_T_C,ENSG00000188779,SKOR1,0.5440255,0.7313966,0.9941265,0.9917676,0.00020241737365722656,-0.0014090538024902344,-0.0069599151611328125,0.006174802780151367,-0.0001942316691080729,0.9941265,True,False,False,DOWN in diabetic,medium,rs12050481,0.2819606973668929,True,0.0028654276,False
11_2142702_A_T,ENSG00000254647,INS,0.8829762,0.2328172,0.99566686,0.9574425,-0.002115011215209961,4.458427429199219e-05,0.006005376577377319,-0.003563404083251953,0.00010898709297180176,0.99566686,True,False,True,UP in diabetic,medium,rs7111447,0.2899025228591667,False,0.09042726,False
