variant_id,rsid,pip,gene_id,gene_name,hepatic_score,hepatic_q,cells_agree,distance_to_tss,significant,confidence,direction,is_TF
10_101781296_C_T,rs149987320,0.3433876213425236,ENSG00000107831,FGF8,-0.005270997683207194,0.99888074,False,925,True,medium,DOWN in diabetic,False
10_103303522_T_C,rs41287490,0.8587280640956159,ENSG00000076685,NT5C2,4.462152719497681e-05,0.5440255,False,25917,False,low,UP in diabetic,False
10_104388528_G_A,rs10883996,0.3038906300051511,ENSG00000120051,CFAP58,0.008957703908284506,0.9994119,False,34695,True,medium,UP in diabetic,False
10_111286621_C_G,rs11195508,0.3740304490449513,ENSG00000150594,ADRA2A,-0.00040336449940999347,0.839569,False,209592,False,low,DOWN in diabetic,False
10_111286766_G_A,rs11592309,0.5716345866427083,ENSG00000150594,ADRA2A,-0.0005454818407694498,0.8127267,True,209737,False,low,DOWN in diabetic,False
10_112961914_A_T,rs116105986,1.0,ENSG00000148737,TCF7L2,-0.00022286797563234964,0.7313966,False,11667,False,low,DOWN in diabetic,True
10_112977565_C_T,rs116761056,0.2897539226200313,ENSG00000148737,TCF7L2,0.0014624657730261486,0.8829762,True,27318,False,low,UP in diabetic,True
10_112983332_A_G,rs182610315,0.7090804858747711,ENSG00000148737,TCF7L2,-4.6004851659139e-05,0.72342026,False,33085,False,low,DOWN in diabetic,True
10_112987518_G_A,rs4073288,0.5357186515816252,ENSG00000148737,TCF7L2,0.001099926729996999,0.8584633,True,37271,False,low,UP in diabetic,True
10_112988270_A_T,rs11196180,0.4575426975541766,ENSG00000148737,TCF7L2,-0.0001443276802698771,0.44169295,True,38023,False,low,DOWN in diabetic,True
10_112992826_C_T,rs7911250,0.4711175867398278,ENSG00000148737,TCF7L2,-0.0008995595077673594,0.78842187,True,42579,False,low,DOWN in diabetic,True
10_112998197_C_G,rs78025551,0.9979972867632184,ENSG00000148737,TCF7L2,0.00036205103000005084,0.7541656,False,47950,False,low,UP in diabetic,True
10_112998590_C_T,rs7903146,0.999980996096873,ENSG00000148737,TCF7L2,-5.579367280006409e-05,0.63238406,False,48343,False,low,DOWN in diabetic,True
10_112999686_G_A,rs11196187,0.3794064660346388,ENSG00000148737,TCF7L2,0.00011779616276423137,0.600902,False,49439,False,low,UP in diabetic,True
10_113005412_G_A,rs6585199,0.2998887675678068,ENSG00000148737,TCF7L2,0.0014915789167086284,0.862855,True,55165,False,low,UP in diabetic,True
10_113008850_A_G,rs6585200,0.629523628118803,ENSG00000148737,TCF7L2,-0.0016381094853083293,0.8671202,True,58603,False,low,DOWN in diabetic,True
10_113114647_C_A,rs11196234,0.9988806645327052,ENSG00000148737,TCF7L2,-0.0006247349083423615,0.76137805,True,164400,False,low,DOWN in diabetic,True
10_113130141_G_T,rs7919544,0.261534978836913,ENSG00000148737,TCF7L2,0.0013834846516450245,0.8444979,True,179894,False,low,UP in diabetic,True
10_113130142_C_A,rs7919294,0.260473579272004,ENSG00000148737,TCF7L2,-0.0005205149451891581,0.63238406,True,179895,False,low,DOWN in diabetic,True
10_113141442_G_T,rs56913138,0.9999999999997372,ENSG00000148737,TCF7L2,0.000861436128616333,0.8444979,True,191195,False,low,UP in diabetic,True
10_119749495_A_G,rs12263497,0.5212311655531099,ENSG00000198825,INPP5F,0.0007174462080001831,0.7541656,True,23453,False,low,UP in diabetic,False
10_12203521_G_A,rs1317548,0.4280981991970632,ENSG00000151465,CDC123,-0.0007886588573455811,0.6619072,True,7556,False,low,DOWN in diabetic,False
10_12239112_G_A,rs34428576,0.2827952628362408,ENSG00000151465,CDC123,-0.0030099948247273764,0.9694861,True,43147,False,low,DOWN in diabetic,False
10_12265895_C_T,rs11257655,0.405763021482617,ENSG00000151465,CDC123,0.0006105154752731323,0.71524596,True,69930,False,low,UP in diabetic,False
10_12267269_G_A,rs11257658,0.297281758202503,ENSG00000151465,CDC123,0.00022453566392262778,0.5558421,True,71304,False,low,UP in diabetic,False
10_12267270_C_T,rs11257659,0.296955119714205,ENSG00000151465,CDC123,-0.00037680317958196,0.58996826,True,71305,False,low,DOWN in diabetic,False
10_123497057_C_G,rs11248555,0.3616710318085543,ENSG00000154478,GPR26,9.934107462565104e-06,0.3855568,False,169298,False,low,UP in diabetic,False
10_123659867_G_C,rs117403816,0.9548297325895118,ENSG00000154478,GPR26,-0.0007411638895670573,0.8444979,True,6488,False,low,DOWN in diabetic,False
10_131718351_T_C,rs191779126,0.9997535713738164,ENSG00000175470,PPP2R2D,-0.00047739346822102863,0.65228176,True,182657,False,low,DOWN in diabetic,False
10_13217439_G_T,rs144161359,0.5096728354385404,ENSG00000165623,UCMA,-0.00048422813415527344,0.6116155,True,16935,False,low,DOWN in diabetic,False
10_13223623_G_A,rs11817051,0.2776957693047959,ENSG00000165623,UCMA,5.49157460530599e-05,0.63238406,False,10751,False,low,UP in diabetic,False
10_15951962_C_T,rs12247959,0.270849256548018,ENSG00000148481,MINDY3,0.0007112473249435425,0.74676645,True,91455,False,low,UP in diabetic,False
10_15953851_G_T,rs57958170,0.23673796986705,ENSG00000148481,MINDY3,-0.0008007138967514038,0.76137805,True,93344,False,low,DOWN in diabetic,False
10_15953874_G_A,rs58430001,0.2506934501696569,ENSG00000148481,MINDY3,-0.0008119195699691772,0.7313966,True,93367,False,low,DOWN in diabetic,False
10_16193566_T_C,rs151196361,0.9982779424118022,ENSG00000165983,PTER,-0.0023459295431772866,0.92792165,True,243377,False,low,DOWN in diabetic,False
10_26595470_G_A,rs117653610,0.9691533945066236,ENSG00000148459,PDSS1,-0.0008821046600739161,0.7684068,True,102231,False,low,DOWN in diabetic,False
10_48150339_C_T,rs1429830,0.242037972080147,ENSG00000170324,FRMPD2,0.0007779598236083984,0.8068961,True,124357,False,low,UP in diabetic,False
10_48152958_G_A,rs79291408,0.2078342785557302,ENSG00000170324,FRMPD2,-0.0015758673350016277,0.8584633,True,121738,False,low,DOWN in diabetic,False
10_48152960_G_A,rs80138496,0.2085734870270671,ENSG00000170324,FRMPD2,-0.0010582605997721355,0.8752832,True,121736,False,low,DOWN in diabetic,False
10_48152994_G_A,rs2564790,0.2101647220910218,ENSG00000170324,FRMPD2,0.0023984909057617188,0.9463574,True,121702,False,low,UP in diabetic,False
10_48454447_A_G,rs11101326,0.3249353520306431,ENSG00000107643,MAPK8,-0.0011568665504455566,0.9302391,True,147808,False,low,DOWN in diabetic,False
10_48454836_C_G,rs12356940,0.3155058458685534,ENSG00000107643,MAPK8,0.00243222713470459,0.9123854,True,148197,False,low,UP in diabetic,False
10_61965028_C_T,rs76804656,0.3177300126693277,ENSG00000150347,ARID5B,-0.0027829830845197043,0.98921835,True,63344,False,low,DOWN in diabetic,True
10_69334748_T_C,rs17476364,0.3802692942288754,ENSG00000156515,HK1,-0.001222190757592519,0.94456005,True,64764,False,low,DOWN in diabetic,False
10_69335279_G_A,rs527283521,0.992588072051364,ENSG00000156515,HK1,-0.0002900362014770508,0.93466026,False,65295,False,low,DOWN in diabetic,False
10_69546552_G_A,rs10998853,0.2112541949640984,ENSG00000122859,NEUROG3,0.0009303092956542969,0.8829762,True,26870,False,low,UP in diabetic,True
10_69548164_G_A,rs297049,0.7678479851523649,ENSG00000122859,NEUROG3,-0.0011628468831380208,0.93466026,False,25258,False,low,DOWN in diabetic,True
10_69554950_G_C,rs537982442,1.0,ENSG00000122859,NEUROG3,-0.006221850713094075,0.9984297,True,18472,True,high,DOWN in diabetic,True
10_69561187_G_A,rs190925,0.2589517203717171,ENSG00000122859,NEUROG3,-0.0006964206695556641,0.8970444,True,12235,False,low,DOWN in diabetic,True
10_69561523_A_G,rs177045,0.2068063086145247,ENSG00000122859,NEUROG3,-0.0014518102010091145,0.94456005,False,11899,False,low,DOWN in diabetic,True
10_69726795_C_T,rs7093577,0.255335771960321,ENSG00000197467,COL13A1,0.0004462401072184245,0.8671202,False,75085,False,low,UP in diabetic,False
10_69728964_C_G,rs7069512,0.30597522166972,ENSG00000197467,COL13A1,0.00044413407643636066,0.7541656,False,72916,False,low,UP in diabetic,False
10_70887896_G_C,rs827241,0.3341514074848398,ENSG00000166228,PCBD1,-0.01760554313659668,0.9995515,False,669,True,medium,DOWN in diabetic,False
10_70888579_C_T,rs827237,0.3331480731422078,ENSG00000166228,PCBD1,0.011330900092919668,0.9995035,True,14,True,high,UP in diabetic,False
10_74676550_C_T,rs538503843,0.2225154028454367,ENSG00000156650,KAT6B,0.0003788868586222331,0.64244115,False,148377,False,low,UP in diabetic,False
10_75774242_A_G,rs4745794,0.3715817770615234,ENSG00000148655,LRMDA,-0.000525057315826416,0.879187,False,342618,False,low,DOWN in diabetic,False
10_79182863_C_T,rs810517,0.3007728888017957,ENSG00000108175,ZMIZ1,-0.0003148205578327179,0.57881373,True,113897,False,low,DOWN in diabetic,False
10_79182874_A_G,rs12571751,0.6163053121950991,ENSG00000108175,ZMIZ1,0.0005256732304890951,0.64244115,True,113908,False,low,UP in diabetic,False
10_88237813_C_T,rs72634988,0.9831257899058669,ENSG00000184719,RNLS,0.001719355583190918,0.8970444,True,346717,False,low,UP in diabetic,False
10_92479612_T_A,rs188775221,1.0,ENSG00000119912,IDE,-0.00044531623522440594,0.6619072,True,94484,False,low,DOWN in diabetic,False
10_92709177_G_A,rs11187143,0.2214471239409815,ENSG00000152804,HHEX,0.0010374244302511215,0.8068961,True,19222,False,low,UP in diabetic,True
10_92710758_T_C,rs10882104,0.3159958329474679,ENSG00000152804,HHEX,-0.0006595874050011238,0.8444979,False,20803,False,low,DOWN in diabetic,True
10_92711838_C_T,rs4933736,0.2360716647847538,ENSG00000152804,HHEX,0.00141214020550251,0.92792165,False,21883,False,low,UP in diabetic,True
11_104038224_G_A,rs118011484,0.8792631664197128,ENSG00000170967,DDI1,0.0007074673970540365,0.88665366,True,1584,False,low,UP in diabetic,False
11_104779558_T_C,rs148424393,0.6057620975648941,ENSG00000204403,CASP12,0.00034058094024658203,0.7819256,False,119112,False,low,UP in diabetic,False
11_113675334_A_T,rs118074267,0.8158831788589238,ENSG00000166682,TMPRSS5,-0.00138398011525472,0.99853253,False,31039,True,medium,DOWN in diabetic,False
11_114269169_C_T,rs116542727,0.2197120220044171,ENSG00000166741,NNMT,0.0013105024894078572,0.97145677,False,11382,False,low,UP in diabetic,False
11_114271040_G_A,rs145569095,0.2211760739402339,ENSG00000166741,NNMT,0.0013410622874895732,0.8127267,True,13253,False,low,UP in diabetic,False
11_114273606_C_T,rs139691622,0.3264879890654065,ENSG00000166741,NNMT,-0.00218375027179718,0.9065298,True,15819,False,low,DOWN in diabetic,False
11_119526970_C_T,rs7395947,0.3458226081577256,ENSG00000154096,THY1,0.00036665300528208417,0.71524596,False,101985,False,low,UP in diabetic,False
11_119530107_C_T,rs10892381,0.2130264994729519,ENSG00000154096,THY1,0.001721868912378947,0.9255302,True,105122,False,low,UP in diabetic,False
11_128356536_G_C,rs7119618,0.2885605109670258,ENSG00000134954,ETS1,1.280506451924642e-05,0.5558421,False,231022,False,low,UP in diabetic,True
11_128364877_T_C,rs7120183,0.200896404803154,ENSG00000134954,ETS1,-0.0009104410807291666,0.8671202,True,222681,False,low,DOWN in diabetic,True
11_130947684_T_A,rs7940866,0.2440731827039563,ENSG00000120451,SNX19,0.000661700963973999,0.68051964,True,31205,False,low,UP in diabetic,False
11_14496873_C_G,rs117316450,0.3154809661485399,ENSG00000129083,COPB1,-0.0012823144594828288,0.79474694,True,3154,False,low,DOWN in diabetic,False
11_14555245_C_T,rs75336838,0.3587679601031603,ENSG00000256206,ENSG00000256206,0.0001627206802368164,0.57881373,False,34901,False,low,UP in diabetic,False
11_1675619_C_T,rs2334499,0.686985622947454,ENSG00000205864,KRTAP5-6,-0.0034751097361246743,0.9941265,True,21576,True,high,DOWN in diabetic,False
11_17393643_C_G,rs4148646,0.5417928068917486,ENSG00000187486,KCNJ11,0.016940951347351074,0.9994504,True,4312,True,high,UP in diabetic,False
11_2142702_A_T,rs7111447,0.2899025228591667,ENSG00000284779,ENSG00000284779,-8.732080459594727e-05,0.7541656,False,6901,False,low,DOWN in diabetic,False
11_2143569_G_C,rs4366464,0.2529260427617332,ENSG00000284779,ENSG00000284779,0.000855863094329834,0.79474694,True,6034,False,low,UP in diabetic,False
11_2143760_G_A,rs1124699,0.4070646834963384,ENSG00000284779,ENSG00000284779,-0.0018108685811360676,0.97585106,False,5843,False,low,DOWN in diabetic,False
11_2160108_G_A,rs3842749,0.8587876108665552,ENSG00000129965,INS-IGF2,-0.0008460283279418945,0.72342026,True,1101,False,low,DOWN in diabetic,False
11_2174751_T_C,rs10743152,0.3295456981339787,ENSG00000180176,TH,0.014953335126241049,0.9994504,True,2936,True,high,UP in diabetic,False
11_2258868_A_G,rs11820059,0.3083128760766798,ENSG00000183734,ASCL2,0.0016094048817952473,0.9065298,True,11720,False,low,UP in diabetic,True
11_2261503_A_C,rs11021988,0.3258406268779791,ENSG00000183734,ASCL2,0.00025884310404459637,0.9928072,False,9085,True,medium,UP in diabetic,True
11_2261640_A_G,rs11821527,0.3134241799472647,ENSG00000183734,ASCL2,0.0028950820366541543,0.9788794,True,8948,False,low,UP in diabetic,True
11_2486909_T_C,rs2188956,0.2308285303492655,ENSG00000053918,KCNQ1,0.0007834931214650472,0.74676645,False,42255,False,low,UP in diabetic,False
11_2557933_A_G,rs2283164,0.9999992837853292,ENSG00000053918,KCNQ1,0.0007099310557047526,0.7819256,False,113279,False,low,UP in diabetic,False
11_2670270_G_A,rs231361,0.9999878482174662,ENSG00000129757,CDKN1C,-0.0025038855771223703,0.94078827,True,215505,False,low,DOWN in diabetic,False
11_2708707_C_T,rs7103496,0.552605340139268,ENSG00000129757,CDKN1C,2.1277616421381634e-05,0.8344978,False,177068,False,low,UP in diabetic,False
11_2835428_C_G,rs4930011,0.234930322616078,ENSG00000129757,CDKN1C,-4.89714245001475e-05,0.49457133,False,50347,False,low,DOWN in diabetic,False
11_2835964_A_C,rs2237895,0.9808743217721456,ENSG00000129757,CDKN1C,0.001685286561648051,0.9627358,True,49811,False,low,UP in diabetic,False
11_2836667_G_A,rs234866,0.9999999999915872,ENSG00000129757,CDKN1C,-0.0003117037316163381,0.78842187,False,49108,False,low,DOWN in diabetic,False
11_2837316_C_T,rs2237897,0.996531188959328,ENSG00000129757,CDKN1C,-0.00011047627776861191,0.7541656,False,48459,False,low,DOWN in diabetic,False
11_2837406_C_T,rs74046911,0.903770433414355,ENSG00000129757,CDKN1C,-0.0005463659763336182,0.73917776,False,48369,False,low,DOWN in diabetic,False
11_2886965_G_T,rs452338,0.472064654115447,ENSG00000129757,CDKN1C,0.0032049346094330153,0.98540246,True,1190,False,low,UP in diabetic,False
11_2887169_C_T,rs431222,0.5066137096848273,ENSG00000129757,CDKN1C,-0.005103847632805507,0.993716,True,1394,True,high,DOWN in diabetic,False
11_30731153_C_T,rs2218604,0.2922591277400463,ENSG00000066382,MPPED2,9.922186533610026e-05,0.5558421,False,144281,False,low,UP in diabetic,False
11_30745127_G_A,rs72892944,0.2331331174755694,ENSG00000066382,MPPED2,-0.0014000336329142253,0.8902224,True,158255,False,low,DOWN in diabetic,False
11_334878_T_A,rs10160756,0.993827975559491,ENSG00000142089,IFITM3,-0.0018568386634190877,0.9614764,True,5403,False,low,DOWN in diabetic,False
11_43548074_G_C,rs139501352,0.3357512117418833,ENSG00000149084,HSD17B12,0.0005229091038927436,0.68051964,True,132606,False,low,UP in diabetic,False
11_43551655_G_A,rs143423989,0.2767682670355032,ENSG00000149084,HSD17B12,-0.00040306011214852333,0.64244115,True,129025,False,low,DOWN in diabetic,False
11_43573044_T_C,rs76308977,0.3070363049438296,ENSG00000149084,HSD17B12,-0.0012425677850842476,0.78842187,True,107636,False,low,DOWN in diabetic,False
11_45367674_A_C,rs11601710,0.2293666647715334,ENSG00000019505,SYT13,-0.001231233278910319,0.9230626,False,81333,False,low,DOWN in diabetic,False
11_45368968_G_A,rs7130052,0.2283054098391931,ENSG00000019505,SYT13,-0.0029119650522867837,0.97048765,True,82627,False,low,DOWN in diabetic,False
11_45369800_G_A,rs12365508,0.2295295396623478,ENSG00000019505,SYT13,-0.0003403027852376302,0.71524596,False,83459,False,low,DOWN in diabetic,False
11_45370875_C_T,rs11038415,0.3110428117762602,ENSG00000019505,SYT13,-0.0020366311073303223,0.9095027,True,84534,False,low,DOWN in diabetic,False
11_47921826_T_C,rs185988863,1.0,ENSG00000149177,PTPRJ,-0.0009707609812418619,0.8292812,True,58599,False,low,DOWN in diabetic,False
11_49016308_T_A,rs1876027,0.996790397132977,ENSG00000182053,TRIM49B,-0.00013796488444010416,0.41401842,True,11193,False,low,DOWN in diabetic,False
11_49154506_A_G,rs117109255,0.2576289183421175,ENSG00000086205,FOLH1,-0.007006168365478516,0.9935001,True,54132,True,high,DOWN in diabetic,False
11_49163862_G_A,rs58786959,0.3766049215032584,ENSG00000086205,FOLH1,-0.00046821435292561847,0.8902224,False,44776,False,low,DOWN in diabetic,False
11_49549478_C_T,rs11040422,1.0,ENSG00000086205,FOLH1,-0.00029961268107096356,0.9095027,False,340840,False,low,DOWN in diabetic,False
11_49641930_A_G,rs7394642,1.0,ENSG00000258817,OR4C13,-1.1126200358072917e-06,0.05077759,True,310461,False,low,DOWN in diabetic,False
11_49789739_C_G,rs150103576,0.202806222643289,ENSG00000258817,OR4C13,-1.9073486328125e-06,0.05077759,True,162652,False,low,DOWN in diabetic,False
11_49872410_C_A,rs145969813,0.2148216977913564,ENSG00000258817,OR4C13,-6.5962473551432294e-06,0.11803031,True,79981,False,low,DOWN in diabetic,False
11_61500785_A_G,rs3019192,0.2714326577221986,ENSG00000204950,LRRC10B,-0.0026247501373291016,0.94809806,True,7964,False,low,DOWN in diabetic,False
11_61824164_C_G,rs174565,0.4802268598681755,ENSG00000149485,FADS1,0.0006733732298016548,0.88665366,True,5154,False,low,UP in diabetic,False
11_61829740_C_T,rs174570,0.4699152867007734,ENSG00000149485,FADS1,-0.0020287930965423584,0.97048765,True,422,False,low,DOWN in diabetic,False
11_627276_C_T,rs540205414,0.9965888352068,ENSG00000070031,SCT,0.27377311885356903,0.9999967,True,95,True,high,UP in diabetic,False
11_65159454_A_G,rs145971756,0.98689150721329,ENSG00000204710,SPDYC,-0.0007439454396565756,0.82391596,False,10779,False,low,DOWN in diabetic,False
11_65516538_G_C,rs540151161,0.988579211703696,ENSG00000142186,SCYL1,-0.0005129029353459676,0.7068712,True,8539,False,low,DOWN in diabetic,False
11_65638129_G_T,rs2306363,0.8858405326852323,ENSG00000213445,SIPA1,0.06509143610795338,0.99994123,True,28,True,high,UP in diabetic,False
11_65706327_C_A,rs10750766,0.864693070068697,ENSG00000172977,KAT5,-0.0011767633259296417,0.8539419,True,5669,False,low,DOWN in diabetic,False
11_66430882_C_T,rs12793712,0.3185381900325266,ENSG00000174576,NPAS4,0.0021358331044514975,0.9795758,True,9847,False,low,UP in diabetic,True
11_66438698_C_T,rs11110,0.4602931222797691,ENSG00000174576,NPAS4,0.0020772616068522134,0.9795758,True,17663,False,low,UP in diabetic,True
11_66447952_C_T,rs11227485,0.2036303432202574,ENSG00000174516,PELI3,-0.002161999543507894,0.90030324,True,18375,False,low,DOWN in diabetic,False
11_66860640_G_A,rs79696213,0.850231191717068,ENSG00000173621,LRFN4,-0.0019557674725850425,0.9694861,False,3993,False,low,DOWN in diabetic,False
11_66962403_A_G,rs187863826,0.6204395525030754,ENSG00000173599,PC,0.0009263632819056511,0.8183989,True,4017,False,low,UP in diabetic,False
11_67457697_G_A,rs199749736,0.9997557760104724,ENSG00000175514,GPR152,-0.005635420481363933,0.9973013,True,4968,True,high,DOWN in diabetic,False
11_69674650_C_A,rs185703700,1.0,ENSG00000149716,LTO1,-0.01432273785273234,0.99922884,True,766,True,high,DOWN in diabetic,False
11_72751013_G_C,rs77198110,0.9943544321678124,ENSG00000186635,ARAP1,6.279100974400838e-05,0.88665366,False,42586,False,low,UP in diabetic,False
11_72752390_G_A,rs7109575,0.377392154274588,ENSG00000186635,ARAP1,-0.007859967648983002,0.9979413,True,41209,True,high,DOWN in diabetic,False
11_74913237_A_G,rs75293274,0.291089227619622,ENSG00000166435,XRRA1,-0.0011149247487386067,0.7684068,True,35963,False,low,DOWN in diabetic,False
11_79316757_C_G,rs569296,0.2644492263061964,ENSG00000149256,TENM4,0.0008867581685384115,0.79474694,True,124273,False,low,UP in diabetic,False
11_8670792_G_A,rs36092927,0.999999755233178,ENSG00000166436,TRIM66,-0.00012211004892985025,0.74676645,False,11902,False,low,DOWN in diabetic,False
11_92975544_C_G,rs10830963,1.0,ENSG00000134640,MTNR1B,0.04090348879496256,0.9998762,True,5893,True,high,UP in diabetic,False
11_92982947_C_A,rs12285500,0.9999999999998864,ENSG00000134640,MTNR1B,0.004873752593994141,0.9980761,True,13296,True,high,UP in diabetic,False
11_9936931_T_C,rs11042557,0.9936081429436447,ENSG00000133789,SWAP70,-1.9172827402750652e-05,0.68951035,False,272854,False,low,DOWN in diabetic,False
12_108236003_G_A,rs1426371,0.3538099318126309,ENSG00000174600,CMKLR1,-0.0009428461392720541,0.8539419,True,103314,False,low,DOWN in diabetic,False
12_117974568_G_A,rs34965774,0.3965878455169972,ENSG00000171435,KSR2,-0.001203298568725586,0.8127267,True,5578,False,low,DOWN in diabetic,False
12_117977121_G_A,rs7132351,0.572961499691249,ENSG00000171435,KSR2,0.00498048464457194,0.99930334,False,8131,True,medium,UP in diabetic,False
12_120646931_C_T,rs73222780,0.457508246785829,ENSG00000157782,CABP1,-0.0009534358978271484,0.74676645,True,6305,False,low,DOWN in diabetic,False
12_120655830_C_T,rs10588566,0.522211173075524,ENSG00000157782,CABP1,0.0012874603271484375,0.90346414,True,15204,False,low,UP in diabetic,False
12_120728484_T_A,rs567123836,1.0,ENSG00000122971,ACADS,-0.001411884402235349,0.8970444,True,2710,False,low,DOWN in diabetic,False
12_120881037_T_C,rs111954160,0.329564775894944,ENSG00000157837,SPPL3,0.0002969801425933838,0.5440255,True,23321,False,low,UP in diabetic,False
12_120911553_A_T,rs2650005,0.99999999265728,ENSG00000157837,SPPL3,-0.0001325706640879313,0.57881373,False,7195,False,low,DOWN in diabetic,False
12_120914271_C_T,rs142601917,0.9978096251926744,ENSG00000157837,SPPL3,0.00042754411697387695,0.68051964,True,9913,False,low,UP in diabetic,False
12_120930723_A_C,rs531000953,0.315259057922163,ENSG00000157837,SPPL3,0.0001067817211151123,0.57881373,False,26365,False,low,UP in diabetic,False
12_120940343_T_C,rs772007391,0.2942113161947,ENSG00000157837,SPPL3,0.0005100369453430176,0.7068712,True,35985,False,low,UP in diabetic,False
12_120979503_C_T,rs80019595,0.9986770628925332,ENSG00000135100,HNF1A,0.008205403884251913,0.99711233,True,960,True,high,UP in diabetic,True
12_120994314_G_C,rs56348580,0.9740868851099682,ENSG00000135100,HNF1A,0.006107030824447672,0.9966939,True,15771,True,high,UP in diabetic,True
12_122811657_G_A,rs138062324,0.979130447163262,ENSG00000130787,HIP1R,0.0004192839066187541,0.6619072,False,22796,False,low,UP in diabetic,False
12_123251537_G_T,rs10773000,0.3044742246742058,ENSG00000051825,MPHOSPH9,-0.0004712889591852824,0.65228176,True,7523,False,low,DOWN in diabetic,False
12_123894418_C_T,rs111534340,0.7013940259262621,ENSG00000179195,ZNF664,-0.0006481194868683815,0.8444979,True,77427,False,low,DOWN in diabetic,True
12_124008063_T_G,rs12303671,0.2388904326011422,ENSG00000178882,RFLNA,-0.001823224127292633,0.96845114,True,34822,False,low,DOWN in diabetic,False
12_124024429_G_C,rs11057418,0.982343344653152,ENSG00000178882,RFLNA,-0.002488554765780767,0.9895757,False,51188,False,low,DOWN in diabetic,False
12_124025844_C_T,rs10773051,0.898918955981454,ENSG00000178882,RFLNA,0.00026082123319307965,0.8902224,False,52603,False,low,UP in diabetic,False
12_124371786_T_C,rs1108109,0.7023361255020695,ENSG00000196498,NCOR2,-0.0002527882655461629,0.68051964,False,195826,False,low,DOWN in diabetic,False
12_124372072_A_G,rs7961196,0.2408961758202456,ENSG00000196498,NCOR2,0.001292109489440918,0.8292812,True,195540,False,low,UP in diabetic,False
12_124598129_C_A,rs12423958,0.4181765337661902,ENSG00000196498,NCOR2,-0.001085643966992696,0.8292812,True,30517,False,low,DOWN in diabetic,False
12_124598471_A_T,rs12425627,0.2093348970667022,ENSG00000196498,NCOR2,0.0009446044762929281,0.8127267,True,30859,False,low,UP in diabetic,False
12_132483963_G_A,rs11147192,0.365337526616874,ENSG00000112787,FBRSL1,0.0005195438861846924,0.6116155,True,5588,False,low,UP in diabetic,False
12_132578078_G_A,rs536171315,0.9909993120532652,ENSG00000204583,LRCOL1,0.0023969809214274087,0.93248457,True,32504,False,low,UP in diabetic,False
12_132776116_A_C,rs72624270,0.8566205155791937,ENSG00000176915,ANKLE2,0.00030286113421122235,0.5674383,True,14284,False,low,UP in diabetic,False
12_20425947_A_G,rs11045235,0.299919290226596,ENSG00000172572,PDE3A,0.0009070287148157755,0.8584633,False,57410,False,low,UP in diabetic,False
12_20426458_G_C,rs7488780,0.3171390098063886,ENSG00000172572,PDE3A,0.01123112440109253,0.99908656,True,57921,True,high,UP in diabetic,False
12_20427035_G_T,rs4762753,0.2055048756307676,ENSG00000172572,PDE3A,-0.0016377568244934082,0.88665366,True,58498,False,low,DOWN in diabetic,False
12_27475809_T_C,rs6487610,0.9389862778134092,ENSG00000165935,SMCO2,-0.006687164306640625,0.9953638,True,29073,True,high,DOWN in diabetic,False
12_27806268_G_A,rs10466811,0.52795823679925,ENSG00000205693,MANSC4,0.0024913946787516275,0.91788995,True,26032,False,low,UP in diabetic,False
12_31214922_A_C,rs10771813,0.6642560142947029,ENSG00000139146,SINHCAF,-0.0008064558108647665,0.839569,True,112136,False,low,DOWN in diabetic,False
12_31655074_C_A,rs10771862,0.9999912386987232,ENSG00000233381,AK4P3,-0.0009063879648844401,0.9205166,False,2979,False,low,DOWN in diabetic,False
12_3921938_C_T,rs10848958,0.268590097465389,ENSG00000111224,PARP11,-0.0005841255187988281,0.775255,False,48490,False,low,DOWN in diabetic,False
12_3922003_G_A,rs10848959,0.2211777588692435,ENSG00000111224,PARP11,-0.0009710391362508138,0.78842187,True,48555,False,low,DOWN in diabetic,False
12_3922222_A_G,rs144946273,0.49068182463868,ENSG00000111224,PARP11,-0.0007430712381998698,0.7684068,True,48774,False,low,DOWN in diabetic,False
12_4186627_A_G,rs11063021,0.208783979049556,ENSG00000118971,CCND2,0.0015185996890068054,0.93248457,True,83144,False,low,UP in diabetic,False
12_4192135_C_T,rs11063029,0.233968281362073,ENSG00000118971,CCND2,0.0002713551123936971,0.862855,False,77636,False,low,UP in diabetic,False
12_4203324_A_G,rs191441844,0.384210312667564,ENSG00000118971,CCND2,-0.0005603333314259847,0.879187,False,66447,False,low,DOWN in diabetic,False
12_4219355_G_A,rs117233107,0.9999999723648264,ENSG00000118971,CCND2,0.0002652853727340698,0.7541656,False,50416,False,low,UP in diabetic,False
12_4238289_A_C,rs190243882,0.9981712514325748,ENSG00000118971,CCND2,-0.001085478812456131,0.8539419,True,31482,False,low,DOWN in diabetic,False
12_4246442_C_T,rs189926680,0.9796970866048512,ENSG00000118971,CCND2,0.009351203838984171,0.9987184,True,23329,True,high,UP in diabetic,False
12_42667599_A_C,rs17569638,0.6407407488630714,ENSG00000139174,PRICKLE1,0.0002835790316263835,0.6619072,False,77244,False,low,UP in diabetic,False
12_4266923_C_T,rs4238013,0.861651706177536,ENSG00000118971,CCND2,-0.0015918488303820293,0.94809806,True,2848,False,low,DOWN in diabetic,False
12_4275503_C_T,rs3217791,0.9999999077186644,ENSG00000285901,ENSG00000285901,0.004175424575805664,0.9902553,True,1741,True,high,UP in diabetic,False
12_4275678_T_G,rs76895963,1.0,ENSG00000285901,ENSG00000285901,0.001865809162457784,0.9673817,False,1916,False,low,UP in diabetic,False
12_4289884_A_G,rs3217860,0.7109171898080985,ENSG00000285901,ENSG00000285901,-0.000739718476931254,0.73917776,True,16122,False,low,DOWN in diabetic,False
12_4294710_C_T,rs3217893,0.999989952329176,ENSG00000078237,TIGAR,0.0013248523076375325,0.9065298,True,13053,False,low,UP in diabetic,False
12_47381477_T_C,rs569804202,1.0,ENSG00000139211,AMIGO2,8.726616700490315e-05,0.64244115,False,301518,False,low,UP in diabetic,False
12_48015271_C_A,rs12819124,0.234023511346044,ENSG00000139219,COL2A1,0.0003112306197484334,0.58996826,False,10717,False,low,UP in diabetic,False
12_48105348_G_T,rs2408955,0.7463034884223185,ENSG00000152556,PFKM,0.00047908661266167957,0.9151803,False,209,False,low,UP in diabetic,False
12_49869365_G_A,rs7132908,0.8461378464961483,ENSG00000186666,BCDIN3D,-0.001908401648203532,0.88665366,True,26259,False,low,DOWN in diabetic,False
12_65828372_C_G,rs1460121,0.999999999974051,ENSG00000149948,HMGA2,0.0008148550987243652,0.9905784,False,3912,True,medium,UP in diabetic,True
12_65966384_C_T,rs7970350,0.2047794871614173,ENSG00000149948,HMGA2,-0.0016603867212931316,0.94078827,False,141924,False,low,DOWN in diabetic,True
12_6627677_T_C,rs73047887,0.35777598272185,ENSG00000184574,LPAR5,-0.00019725163777669272,0.8752832,False,8283,False,low,DOWN in diabetic,False
12_6630331_T_C,rs35104374,0.8956206253079682,ENSG00000184574,LPAR5,0.0009140968322753906,0.8068961,True,5629,False,low,UP in diabetic,False
12_6750133_G_A,rs55780609,0.2321063457726744,ENSG00000159335,PTMS,6.191929181416829e-05,0.775255,False,15383,False,low,UP in diabetic,False
12_6755574_T_G,rs77368147,0.3008633211498923,ENSG00000159335,PTMS,0.0012844006220499675,0.879187,True,9942,False,low,UP in diabetic,False
12_71567363_T_C,rs181781417,0.210693371485769,ENSG00000173451,THAP2,0.0005411505699157715,0.71524596,True,96938,False,low,UP in diabetic,True
12_91236837_G_A,rs188578388,0.7540599480169935,ENSG00000011465,DCN,0.000496755043665568,0.862855,False,53620,False,low,UP in diabetic,False
12_97104961_T_A,rs55738790,0.449609818430774,ENSG00000139350,NEDD1,0.00040734861977398396,0.63238406,True,197737,False,low,UP in diabetic,False
12_97113764_T_G,rs4762359,0.310983355479824,ENSG00000139350,NEDD1,0.0006023986885945002,0.71524596,True,206540,False,low,UP in diabetic,False
13_109140829_G_A,rs150813880,0.2052218121142513,ENSG00000041515,MYO16,0.00493160883585612,0.9981401,True,544677,True,high,UP in diabetic,False
13_109144802_G_A,rs12429421,0.3027684061546122,ENSG00000041515,MYO16,0.0019463698069254558,0.93466026,True,548650,False,low,UP in diabetic,False
13_109145431_T_C,rs73619952,0.3171408885220025,ENSG00000041515,MYO16,-0.0018690427144368489,0.91788995,True,549279,False,low,DOWN in diabetic,False
13_109752170_A_G,rs2039207,0.9904840202390184,ENSG00000185950,IRS2,0.0005809621264537176,0.8671202,False,34413,False,low,UP in diabetic,False
13_22735243_C_T,rs314879,0.9999991973577476,ENSG00000102683,SGCG,0.0007373889287312826,0.7541656,True,445736,False,low,UP in diabetic,False
13_26202862_A_G,rs34584161,0.8185319208933491,ENSG00000127870,RNF6,0.00881521279613177,0.99800986,True,19452,True,high,UP in diabetic,False
13_32934941_A_T,rs6561643,0.7030275911523151,ENSG00000133116,KL,0.003979225953420003,0.98385334,True,81482,False,low,UP in diabetic,False
13_32980267_T_C,rs488321,0.246008311060276,ENSG00000133116,KL,0.001663486162821452,0.9574425,True,36156,False,low,UP in diabetic,False
13_32980290_T_A,rs75629141,0.2214785526543217,ENSG00000133116,KL,-0.0003861387570699056,0.67131925,False,36133,False,low,DOWN in diabetic,False
13_32982090_G_A,rs56252704,0.3542957888459759,ENSG00000133116,KL,0.0004146695137023926,0.76137805,False,34333,False,low,UP in diabetic,False
13_50506088_C_T,rs10459327,0.2757516889486172,ENSG00000186047,DLEU7,-8.098284403483073e-05,0.50726056,False,337851,False,low,DOWN in diabetic,False
13_50519978_T_G,rs9316500,0.3392362517468904,ENSG00000186047,DLEU7,-0.004923582077026367,0.99876106,True,323961,True,high,DOWN in diabetic,False
13_50521959_A_T,rs963740,0.3844965208102913,ENSG00000186047,DLEU7,0.02239378293355306,0.99977976,True,321980,True,high,UP in diabetic,False
13_53528071_G_A,rs12429545,0.2899535347991351,ENSG00000102837,OLFM4,-0.003260575234889984,0.98438704,True,499258,False,low,DOWN in diabetic,False
13_53533217_G_A,rs9568867,0.2355643263233045,ENSG00000102837,OLFM4,0.002046118179957072,0.96845114,True,504404,False,low,UP in diabetic,False
13_53533448_G_T,rs9568868,0.2167288715994813,ENSG00000102837,OLFM4,-0.002693998316923777,0.99089086,True,504635,True,high,DOWN in diabetic,False
13_59364117_A_G,rs34995383,0.6206318181339293,ENSG00000139734,DIAPH3,-0.0005123615264892578,0.8292812,False,799811,False,low,DOWN in diabetic,False
13_71833709_C_T,rs79712459,0.999857942023743,ENSG00000276644,DACH1,-0.0006634394327799479,0.72342026,True,33495,False,low,DOWN in diabetic,True
13_80138334_C_G,rs57898296,0.301568892321332,ENSG00000136158,SPRY2,0.00142220906370009,0.90030324,True,202792,False,low,UP in diabetic,False
13_80142096_A_G,rs9601327,0.237781942845828,ENSG00000136158,SPRY2,0.0003243631993730863,0.74676645,False,199030,False,low,UP in diabetic,False
13_80187688_C_T,rs508105,0.4181271629032603,ENSG00000136158,SPRY2,4.6566128730773926e-05,0.839569,False,153438,False,low,UP in diabetic,False
13_80191662_A_G,rs518569,0.2401800426148115,ENSG00000136158,SPRY2,0.00036796989540259045,0.7541656,False,149464,False,low,UP in diabetic,False
13_80191681_G_C,rs518627,0.2384462554025267,ENSG00000136158,SPRY2,-0.00022499139110247293,0.8292812,False,149445,False,low,DOWN in diabetic,False
13_98575516_A_G,rs4129968,0.247065120484215,ENSG00000102572,STK24,-0.0006268136203289032,0.89368504,True,2424,False,low,DOWN in diabetic,False
14_100684675_C_G,rs11620937,0.35079292907851,ENSG00000185559,DLK1,0.001026928424835205,0.82391596,True,41030,False,low,UP in diabetic,False
14_100687735_T_C,rs4905994,0.353013812865824,ENSG00000185559,DLK1,0.0006050864855448405,0.90346414,False,37970,False,low,UP in diabetic,False
14_100788835_A_G,rs73347525,0.999998602279986,ENSG00000185559,DLK1,0.0005498826503753662,0.94809806,False,63130,False,low,UP in diabetic,False
14_100886784_A_T,rs67408834,0.4173477532287397,ENSG00000254656,RTL1,0.0014736652374267578,0.93466026,True,16938,False,low,UP in diabetic,False
14_104144989_C_T,rs11626880,0.2713013052971452,ENSG00000066735,KIF26A,0.00010788440704345703,0.74676645,False,8535,False,low,UP in diabetic,False
14_21464433_C_T,rs11628702,0.4527329280755647,ENSG00000100888,CHD8,-7.90258248647054e-05,0.51973367,False,8307,False,low,DOWN in diabetic,False
14_25409430_C_T,rs7141213,0.3741331391682638,ENSG00000168952,STXBP6,0.002235869566599528,0.9788794,True,359283,False,low,UP in diabetic,False
14_25416934_G_A,rs2754079,0.35025912631621,ENSG00000168952,STXBP6,-0.0018659631411234538,0.93881017,True,366787,False,low,DOWN in diabetic,False
14_29609539_T_C,rs61980481,0.2941478093811957,ENSG00000184304,PRKD1,-0.00025101502736409503,0.5558421,False,582359,False,low,DOWN in diabetic,False
14_29723932_A_G,rs61978024,0.994368418309765,ENSG00000184304,PRKD1,-0.0014666318893432617,0.94809806,True,467966,False,low,DOWN in diabetic,False
14_32823537_A_C,rs2239647,0.2540435818000353,ENSG00000151322,NPAS3,-0.00021084149678548178,0.8292812,True,110859,False,low,DOWN in diabetic,True
14_32833676_G_T,rs17522122,0.2417205348676531,ENSG00000151322,NPAS3,-0.0003107786178588867,0.64244115,False,100720,False,low,DOWN in diabetic,True
14_38541596_G_A,rs369839370,0.9999112560436964,ENSG00000176435,CLEC14A,-0.0008393029371897379,0.92792165,True,285503,False,low,DOWN in diabetic,False
14_50045629_A_G,rs72680100,0.2670392334391088,ENSG00000100483,VCPKMT,0.00039571523666381836,0.6619072,False,70971,False,low,UP in diabetic,False
14_50046348_G_A,rs72680101,0.2503815033526727,ENSG00000100483,VCPKMT,2.5505820910135906e-05,0.64244115,False,70252,False,low,UP in diabetic,False
14_50047194_G_A,rs72680102,0.2851057556601499,ENSG00000100483,VCPKMT,-0.0005323986212412516,0.7313966,True,69406,False,low,DOWN in diabetic,False
14_73481370_G_C,rs2333142,0.249606651346976,ENSG00000170468,RIOX1,0.0012197432418664296,0.8127267,True,9563,False,low,UP in diabetic,False
14_76834520_C_T,rs2056857,0.769013451865183,ENSG00000100565,LRRC74A,0.006579796473185222,0.9980761,True,8148,True,high,UP in diabetic,False
14_76835230_C_G,rs12890660,0.213174361385601,ENSG00000100565,LRRC74A,-0.0003895759582519531,0.64244115,True,8858,False,low,DOWN in diabetic,False
14_89455047_C_T,rs17798879,0.7697795874400323,ENSG00000053254,FOXN3,0.00018165260553359985,0.600902,False,164102,False,low,UP in diabetic,True
14_94239493_C_T,rs145991774,0.4192146061940959,ENSG00000140093,SERPINA10,0.0011202904085318248,0.87126195,True,53775,False,low,UP in diabetic,False
14_94403023_G_A,rs142501060,0.57968615699661,ENSG00000197249,SERPINA1,0.000959773858388265,0.7819256,True,12330,False,low,UP in diabetic,False
15_38535939_G_T,rs8043085,0.3465870434844417,ENSG00000172575,RASGRP1,-0.0033076206843058267,0.98385334,True,29636,False,low,DOWN in diabetic,False
15_38580914_T_C,rs34715063,0.8161582971981571,ENSG00000172575,RASGRP1,0.0012340943018595378,0.9065298,True,15339,False,low,UP in diabetic,False
15_40104990_C_G,rs34245505,0.9149013036166538,ENSG00000104081,BMF,0.004172717531522115,0.9946926,True,3902,True,high,UP in diabetic,False
15_40336470_G_A,rs12911108,0.644226137671012,ENSG00000188549,CCDC9B,-0.0010553995768229167,0.9560082,False,4469,False,low,DOWN in diabetic,False
15_40340937_A_T,rs4924455,0.3557224630347637,ENSG00000188549,CCDC9B,-0.02704044183095296,0.999691,True,2,True,high,DOWN in diabetic,False
15_40343658_C_T,rs71472431,0.339839562964924,ENSG00000188549,CCDC9B,0.001004179318745931,0.997013,False,2719,True,medium,UP in diabetic,False
15_52236310_G_A,rs2007854,0.2800938050254121,ENSG00000069966,GNB5,2.3166338602701824e-05,0.5558421,False,44918,False,low,UP in diabetic,False
15_52240869_G_A,rs79400013,0.775688925627203,ENSG00000069966,GNB5,-0.0004666845003763835,0.68951035,False,49477,False,low,DOWN in diabetic,False
15_52296525_C_G,rs74804697,0.6485469835673401,ENSG00000128833,MYO5C,0.0017516414324442546,0.8970444,True,721,False,low,UP in diabetic,False
15_52799356_C_T,rs2456530,0.5986360256095643,ENSG00000169856,ONECUT1,0.003628519674142202,0.98273104,True,8278,False,low,UP in diabetic,True
15_58446224_C_T,rs12914626,0.9697258376234856,ENSG00000166035,LIPC,0.002244363228480021,0.9255302,True,35655,False,low,UP in diabetic,False
15_61996896_C_T,rs28610280,0.9999999968426502,ENSG00000129003,VPS13C,0.00024715811014175415,0.64244115,False,63577,False,low,UP in diabetic,False
15_65043388_C_T,rs569141077,0.9962872124614378,ENSG00000186198,SLC51B,-0.0017609099547068279,0.9627358,True,1999,False,low,DOWN in diabetic,False
15_66582532_C_T,rs8042305,0.24331337616923,ENSG00000188501,LCTL,-0.0004076560338338216,0.9774153,False,16534,False,low,DOWN in diabetic,False
15_67188910_C_T,rs3825977,0.965588366594326,ENSG00000103599,IQCH,-0.0007572174072265625,0.71524596,True,65876,False,low,DOWN in diabetic,False
15_67624062_G_A,rs11631200,0.453524900754669,ENSG00000137764,MAP2K5,0.00023957093556722006,0.6619072,False,81359,False,low,UP in diabetic,False
15_67624110_A_C,rs7166790,0.272336406216798,ENSG00000137764,MAP2K5,0.0008250673611958822,0.8009039,True,81407,False,low,UP in diabetic,False
15_67731471_T_C,rs12050481,0.2819606973668929,ENSG00000188779,SKOR1,-0.0001942316691080729,0.9941265,False,88233,True,medium,DOWN in diabetic,True
15_68059327_T_C,rs115275906,0.6575497639201605,ENSG00000033800,PIAS1,-0.0008598168690999349,0.68951035,True,5018,False,low,DOWN in diabetic,False
15_68060851_T_C,rs150072965,0.3120214306307006,ENSG00000033800,PIAS1,6.8942705790201826e-06,0.51973367,False,6542,False,low,UP in diabetic,False
15_73339801_C_T,rs2247424,0.249669087495492,ENSG00000138622,HCN4,-1.339117685953776e-05,0.65228176,False,29157,False,low,DOWN in diabetic,False
15_74041072_G_A,rs876383,0.4183099543125773,ENSG00000159289,GOLGA6A,-0.000980059305826823,0.7819256,True,41478,False,low,DOWN in diabetic,False
15_76161994_C_T,rs2959860,0.227469428933034,ENSG00000169758,TMEM266,-0.0005187193552652994,0.76137805,False,102036,False,low,DOWN in diabetic,False
15_77892951_C_T,rs59577817,0.8667724317551311,ENSG00000169783,LINGO1,-0.0020162065823872886,0.9151803,True,72051,False,low,DOWN in diabetic,False
15_89863652_A_G,rs12594774,0.6331194883482713,ENSG00000157823,AP3S2,-0.0009099245071411133,0.8183989,True,30986,False,low,DOWN in diabetic,False
15_90965573_C_A,rs2140585099;rs2140585114;rs2140585144;rs4932182,0.209685010821075,ENSG00000166965,RCCD1,-0.0008596479892730713,0.7684068,True,10692,False,low,DOWN in diabetic,False
15_90968030_A_G,rs12910825,0.348580592116131,ENSG00000166965,RCCD1,0.0025283098220825195,0.93466026,True,13149,False,low,UP in diabetic,False
15_93288838_G_A,rs7167984,0.6640962476304482,ENSG00000182175,RGMA,-0.00014003117879231772,0.73917776,True,199627,False,low,DOWN in diabetic,False
15_93304101_G_A,rs55846346,0.2208533408332467,ENSG00000182175,RGMA,0.0005747477213541666,0.8009039,False,214890,False,low,UP in diabetic,False
15_98942702_T_A,rs41497346,0.996194437850922,ENSG00000183571,PGPEP1L,0.003204822540283203,0.9588311,True,65090,False,low,UP in diabetic,False
16_1091198_G_A,rs55828954,0.7865477710705258,ENSG00000184471,C1QTNF8,0.0004245440165201823,0.72342026,False,5513,False,low,UP in diabetic,False
16_1198374_G_C,rs34569984,0.2086032017817901,ENSG00000116176,TPSG1,8.292992909749349e-05,0.8183989,False,27419,False,low,UP in diabetic,False
16_1329705_G_A,rs139294140,0.547630798405668,ENSG00000007516,BAIAP3,0.002098610003789266,0.9302391,True,3933,False,low,UP in diabetic,False
16_1331124_G_A,rs113501236,0.5822927531126083,ENSG00000007516,BAIAP3,0.001243362824122111,0.90346414,False,2514,False,low,UP in diabetic,False
16_15135805_A_G,rs2905113,0.7747407630107657,ENSG00000085721,RRN3,-0.00028844674428304035,0.531989,True,41494,False,low,DOWN in diabetic,False
16_15137074_G_A,rs12449269,0.2121064027169227,ENSG00000085721,RRN3,-0.0008706487715244293,0.78842187,True,42763,False,low,DOWN in diabetic,False
16_2107078_T_C,rs3874658,0.509682227274851,ENSG00000008710,PKD1,6.723403930664062e-05,0.7541656,False,28820,False,low,UP in diabetic,False
16_24791651_T_C,rs139403173,0.8277222016702345,ENSG00000158865,SLC5A11,0.0009506940841674805,0.88665366,False,54190,False,low,UP in diabetic,False
16_250400_T_C,rs56038902,0.8897111852236604,ENSG00000167930,FAM234A,0.0004871934652328491,0.97585106,False,15879,False,low,UP in diabetic,False
16_3964281_C_G,rs2238435,0.4508629212801144,ENSG00000005339,CREBBP,0.0007756352424621582,0.8068961,True,83568,False,low,UP in diabetic,False
16_3965728_C_T,rs879620,0.380434271759569,ENSG00000005339,CREBBP,1.1821587880452475e-05,0.57881373,False,85015,False,low,UP in diabetic,False
16_4058205_T_C,rs62036959,0.4777783611309036,ENSG00000162104,ADCY9,0.001254737377166748,0.8539419,True,58237,False,low,UP in diabetic,False
16_52503145_T_C,rs79655921,0.8017164661813028,ENSG00000103460,TOX3,0.0014998018741607666,0.8671202,True,44657,False,low,UP in diabetic,False
16_53767042_T_C,rs1421085,0.3369786408745476,ENSG00000103494,RPGRIP1L,0.0014847715695699055,0.82391596,True,63104,False,low,UP in diabetic,False
16_53772541_A_G,rs56094641,0.3463473529048852,ENSG00000103494,RPGRIP1L,-0.00107651948928833,0.8183989,True,68603,False,low,DOWN in diabetic,False
16_69527253_G_A,rs4783721,0.557742598851812,ENSG00000102908,NFAT5,-0.0017530123392740886,0.92792165,False,37841,False,low,DOWN in diabetic,True
16_72054877_C_T,rs35254925,0.9901756443812744,ENSG00000257017,HP,0.0089426189661026,0.99902254,True,372,True,high,UP in diabetic,False
16_73063130_G_A,rs7498798,0.9834554452041112,ENSG00000140836,ZFHX3,-0.0012560685475667317,0.84928787,True,828741,False,low,DOWN in diabetic,True
16_75200974_C_A,rs72802342,0.9977094844641524,ENSG00000168928,CTRB2,-0.0038220485051472983,0.9902553,True,6187,True,high,DOWN in diabetic,False
16_75202865_C_G,rs55993634,0.239348742413381,ENSG00000168928,CTRB2,0.00034821033477783203,0.9230626,False,4296,False,low,UP in diabetic,False
16_76843817_A_G,rs145936307,0.50496225606564,ENSG00000103111,MON1B,-0.0007263024648030599,0.775255,True,347018,False,low,DOWN in diabetic,False
16_77436392_A_G,rs4888630,0.9243795543555848,ENSG00000140873,ADAMTS18,0.0012770493825276692,0.9601752,False,1358,False,low,UP in diabetic,False
16_81501185_T_C,rs2925979,0.9870143741114,ENSG00000153815,CMIP,0.00018046299616495767,0.84928787,False,56377,False,low,UP in diabetic,False
16_85664473_T_G,rs3812967,0.4098631701651111,ENSG00000131153,GINS2,-0.0008497436841328939,0.8829762,True,25600,False,low,DOWN in diabetic,False
16_88079965_C_G,rs9927345,0.3896719803566473,ENSG00000172530,BANP,-0.0002606511116027832,0.67131925,True,130721,False,low,DOWN in diabetic,False
16_88081457_G_A,rs8051847,0.3440613192529254,ENSG00000172530,BANP,-2.773602803548177e-05,0.531989,False,132213,False,low,DOWN in diabetic,False
16_88202276_A_G,rs9934456,0.3072594155446275,ENSG00000225614,ZNF469,0.0014032522837320964,0.839569,True,180683,False,low,UP in diabetic,True
16_88205258_G_A,rs12446637,0.206151388728337,ENSG00000225614,ZNF469,-0.0006756385167439779,0.8127267,True,177701,False,low,DOWN in diabetic,True
16_88498650_G_A,rs17773400,0.9999978717956476,ENSG00000179588,ZFPM1,0.0027487874031066895,0.9733019,True,45370,False,low,UP in diabetic,True
16_88778228_G_A,rs73251033,0.4639732895114064,ENSG00000103335,PIEZO1,-0.0013878904283046722,0.8183989,True,6992,False,low,DOWN in diabetic,False
16_89850827_G_T,rs11644935,1.0,ENSG00000141002,TCF25,0.0008681090548634529,0.8292812,True,22743,False,low,UP in diabetic,False
17_1606754_A_G,rs9893867,0.931446962529851,ENSG00000167703,SLC43A2,-0.0007938345273335775,0.93466026,False,22132,False,low,DOWN in diabetic,False
17_37670407_A_C,rs3094503,0.996754509518517,ENSG00000278053,DDX52,-0.0008089890082677206,0.71524596,True,26961,False,low,DOWN in diabetic,False
17_37686448_G_C,rs10962,0.9992028127614208,ENSG00000278053,DDX52,-0.0006398359934488932,0.69829345,True,43002,False,low,DOWN in diabetic,False
17_37687273_G_T,rs2229295,0.999999989511178,ENSG00000278053,DDX52,0.0006747469305992126,0.65228176,True,43827,False,low,UP in diabetic,False
17_37687414_G_A,rs3110641,0.986869484306007,ENSG00000278053,DDX52,-0.0001743622124195099,0.62210923,False,43968,False,low,DOWN in diabetic,False
17_37723715_A_C,rs79882976,0.9999999527917336,ENSG00000275410,HNF1B,0.0033925573031107583,0.98438704,True,21344,False,low,UP in diabetic,True
17_37728539_T_C,rs2002731,0.9999999999999292,ENSG00000275410,HNF1B,-0.0015751222769419353,0.88665366,True,16520,False,low,DOWN in diabetic,True
17_37731265_C_G,rs9906451,0.9999999988290432,ENSG00000275410,HNF1B,0.003022998571395874,0.9895757,True,13794,False,low,UP in diabetic,True
17_37740776_G_A,rs11657964,0.352787905715575,ENSG00000275410,HNF1B,-0.0007532835006713867,0.9205166,False,4283,False,low,DOWN in diabetic,True
17_37741165_C_T,rs7501939,0.475474849079756,ENSG00000275410,HNF1B,0.0026567280292510986,0.9514159,True,3894,False,low,UP in diabetic,True
17_3924792_C_G,rs1043246,0.9998392982131006,ENSG00000108405,P2RX1,-0.01294618844985962,0.9995035,False,8316,True,medium,DOWN in diabetic,False
17_3956131_T_C,rs1974611,0.6396432193642848,ENSG00000074370,ATP2A3,0.0006575187047322592,0.7819256,True,8333,False,low,UP in diabetic,False
17_3957062_A_T,rs3826482,0.2488330776318876,ENSG00000074370,ATP2A3,0.0020505289236704507,0.9651347,True,7402,False,low,UP in diabetic,False
17_4085157_T_C,rs8071043,0.463555223314424,ENSG00000074755,ZZEF1,-7.663170496622722e-05,0.58996826,False,57873,False,low,DOWN in diabetic,False
17_46006642_T_C,rs12946693,0.5617668094932632,ENSG00000256762,STH,0.00021251042683919272,0.71524596,True,7392,False,low,UP in diabetic,False
17_46241681_A_G,rs2732634,0.3205018829499576,ENSG00000120071,KANSL1,0.0003782908121744792,0.57881373,True,16292,False,low,UP in diabetic,False
17_46864000_A_G,rs2165846,0.9798617240417128,ENSG00000158955,WNT9B,0.003825982411702474,0.99256027,True,30799,True,high,UP in diabetic,False
17_49013423_C_T,rs11079849,0.5450089302408953,ENSG00000159217,IGF2BP1,-0.0006896754105885824,0.8671202,False,16038,False,low,DOWN in diabetic,False
17_578364_C_T,rs11870735,0.7594184482955536,ENSG00000183688,RFLNB,0.0002282982071240743,0.68951035,False,132425,False,low,UP in diabetic,False
17_57863409_T_C,rs17835022,0.2443493973214169,ENSG00000181610,MRPS23,-0.0004896242171525955,0.68951035,True,13353,False,low,DOWN in diabetic,False
17_57879064_C_T,rs2586046,0.2698548000090228,ENSG00000181610,MRPS23,-0.00024844954411188763,0.74676645,False,29008,False,low,DOWN in diabetic,False
17_63504930_T_C,rs56913696,0.208124422193102,ENSG00000173826,KCNH6,-0.002354900042215983,0.9627358,False,18404,False,low,DOWN in diabetic,False
17_63505531_C_T,rs8075924,0.331196857344789,ENSG00000173826,KCNH6,-0.0011110703150431316,0.879187,True,17803,False,low,DOWN in diabetic,False
17_63589325_C_T,rs72845886,0.2258408453731506,ENSG00000136463,TACO1,0.001562978917111953,0.9367681,True,11557,False,low,UP in diabetic,False
17_63589646_C_T,rs72845888,0.6687385670693936,ENSG00000136463,TACO1,0.00042103417217731476,0.72342026,True,11236,False,low,UP in diabetic,False
17_67643634_T_C,rs77926287,0.2355005582392857,ENSG00000130935,NOL11,0.00027831147114435834,0.600902,True,74297,False,low,UP in diabetic,False
17_67650373_C_T,rs117545724,0.2115814905305642,ENSG00000130935,NOL11,0.0007682368159294128,0.79474694,True,67558,False,low,UP in diabetic,False
17_67681565_C_T,rs146222433,0.7362387606377083,ENSG00000130935,NOL11,0.00045038263003031415,0.57881373,True,36366,False,low,UP in diabetic,False
17_67832255_T_A,rs2080090,0.2015364609680439,ENSG00000171634,BPTF,2.1032989025115967e-05,0.44169295,False,6752,False,low,UP in diabetic,True
17_68457164_C_G,rs71378928,0.3157985063552221,ENSG00000070540,WIPI1,-0.014463211099306742,0.9994687,True,349,True,high,DOWN in diabetic,False
17_7608442_A_T,rs888110,0.39676267591338,ENSG00000129214,SHBG,-0.0037887990474700928,0.97502923,True,5504,False,low,DOWN in diabetic,False
17_7651218_T_C,rs1050528,0.9999999999998864,ENSG00000129244,ATP1B2,0.004214783509572347,0.9991748,False,4591,True,medium,UP in diabetic,False
17_78131350_G_C,rs383603,0.9997296703149048,ENSG00000167895,TMC8,-0.02219267686208089,0.99952,True,580,True,high,DOWN in diabetic,False
17_78762169_A_G,rs7221314,0.969898062808241,ENSG00000108669,CYTH1,0.00402232011159261,0.98024946,True,20128,False,low,UP in diabetic,False
17_82726104_C_T,rs9895455,0.2974954936838502,ENSG00000141560,FN3KRP,0.0007321809728940328,0.7819256,True,9398,False,low,UP in diabetic,False
18_13121802_G_T,rs141702542,0.3615143517343328,ENSG00000168675,LDLRAD4,0.0011730194091796875,0.8539419,True,95696,False,low,UP in diabetic,False
18_23557478_A_G,rs1788760,0.2018656469133171,ENSG00000141458,NPC1,0.00031306222081184387,0.73917776,False,29028,False,low,UP in diabetic,False
18_32092229_C_A,rs531385319,0.420798646704729,ENSG00000134758,RNF138,0.005433171521872282,0.9973013,True,355,True,high,UP in diabetic,False
18_32177620_T_G,rs1482682068,0.545288426080077,ENSG00000141434,MEP1B,0.025232712427775066,0.99963397,True,7449,True,high,UP in diabetic,False
18_34650756_G_A,rs1240975,0.2859483161104305,ENSG00000134769,DTNA,-0.00189514954884847,0.9255302,True,157465,False,low,DOWN in diabetic,False
18_34650949_T_C,rs1240974,0.6991005745318448,ENSG00000134769,DTNA,2.582867940266927e-05,0.6619072,False,157658,False,low,UP in diabetic,False
18_42463879_A_G,rs56192168,0.328381272737969,ENSG00000078142,PIK3C3,-0.0005930860837300619,0.68951035,True,508645,False,low,DOWN in diabetic,False
18_50609571_C_T,rs28680308,0.2142162461702992,ENSG00000141639,MAPK4,0.0018530686696370442,0.94456005,True,49484,False,low,UP in diabetic,False
18_55402937_C_T,rs72926954,0.2015837817754498,ENSG00000196628,TCF4,-6.0558319091796875e-05,0.7068712,False,261850,False,low,DOWN in diabetic,True
18_55786344_A_C,rs7245109,0.2174805927406321,ENSG00000196628,TCF4,-0.001308163007100423,0.9302391,True,121557,False,low,DOWN in diabetic,True
18_55790271_G_C,rs7226741,0.2097761489564918,ENSG00000196628,TCF4,0.00037737687428792316,0.57881373,True,125484,False,low,UP in diabetic,True
18_59216087_T_G,rs7243357,0.2633422128560403,ENSG00000134443,GRP,-0.007723132769266765,0.997013,True,4071,True,high,DOWN in diabetic,False
18_59964810_C_T,rs17066426,1.0,ENSG00000141682,PMAIP1,0.000579148530960083,0.8671202,False,64814,False,low,UP in diabetic,False
18_63178651_T_C,rs12454712,0.9999999986580655,ENSG00000171791,BCL2,-0.00447992483774821,0.9833016,True,141477,False,low,DOWN in diabetic,False
18_63228749_G_A,rs6567331,0.9090241377478218,ENSG00000171791,BCL2,-0.0002843141555786133,0.79474694,False,91379,False,low,DOWN in diabetic,False
18_73179413_T_C,rs1559581,0.5559824531577077,ENSG00000166342,NETO1,-0.0003246466318766276,0.775255,False,311267,False,low,DOWN in diabetic,False
18_73197873_A_G,rs73969444,0.2501527424702546,ENSG00000166342,NETO1,-0.0015583038330078125,0.8970444,True,329727,False,low,DOWN in diabetic,False
19_1224287_G_T,rs35004890,0.2149528239105153,ENSG00000099625,CBARP,0.0006971160570780436,0.8292812,False,13740,False,low,UP in diabetic,False
19_1233053_A_C,rs36001015,0.2166744562323396,ENSG00000099625,CBARP,0.0100020964940389,0.99911696,True,4974,True,high,UP in diabetic,False
19_1236709_C_A,rs76096449,0.2602565712291745,ENSG00000099625,CBARP,-0.01893007755279541,0.9994687,True,1318,True,high,DOWN in diabetic,False
19_1237075_G_T,rs56265137,0.2615013187361252,ENSG00000099625,CBARP,-0.00019576152165730795,0.9902553,False,952,True,medium,DOWN in diabetic,False
19_12393701_T_C,rs2910993,0.2618353955188056,ENSG00000196466,ZNF799,-0.001225570837656657,0.839569,True,7570,False,low,DOWN in diabetic,True
19_18701214_A_G,rs4808845,0.2414695596296354,ENSG00000105662,CRTC1,9.767214457194011e-05,0.600902,False,17536,False,low,UP in diabetic,False
19_18701975_A_G,rs8112818,0.339996204824787,ENSG00000105662,CRTC1,0.0014714598655700684,0.8752832,True,18297,False,low,UP in diabetic,False
19_19277262_G_C,rs12981974,0.9999998805599264,ENSG00000213996,TM6SF2,-0.00017917901277542114,0.63238406,False,3871,False,low,DOWN in diabetic,False
19_19282905_G_A,rs8100204,0.999999990595686,ENSG00000213996,TM6SF2,-0.0010374455402294795,0.8292812,False,9514,False,low,DOWN in diabetic,False
19_19367068_A_C,rs56255430,0.7391959180330231,ENSG00000167491,GATAD2A,-0.0011626047392686207,0.8444979,True,18758,False,low,DOWN in diabetic,True
19_2543659_G_T,rs11881553,0.3154209905505893,ENSG00000099860,GADD45B,0.0025770962238311768,0.991193,False,67537,True,medium,UP in diabetic,False
19_30536528_G_A,rs4474808,0.3116653222385211,ENSG00000198597,ZNF536,-0.00023647149403889975,0.7684068,False,311637,False,low,DOWN in diabetic,True
19_32300101_T_G,rs12460133,0.967246522406646,ENSG00000168813,ZNF507,6.80387020111084e-05,0.64244115,False,45493,False,low,UP in diabetic,True
19_33399932_C_G,rs10406327,0.9970320978169052,ENSG00000153879,CEBPG,-0.0011260509490966797,0.79474694,True,26247,False,low,DOWN in diabetic,True
19_38896396_A_T,rs11880264,0.2024144969925383,ENSG00000104825,NFKBIB,-0.000432743380467097,0.7068712,True,3304,False,low,DOWN in diabetic,False
19_38897279_T_C,rs10405150,0.260708944013324,ENSG00000104825,NFKBIB,0.0016480466971794765,0.862855,True,2421,False,low,UP in diabetic,False
19_40272511_A_C,rs553405639,0.509228485146597,ENSG00000105221,AKT2,-0.0010661880175272624,0.76137805,True,13025,False,low,DOWN in diabetic,False
19_44893408_G_T,rs59007384,0.32827029281371,ENSG00000130204,TOMM40,0.0025034298499425254,0.99787045,False,2839,True,medium,UP in diabetic,False
19_45652917_C_T,rs62111720,0.3159510017328387,ENSG00000125746,EML2,0.001538236935933431,0.9151803,True,7315,False,low,UP in diabetic,False
19_45652921_G_C,rs62111721,0.3067061559654966,ENSG00000125746,EML2,-0.002040406068166097,0.9514159,True,7319,False,low,DOWN in diabetic,False
19_47100028_C_T,rs411560,0.795152237428427,ENSG00000142230,SAE1,9.934852520624797e-05,0.65228176,False,13246,False,low,UP in diabetic,False
19_51278201_G_A,rs148108087,0.9993961534526312,ENSG00000179213,SIGLECL1,-0.0013022422790527344,0.9230626,True,31853,False,low,DOWN in diabetic,False
19_7097047_C_A,rs11670755,0.3338135426278764,ENSG00000130544,ZNF557,3.473957379659017e-05,0.73917776,False,27344,False,low,UP in diabetic,True
19_7099078_G_A,rs12052184,0.329968518414244,ENSG00000130544,ZNF557,0.0004120469093322754,0.8127267,False,29375,False,low,UP in diabetic,True
19_7100673_T_C,rs72988557,0.2912135267782451,ENSG00000130544,ZNF557,0.0009965399901072185,0.775255,True,30970,False,low,UP in diabetic,True
19_7147181_T_C,rs544731034,0.529425560425583,ENSG00000130544,ZNF557,0.0006535947322845459,0.7684068,True,77478,False,low,UP in diabetic,True
19_7182160_G_C,rs4325676,0.667138189577208,ENSG00000171105,INSR,0.0012183052798112233,0.8584633,True,112254,False,low,UP in diabetic,False
19_7903283_G_A,rs2115107,0.6184273417458,ENSG00000076984,MAP2K7,-0.0009917219479878743,0.72342026,True,560,False,low,DOWN in diabetic,False
19_7911644_T_C,rs2303700,0.7608643005665255,ENSG00000260001,TGFBR3L,0.0010187228520711262,0.9815315,False,3186,False,low,UP in diabetic,False
19_7977563_T_G,rs149256473,0.7247048495402858,ENSG00000066044,ELAVL1,-0.0003982329120238622,0.57881373,True,28096,False,low,DOWN in diabetic,False
19_816540_T_C,rs72982156,0.621853797242129,ENSG00000129951,PLPPR3,0.000603179136912028,0.8829762,False,5415,False,low,UP in diabetic,False
19_817394_C_T,rs7259714,0.2873140150940835,ENSG00000129951,PLPPR3,0.0013189514478047688,0.9863523,False,4561,False,low,UP in diabetic,False
1_107089777_C_T,rs11587654,0.998292147335324,ENSG00000198890,PRMT6,0.0002498030662536621,0.69829345,False,33103,False,low,UP in diabetic,False
1_112587437_A_G,rs12730156,0.6829436542447417,ENSG00000116489,CAPZA1,0.0007993777592976888,0.775255,True,32368,False,low,UP in diabetic,False
1_11327135_G_C,rs2982375,0.747263359425075,ENSG00000120942,UBIAD1,7.258852322896321e-05,0.49457133,False,53937,False,low,UP in diabetic,False
1_116990168_C_T,rs1127215,0.992587202216235,ENSG00000134256,CD101,-0.01989897092183431,0.99968034,True,11582,True,high,DOWN in diabetic,False
1_117624255_C_T,rs10923360,0.264642061312287,ENSG00000183508,TENT5C,0.014629835883776346,0.99934894,True,18207,True,high,UP in diabetic,False
1_117624577_A_G,rs826403,0.307245893063256,ENSG00000183508,TENT5C,-0.005485301216443379,0.99831975,True,18529,True,high,DOWN in diabetic,False
1_147268917_A_G,rs11576360,0.352314052652136,ENSG00000131781,FMO5,0.0015165780981381733,0.879187,True,25867,False,low,UP in diabetic,False
1_147323003_A_G,rs12145968,0.215356815337319,ENSG00000131781,FMO5,0.0007517822086811066,0.74676645,True,79953,False,low,UP in diabetic,False
1_150646156_A_C,rs2055975,0.928614781193959,ENSG00000143420,ENSA,-0.00030632441242535907,0.5440255,True,16544,False,low,DOWN in diabetic,False
1_150712010_T_C,rs116279971,0.449079657128273,ENSG00000143452,HORMAD1,-0.0016398429870605469,0.9627358,True,8885,False,low,DOWN in diabetic,False
1_151045515_T_C,rs145904381,0.3281816959495956,ENSG00000143443,C1orf56,-0.001888108750184377,0.9614764,False,2236,False,low,DOWN in diabetic,False
1_155244682_A_G,rs12034326,0.3928901651883948,ENSG00000177628,GBA1,-0.02343472403784593,0.9996693,True,17,True,high,DOWN in diabetic,False
1_156236927_T_G,rs144847100,0.90508608031541,ENSG00000242252,BGLAP,0.011635243892669678,0.9986743,True,5257,True,high,UP in diabetic,False
1_1716097_C_T,rs115980964,0.249444636533352,ENSG00000008128,CDK11A,-0.000843505064646403,0.8183989,True,8260,False,low,DOWN in diabetic,False
1_200314506_G_A,rs6657571,0.2493291790884753,ENSG00000162702,ZNF281,0.0025228833158810935,0.9863523,True,95550,False,low,UP in diabetic,True
1_200320832_T_G,rs371745557,0.2582860333391119,ENSG00000162702,ZNF281,0.00031743012368679047,0.6619072,False,89224,False,low,UP in diabetic,True
1_200320836_T_G,rs147179481,0.2594828889315543,ENSG00000162702,ZNF281,0.0003646587332089742,0.74676645,True,89220,False,low,UP in diabetic,True
1_201727924_T_C,rs239991,0.2043966379945792,ENSG00000198700,IPO9,-0.00015222281217575073,0.531989,False,101225,False,low,DOWN in diabetic,False
1_203549745_A_C,rs13303359,0.232094351783055,ENSG00000188770,OPTC,0.00034538904825846356,0.7313966,True,55624,False,low,UP in diabetic,False
1_203550066_T_C,rs6695980,0.240557244027486,ENSG00000188770,OPTC,0.0003604888916015625,0.65228176,False,55945,False,low,UP in diabetic,False
1_205054884_C_T,rs1572995,0.4915328069551805,ENSG00000184144,CNTN2,-0.0017691453297932942,0.9123854,True,11947,False,low,DOWN in diabetic,False
1_205075211_A_G,rs11240351,0.239195000688135,ENSG00000174529,TMEM81,0.0022892157236735025,0.93881017,True,9249,False,low,UP in diabetic,False
1_206661466_T_C,rs4845124,0.3079088085037969,ENSG00000162889,MAPKAPK2,-0.0005030632019042969,0.69829345,True,23439,False,low,DOWN in diabetic,False
1_211872006_T_C,rs61828506,0.3525758777942262,ENSG00000123684,LPGAT1,-0.001483263758321603,0.862855,True,41243,False,low,DOWN in diabetic,False
1_212057589_C_T,rs75241115,1.0,ENSG00000143493,INTS7,-0.0004017664274821679,0.69829345,True,22032,False,low,DOWN in diabetic,False
1_213972388_C_G,rs340882,0.829363119270892,ENSG00000117707,PROX1,-0.001166850949327151,0.8539419,True,10793,False,low,DOWN in diabetic,True
1_213977102_T_A,rs17712208,0.668392273643485,ENSG00000117707,PROX1,-0.06528901619215806,0.9999432,True,6079,True,high,DOWN in diabetic,True
1_213977478_G_C,rs79687284,0.4173003032409448,ENSG00000117707,PROX1,0.001445274179180463,0.9560082,True,5703,False,low,UP in diabetic,True
1_213985913_T_C,rs340874,0.9999999991652544,ENSG00000117707,PROX1,-0.0023225819071133933,0.94078827,True,2732,False,low,DOWN in diabetic,True
1_214080211_T_C,rs12132228,0.7802869873710722,ENSG00000117707,PROX1,-0.000944238156080246,0.775255,True,97030,False,low,DOWN in diabetic,True
1_21664779_G_T,rs829376,0.252618853209837,ENSG00000076864,RAP1GAP,0.0009414620387057463,0.8183989,True,4578,False,low,UP in diabetic,False
1_219561618_A_C,rs2820441,0.2880128779138936,ENSG00000215817,ZC3H11B,-0.003438075383504232,0.9774153,True,51487,False,low,DOWN in diabetic,False
1_219561656_C_A,rs2785998,0.2848196944400155,ENSG00000215817,ZC3H11B,0.0005441506703694662,0.73917776,True,51449,False,low,UP in diabetic,False
1_229506752_T_A,rs238763,0.3052102635163764,ENSG00000069248,NUP133,0.00011997483670711517,0.4685517,False,1589,False,low,UP in diabetic,False
1_229537208_G_A,rs348330,0.973065339147239,ENSG00000135776,ABCB10,-0.0012102263669172923,0.9815315,False,21499,False,low,DOWN in diabetic,False
1_25734953_C_T,rs142957724,0.9869626886720504,ENSG00000162430,SELENON,-0.0004978254437446594,0.7068712,False,65240,False,low,DOWN in diabetic,False
1_26085956_A_T,rs116518269,1.0,ENSG00000158022,TRIM63,0.0022357304890950522,0.9601752,True,17520,False,low,UP in diabetic,False
1_26280514_C_A,rs34824071,0.478328924873145,ENSG00000142669,SH3BGRL3,0.03486004968484243,0.99980104,True,428,True,high,UP in diabetic,False
1_26291283_C_T,rs6696025,0.408151369894613,ENSG00000142669,SH3BGRL3,0.0012683918078740437,0.88665366,True,11197,False,low,UP in diabetic,False
1_26695422_G_C,rs114165349,0.458341691148397,ENSG00000117713,ARID1A,-0.01687603195508321,0.99943143,True,2186,True,high,DOWN in diabetic,False
1_27736828_G_A,rs148945264,0.91636272494984,ENSG00000009780,FAM76A,0.0003787577152252197,0.62210923,True,10867,False,low,UP in diabetic,False
1_28413910_T_C,rs11587757,0.8584908265651932,ENSG00000204138,PHACTR4,0.0012896905342737834,0.839569,True,44328,False,low,UP in diabetic,False
1_32929123_T_C,rs72654069,0.3624197689255488,ENSG00000121900,TMEM54,-0.0003985812266667684,0.74676645,False,27685,False,low,DOWN in diabetic,False
1_33284112_T_C,rs10798935,0.5857890976873447,ENSG00000160094,ZNF362,3.074854612350464e-05,0.51973367,False,27620,False,low,UP in diabetic,True
1_39515213_G_A,rs548352792,0.9999999988751116,ENSG00000183682,BMP8A,0.0033156871795654297,0.9662766,True,23577,False,low,UP in diabetic,False
1_49687782_T_A,rs569510541,0.213719762512819,ENSG00000186094,AGBL4,-0.0010905265808105469,0.8068961,True,336172,False,low,DOWN in diabetic,False
1_50354137_C_T,rs61780655,0.3008777073065736,ENSG00000142700,DMRTA2,-0.0011635621388753254,0.8671202,True,69306,False,low,DOWN in diabetic,True
1_50555757_A_G,rs61781018,0.2498520323001838,ENSG00000142700,DMRTA2,-0.0009181499481201172,0.8539419,True,132314,False,low,DOWN in diabetic,True
1_58019197_A_G,rs1188003,0.4882308589572721,ENSG00000173406,DAB1,0.00011237462361653645,0.76137805,False,527537,False,low,UP in diabetic,False
1_6591668_C_T,rs1556036,0.777201189640959,ENSG00000204859,ZBTB48,-0.00036101043224334717,0.69829345,False,11674,False,low,DOWN in diabetic,True
20_10656689_T_G,rs55649270,0.239517822935035,ENSG00000101384,JAG1,-0.0014526632924874623,0.89368504,True,17310,False,low,DOWN in diabetic,False
20_2128234_A_T,rs6106265,0.648092265659023,ENSG00000125834,STK35,-0.0005695770184199015,0.69829345,True,26407,False,low,DOWN in diabetic,False
20_33341084_T_C,rs293724,0.2071095222531044,ENSG00000101391,CDK5RAP1,-0.00014502306779225668,0.5440255,False,60477,False,low,DOWN in diabetic,False
20_33350300_C_A,rs293709,0.4554079713172465,ENSG00000101391,CDK5RAP1,0.0008821785449981689,0.879187,True,51261,False,low,UP in diabetic,False
20_33394393_T_C,rs291699,0.2375549125189073,ENSG00000101391,CDK5RAP1,-0.0010132193565368652,0.7313966,True,7168,False,low,DOWN in diabetic,False
20_33710480_C_T,rs13042148,0.2381042784100863,ENSG00000101417,PXMP4,0.005558987458546956,0.99711233,True,9839,True,high,UP in diabetic,False
20_33712865_G_A,rs34587839,0.2568071622635944,ENSG00000101417,PXMP4,-0.0009437402089436849,0.84928787,True,7454,False,low,DOWN in diabetic,False
20_33720469_C_T,rs67611724,0.2533406706972417,ENSG00000101417,PXMP4,-0.00983455777168274,0.9990551,True,150,True,high,DOWN in diabetic,False
20_41053043_C_G,rs8122094,0.692664276624138,ENSG00000198900,TOP1,0.0003038800011078517,0.8009039,False,24221,False,low,UP in diabetic,False
20_44366172_T_C,rs12625671,0.654434345933402,ENSG00000101076,HNF4A,-0.0023139923190077147,0.90346414,True,10473,False,low,DOWN in diabetic,True
20_44394715_G_A,rs191830490,0.919562394411982,ENSG00000101076,HNF4A,-0.01994267168144385,0.9998955,False,39016,True,medium,DOWN in diabetic,True
20_44605008_A_G,rs11696357,0.6409012370634304,ENSG00000196839,ADA,0.0001087188720703125,0.71524596,False,47244,False,low,UP in diabetic,False
20_44617908_C_A,rs244080,0.999978156498388,ENSG00000196839,ADA,0.0021027525266011557,0.9694861,True,34344,False,low,UP in diabetic,False
20_44627796_G_A,rs56062745,0.3454167818257018,ENSG00000196839,ADA,0.0038409034411112466,0.9914851,True,24456,True,high,UP in diabetic,False
20_46928378_A_G,rs1412956,0.2817995176697778,ENSG00000064655,EYA2,-0.0019699533780415854,0.9514159,True,33754,False,low,DOWN in diabetic,False
20_46928426_A_G,rs1412957,0.3297690200296972,ENSG00000064655,EYA2,0.0004914800326029459,0.82391596,False,33802,False,low,UP in diabetic,False
20_46928830_A_G,rs6066121,0.2514261017066601,ENSG00000064655,EYA2,0.0005946954091389974,0.9774153,False,34206,False,low,UP in diabetic,False
20_46978214_G_C,rs6066150,0.6259541946541529,ENSG00000064655,EYA2,0.0005525549252827963,0.93466026,False,83590,False,low,UP in diabetic,False
20_48334037_G_A,rs6019056,0.4152278181860299,ENSG00000124126,PREX1,-0.0002449353535970052,0.5558421,True,493962,False,low,DOWN in diabetic,False
20_48334076_C_T,rs6095068,0.5170667629116162,ENSG00000124126,PREX1,4.251797993977864e-06,0.531989,False,493923,False,low,UP in diabetic,False
20_51536805_T_C,rs3787186,0.2300937423550599,ENSG00000101096,NFATC2,0.0012528498967488606,0.9463574,True,26026,False,low,UP in diabetic,True
20_51538847_T_C,rs6021276,0.268265218439471,ENSG00000101096,NFATC2,-0.0012510220209757488,0.862855,True,23984,False,low,DOWN in diabetic,True
20_51541934_C_A,rs2235856,0.5016101620377441,ENSG00000101096,NFATC2,-0.0006388028462727865,0.99581087,False,20897,True,medium,DOWN in diabetic,True
20_58831704_C_T,rs4812035,0.3077661888033408,ENSG00000087460,GNAS,0.0005708734194437662,0.8752832,True,8014,False,low,UP in diabetic,False
20_59032308_C_T,rs45551238,0.892095649823927,ENSG00000124172,ATP5F1E,0.020994508018096287,0.99963397,True,37,True,high,UP in diabetic,False
20_62642365_G_C,rs6122141,0.2166463632451102,ENSG00000101187,SLCO4A1,-0.029967188835144043,0.99970126,True,138,True,high,DOWN in diabetic,False
20_62642608_G_A,rs34885433,0.3620168250909925,ENSG00000101187,SLCO4A1,-0.023575345675150555,0.9999203,False,105,True,medium,DOWN in diabetic,False
20_63813456_A_T,rs59295094,0.3845924344880845,ENSG00000130584,ZBTB46,0.00011630853017171224,0.600902,False,18582,False,low,UP in diabetic,True
20_63830219_G_A,rs8118848,0.2880402724873726,ENSG00000130584,ZBTB46,0.0019486149152119954,0.9788794,True,1819,False,low,UP in diabetic,True
20_64062966_G_T,rs35213536,0.2496213063823487,ENSG00000171703,TCEA2,-0.020993230243523914,0.9994504,True,13130,True,high,DOWN in diabetic,False
20_64064525_C_A,rs6062342,0.5033157532957727,ENSG00000171703,TCEA2,0.04763407756884893,0.9999118,True,14689,True,high,UP in diabetic,False
21_41204348_G_A,rs35291683,0.2580536158728,ENSG00000182240,BACE2,0.001395265261332194,0.8970444,True,36547,False,low,UP in diabetic,False
21_41214568_A_G,rs914183,0.54775764372203,ENSG00000182240,BACE2,-0.00041858355204264325,0.7313966,False,46767,False,low,DOWN in diabetic,False
21_41263460_A_T,rs79108037,0.4989931830493876,ENSG00000183844,FAM3B,-0.0033106406529744468,0.9723945,True,40752,False,low,DOWN in diabetic,False
21_41267010_A_T,rs75462941,0.4990622463136379,ENSG00000183844,FAM3B,-0.0016943613688151042,0.94809806,True,37202,False,low,DOWN in diabetic,False
22_19961340_G_C,rs165656,0.2041739408026095,ENSG00000184470,TXNRD2,-0.0007649064064025879,0.78842187,True,19520,False,low,DOWN in diabetic,False
22_19961490_C_T,rs165722,0.3606593692205292,ENSG00000184470,TXNRD2,-0.0009780128796895344,0.8068961,False,19670,False,low,DOWN in diabetic,False
22_29758116_G_A,rs567828099,0.9911643577373426,ENSG00000100319,ZMAT5,0.0006526981790860494,0.7541656,False,8895,False,low,UP in diabetic,False
22_31594689_G_A,rs5753713,0.2528180277403301,ENSG00000241878,PISD,0.0005683501561482748,0.6619072,True,67532,False,low,UP in diabetic,False
22_31624658_C_G,rs4820987,1.0,ENSG00000241878,PISD,0.00035060445467631024,0.73917776,False,37563,False,low,UP in diabetic,False
22_31840163_C_T,rs16989540,0.310518371224272,ENSG00000285404,ENSG00000285404,2.660602331161499e-05,0.5558421,False,85264,False,low,UP in diabetic,False
22_32790268_C_T,rs536950149,0.9871266332963754,ENSG00000100234,TIMP3,0.0008056809504826864,0.87126195,False,11437,False,low,UP in diabetic,False
22_43928850_C_T,rs738408,0.2429302758025573,ENSG00000100344,PNPLA3,-0.0078639288743337,0.99566686,True,5058,True,high,DOWN in diabetic,False
22_43928975_G_A,rs3747207,0.5186587242152404,ENSG00000100344,PNPLA3,-0.0023077279329299927,0.98540246,True,5183,False,low,DOWN in diabetic,False
22_43938932_T_G,rs150869358,0.9914744999446504,ENSG00000100344,PNPLA3,0.0024234006802241006,0.92792165,True,15140,False,low,UP in diabetic,False
22_46399244_C_A,rs9615362,0.2242473031186729,ENSG00000100416,TRMU,-0.00046839316685994464,0.69829345,True,68369,False,low,DOWN in diabetic,False
22_48478498_C_T,rs13056230,0.2027013434602446,ENSG00000219438,TAFA5,0.004406780004501343,0.99089086,True,11055,True,high,UP in diabetic,False
22_48489475_G_A,rs111614918,0.5626229463957373,ENSG00000219438,TAFA5,-0.002206126848856608,0.98385334,True,78,False,low,DOWN in diabetic,False
2_105610167_C_T,rs79812595,0.7015824579648242,ENSG00000071051,NCK2,0.00026940057675043744,0.63238406,True,134745,False,low,UP in diabetic,False
2_111119036_G_C,rs72836346,0.8656935705125427,ENSG00000153094,BCL2L11,-0.0012628138065338135,0.82391596,True,342,False,low,DOWN in diabetic,False
2_111488009_G_C,rs3747647,0.3496200302961,ENSG00000293584,ENSG00000293584,-0.0006169676780700684,0.8539419,True,366856,False,low,DOWN in diabetic,False
2_111492006_G_A,rs58584712,0.3265293890454895,ENSG00000293584,ENSG00000293584,0.0027805964152018228,0.94809806,True,370853,False,low,UP in diabetic,False
2_118817701_C_T,rs972143,0.4113471115629351,ENSG00000163064,EN1,-0.00016705195109049478,0.6116155,False,29947,False,low,DOWN in diabetic,True
2_119524439_C_T,rs2244214,0.9746687086817728,ENSG00000080293,SCTR,0.025703152020772297,0.9998077,True,862,True,high,UP in diabetic,False
2_120456826_C_T,rs4504000,0.2543569895069887,ENSG00000163083,INHBB,-0.000392228364944458,0.7068712,True,110690,False,low,DOWN in diabetic,False
2_120457574_C_T,rs11902253,0.2536368187401099,ENSG00000163083,INHBB,0.0029882192611694336,0.9651347,True,111438,False,low,UP in diabetic,False
2_120544823_C_T,rs28416518,0.690466643347905,ENSG00000074047,GLI2,-0.0008621811866760254,0.8183989,True,190800,False,low,DOWN in diabetic,True
2_120590036_G_C,rs11688682,0.999999999999993,ENSG00000074047,GLI2,0.00236968199412028,0.9795758,False,145587,False,low,UP in diabetic,True
2_120680873_C_T,rs58132852,0.2081433532321412,ENSG00000074047,GLI2,-0.0010085701942443848,0.8068961,True,54750,False,low,DOWN in diabetic,True
2_144503607_A_C,rs2033159,0.9654628911304708,ENSG00000169554,ZEB2,6.75519307454427e-05,0.600902,False,17450,False,low,UP in diabetic,True
2_147572850_A_G,rs140897085,0.202968522119921,ENSG00000121989,ACVR2A,-7.035831610361735e-05,0.51973367,False,271667,False,low,DOWN in diabetic,False
2_150010216_T_C,rs331127,0.6870101450505912,ENSG00000168288,MMADHC,-0.0015849570433298747,0.8671202,True,422438,False,low,DOWN in diabetic,False
2_154872446_T_G,rs56267341,0.5954494551815857,ENSG00000162989,KCNJ3,0.0023658275604248047,0.9529964,True,174591,False,low,UP in diabetic,False
2_154905824_T_C,rs114946170,0.3797995933206202,ENSG00000162989,KCNJ3,-0.0013688206672668457,0.8970444,True,207969,False,low,DOWN in diabetic,False
2_157458327_C_T,rs80000081,0.2871834855617496,ENSG00000115165,CYTIP,0.0012056827545166016,0.8970444,True,30634,False,low,UP in diabetic,False
2_157462921_G_A,rs115598683,0.2186987969281815,ENSG00000115165,CYTIP,0.0030536254247029624,0.9809011,False,26040,False,low,UP in diabetic,False
2_157478404_T_G,rs552690496,0.3065200885300464,ENSG00000115165,CYTIP,-0.002364675203959147,0.94270426,True,10557,False,low,DOWN in diabetic,False
2_16001652_C_T,rs10174009,0.2090774336957979,ENSG00000134323,MYCN,0.001392319177587827,0.93248457,False,61102,False,low,UP in diabetic,True
2_160230900_T_C,rs10181181,0.3915214708611623,ENSG00000115221,ITGB6,-0.0009888311227162678,0.8752832,False,40988,False,low,DOWN in diabetic,False
2_160680109_T_C,rs76209259,0.3433476484928482,ENSG00000153250,RBMS1,0.00040135780970255536,0.63238406,False,186302,False,low,UP in diabetic,False
2_160691306_G_A,rs112689899,0.343697694050618,ENSG00000153250,RBMS1,-0.0004617174466451009,0.64244115,True,197499,False,low,DOWN in diabetic,False
2_164751514_C_G,rs3769893,1.0,ENSG00000082438,COBLL1,1.722574234008789e-05,0.58996826,False,92165,False,low,UP in diabetic,False
2_164949405_A_G,rs10930142,0.2710803107513092,ENSG00000169507,SLC38A11,0.002773920694986979,0.9545266,True,6120,False,low,UP in diabetic,False
2_164960909_G_A,rs61457616,0.2305153843544772,ENSG00000169507,SLC38A11,-0.002957940101623535,0.9588311,True,5384,False,low,DOWN in diabetic,False
2_164962511_A_T,rs72886118,0.5484784618220699,ENSG00000169507,SLC38A11,-0.006463368733723958,0.997013,True,6986,True,high,DOWN in diabetic,False
2_178828611_G_A,rs7592323,0.4794432204643346,ENSG00000155657,TTN,-0.0008774399757385254,0.78842187,True,2191,False,low,DOWN in diabetic,False
2_178828985_G_T,rs2366912,0.5017254275586484,ENSG00000155657,TTN,0.00013554096221923828,0.531989,False,1817,False,low,UP in diabetic,False
2_182071432_A_G,rs79561173,0.9987802256590336,ENSG00000150722,PPP1R1C,0.0020112196604410806,0.92792165,True,117191,False,low,UP in diabetic,False
2_182719092_C_A,rs56303734,0.3297125206427626,ENSG00000077232,DNAJC10,-1.2248754501342773e-05,0.51973367,False,2837,False,low,DOWN in diabetic,False
2_182778935_G_A,rs72898754,0.5266234580088773,ENSG00000077232,DNAJC10,0.0004558066527048747,0.68951035,False,62680,False,low,UP in diabetic,False
2_18540396_G_A,rs7558413,0.4716018463577014,ENSG00000240857,RDH14,-0.0005153131981690725,0.69829345,True,20283,False,low,DOWN in diabetic,False
2_18541158_T_C,rs4832605,0.4499594856340736,ENSG00000240857,RDH14,0.0007135085761547089,0.76137805,True,19521,False,low,UP in diabetic,False
2_204511186_C_A,rs4482463,0.7619396272377353,ENSG00000116117,PARD3B,-0.00042884548505147296,0.8752832,False,34289,False,low,DOWN in diabetic,False
2_204520615_A_G,rs7581786,0.229286540418258,ENSG00000116117,PARD3B,-0.003010044495264689,0.9741798,True,24860,False,low,DOWN in diabetic,False
2_204520731_A_G,rs7581907,0.488658298296207,ENSG00000116117,PARD3B,0.001379549503326416,0.9205166,True,24744,False,low,UP in diabetic,False
2_212284064_G_A,rs17346615,0.948871325647004,ENSG00000178568,ERBB4,0.0009071230888366699,0.8127267,True,254777,False,low,UP in diabetic,False
2_218001763_C_T,rs76480788,0.712921027957914,ENSG00000079308,TNS1,0.001371602217356364,0.8292812,True,32219,False,low,UP in diabetic,False
2_218835276_G_A,rs78058190,0.498555759678159,ENSG00000115592,PRKAG3,-0.0011178652445475261,0.9614764,True,3190,False,low,DOWN in diabetic,False
2_228062096_A_G,rs552046869,0.9976195363772709,ENSG00000153820,SPHKAP,-0.00021537144978841147,0.6619072,False,119591,False,low,DOWN in diabetic,False
2_233206983_C_T,rs1057258,0.2257168320907655,ENSG00000085978,ATG16L1,-9.437091648578644e-05,0.45522588,False,3068,False,low,DOWN in diabetic,False
2_233211879_C_T,rs78025893,0.3728702973069125,ENSG00000085978,ATG16L1,0.00019162086149056753,0.531989,False,1828,False,low,UP in diabetic,False
2_238979079_G_A,rs62191117,0.5299042473551421,ENSG00000233608,TWIST2,0.0007044499119122823,0.84928787,False,131047,False,low,UP in diabetic,True
2_25328261_C_T,rs17745484,0.5728722666991498,ENSG00000119772,DNMT3A,0.0005525648593902588,0.600902,True,14329,False,low,UP in diabetic,False
2_25335405_C_T,rs6728919,0.2548162336146963,ENSG00000119772,DNMT3A,-0.0009358525276184082,0.8127267,True,7185,False,low,DOWN in diabetic,False
2_26383479_T_A,rs13030294,0.2300588872859437,ENSG00000157856,DRC1,-0.0004974206288655599,0.69829345,False,18441,False,low,DOWN in diabetic,False
2_36927381_T_C,rs147888096,0.964547891248634,ENSG00000115808,STRN,0.0002180039882659912,0.6116155,False,39155,False,low,UP in diabetic,False
2_408713_G_A,rs62106252,0.4161072979760833,ENSG00000189292,ALKAL2,0.0006526907285054525,0.7684068,True,119862,False,low,UP in diabetic,False
2_41734271_A_T,rs7557058,0.2377796410290203,ENSG00000162878,PKDCC,0.0011071575184663136,0.879187,True,313750,False,low,UP in diabetic,False
2_41734346_T_C,rs7597618,0.5929354651133647,ENSG00000162878,PKDCC,-0.0028944735725720725,0.986804,True,313675,False,low,DOWN in diabetic,False
2_422144_T_C,rs62107261,0.2968577140260349,ENSG00000189292,ALKAL2,-0.0021443963050842285,0.9723945,False,133293,False,low,DOWN in diabetic,False
2_43253421_G_A,rs62137407,0.307570044612692,ENSG00000152518,ZFP36L2,-0.00020853554209073386,0.68951035,False,26815,False,low,DOWN in diabetic,False
2_43395333_C_T,rs10166376,0.267774249860442,ENSG00000152518,ZFP36L2,-0.000368772695461909,0.72342026,False,168727,False,low,DOWN in diabetic,False
2_43520719_C_T,rs548604322,1.0,ENSG00000115970,THADA,0.000454634428024292,0.6116155,True,75319,False,low,UP in diabetic,False
2_58517772_G_A,rs201880440,1.0,ENSG00000115392,FANCL,-4.392862319946289e-05,0.76137805,False,276362,False,low,DOWN in diabetic,False
2_58742862_G_C,rs1641154,0.5613323456516514,ENSG00000115392,FANCL,-8.408228556315105e-05,0.78842187,False,501452,False,low,DOWN in diabetic,False
2_60061515_A_T,rs193067316,0.847458092066787,ENSG00000119866,BCL11A,-0.0002903938293457031,0.57881373,True,492952,False,low,DOWN in diabetic,True
2_60255359_A_G,rs144303604,0.9999806233358346,ENSG00000119866,BCL11A,0.0007184743881225586,0.84928787,True,299108,False,low,UP in diabetic,True
2_60356530_G_A,rs243024,0.3426563212932184,ENSG00000119866,BCL11A,-0.001099705696105957,0.7819256,True,197937,False,low,DOWN in diabetic,True
2_60359572_C_G,rs243018,0.92322311424809,ENSG00000119866,BCL11A,0.00011873245239257812,0.69829345,False,194895,False,low,UP in diabetic,True
2_62562143_T_C,rs720193,0.241986794672436,ENSG00000186889,TMEM17,0.0006817777951558431,0.8292812,False,50249,False,low,UP in diabetic,False
2_62562280_G_C,rs720194,0.250054863911364,ENSG00000186889,TMEM17,0.004799822966257731,0.98024946,True,50386,False,low,UP in diabetic,False
2_65056838_T_C,rs74181299,0.390430238504438,ENSG00000011523,CEP68,-0.0005386471748352051,0.993716,False,484,True,medium,DOWN in diabetic,False
2_65057097_A_T,rs2540949,0.3356159048117916,ENSG00000011523,CEP68,-0.0414886474609375,0.9998882,True,743,True,high,DOWN in diabetic,False
3_113569583_G_A,rs11929640,0.2138397484380372,ENSG00000072858,SIDT1,0.0005939801534016927,0.82391596,True,37028,False,low,UP in diabetic,False
3_113581504_T_G,rs9863703,0.2243353466245354,ENSG00000072858,SIDT1,0.0014783541361490886,0.87126195,True,48949,False,low,UP in diabetic,False
3_12288284_C_T,rs17036160,0.4096691069926516,ENSG00000132170,PPARG,0.001849512259165446,0.9899212,False,916,False,low,UP in diabetic,True
3_123346931_A_G,rs11708067,0.8015846349566123,ENSG00000173175,ADCY5,0.0024368961652119956,0.9673817,True,102159,False,low,UP in diabetic,False
3_12448358_G_A,rs147070788,0.9216364840874852,ENSG00000154743,TSEN2,-0.0002082983652750651,0.68951035,False,36063,False,low,DOWN in diabetic,False
3_125200933_T_C,rs4679370,0.3079096850510043,ENSG00000221955,SLC12A8,-0.052908480167388916,0.99990237,True,11931,True,high,DOWN in diabetic,False
3_125202613_C_T,rs9873519,0.4793077774055671,ENSG00000221955,SLC12A8,-0.001022954781850179,0.8183989,True,10251,False,low,DOWN in diabetic,False
3_125203076_G_A,rs12497133,0.2127450897607165,ENSG00000221955,SLC12A8,0.0018630027770996094,0.91788995,True,9788,False,low,UP in diabetic,False
3_129265010_A_G,rs7428883,0.2723996956492095,ENSG00000183624,HMCES,0.00017258835335572562,0.6116155,False,13818,False,low,UP in diabetic,False
3_129609696_A_G,rs56184290,0.2253128579074361,ENSG00000004399,PLXND1,-0.0013150125741958618,0.9230626,True,3020,False,low,DOWN in diabetic,False
3_135514150_G_T,rs114876297,0.2622560749368696,ENSG00000073711,PPP2R3A,-0.0005469123522440592,0.8444979,True,451578,False,low,DOWN in diabetic,False
3_136402758_A_C,rs28478252,0.4227505340785401,ENSG00000114054,PCCB,0.0006702801523109277,0.79474694,True,152418,False,low,UP in diabetic,False
3_14848233_C_A,rs1687294,0.2623064516098137,ENSG00000154783,FGD5,0.004300594329833984,0.9965802,False,37380,True,medium,UP in diabetic,False
3_14852340_A_G,rs1687319,0.2612492522439795,ENSG00000154783,FGD5,0.0011883974075317383,0.9151803,True,41487,False,low,UP in diabetic,False
3_14852856_C_G,rs1689530,0.2610586842566731,ENSG00000154783,FGD5,-0.000924686590830485,0.879187,False,42003,False,low,DOWN in diabetic,False
3_14857841_A_G,rs112002857,0.9540879578211332,ENSG00000154783,FGD5,0.0006950497627258301,0.9065298,False,46988,False,low,UP in diabetic,False
3_150348753_T_A,rs62271373,0.9813624026506804,ENSG00000196428,TSC22D2,-0.0011535386244455974,0.99204075,False,59545,True,medium,DOWN in diabetic,False
3_172042637_T_C,rs1499813,0.6554025530958734,ENSG00000075420,FNDC3B,-0.0006512378652890524,0.63238406,True,3059,False,low,DOWN in diabetic,False
3_173354794_C_T,rs1187820,0.3731117347833886,ENSG00000169760,NLGN1,0.0011847416559855144,0.8009039,True,41490,False,low,UP in diabetic,False
3_173377333_A_G,rs39654,0.2850212350651494,ENSG00000169760,NLGN1,-0.0008322000503540039,0.78842187,True,18951,False,low,DOWN in diabetic,False
3_178390092_G_C,rs282871,0.9990901654880416,ENSG00000275163,ENSG00000275163,-0.0010004043579101562,0.9514159,False,29031,False,low,DOWN in diabetic,False
3_182590822_A_T,rs60891350,0.9287439604945388,ENSG00000058063,ATP11B,0.0005832326908906301,0.7541656,True,202681,False,low,UP in diabetic,False
3_184276748_A_G,rs843371,0.2920582053276784,ENSG00000145194,ECE2,-0.0110472043355306,0.99837565,True,737,True,high,DOWN in diabetic,False
3_184278425_C_T,rs843372,0.4300082060695715,ENSG00000145194,ECE2,-0.009913444519042969,0.9980761,True,2414,True,high,DOWN in diabetic,False
3_184279947_A_G,rs865809,0.2743993341741376,ENSG00000145194,ECE2,0.0005675951639811198,0.8183989,True,3936,False,low,UP in diabetic,False
3_184989888_C_T,rs62289477,0.9995259281571284,ENSG00000187068,C3orf70,-0.0023070375124613443,0.9588311,True,163172,False,low,DOWN in diabetic,False
3_186108951_T_G,rs869400,0.2084761414841979,ENSG00000244405,ETV5,-0.022688470780849457,0.99973917,True,1367,True,high,DOWN in diabetic,True
3_186947857_C_T,rs3887925,0.877228519411131,ENSG00000073849,ST6GAL1,0.0012878210594256718,0.9095027,True,17532,False,low,UP in diabetic,False
3_186948549_G_C,rs112823071,0.2047282825359116,ENSG00000073849,ST6GAL1,-0.0004441157604257266,0.7541656,False,18224,False,low,DOWN in diabetic,False
3_186951426_A_G,rs12632862,0.5516919901115069,ENSG00000073849,ST6GAL1,0.0028126115600268045,0.9601752,True,21101,False,low,UP in diabetic,False
3_188022735_T_C,rs6808574,0.257585982787765,ENSG00000145012,LPP,-0.0005047221978505453,0.68951035,True,130549,False,low,DOWN in diabetic,False
3_188023111_T_C,rs4686471,0.316562688290026,ENSG00000145012,LPP,-0.0008583764235178629,0.8829762,True,130173,False,low,DOWN in diabetic,False
3_188024054_A_G,rs6777684,0.5452539888991464,ENSG00000145012,LPP,-0.0024876693884531655,0.9497837,True,129230,False,low,DOWN in diabetic,False
3_22429421_C_G,rs62248858,0.432047885553895,ENSG00000151789,ZNF385D,0.0002478758494059245,0.69829345,False,56100,False,low,UP in diabetic,True
3_22559615_C_T,rs9829094,0.4762678426051498,ENSG00000151789,ZNF385D,-0.0006390412648518881,0.90346414,False,186294,False,low,DOWN in diabetic,True
3_22559928_A_G,rs9867178,0.4666454621249039,ENSG00000151789,ZNF385D,-0.0007660388946533203,0.82391596,True,186607,False,low,DOWN in diabetic,True
3_22644972_G_A,rs115222685,0.8477574754309085,ENSG00000151789,ZNF385D,-0.00047318140665690106,0.8183989,False,271651,False,low,DOWN in diabetic,True
3_23413299_A_G,rs1496653,0.2490817851824989,ENSG00000182247,UBE2E2,0.0006938725709915161,0.65228176,True,210279,False,low,UP in diabetic,False
3_23414091_T_C,rs35352848,0.3748376237897699,ENSG00000182247,UBE2E2,-0.0005007038513819376,0.76137805,True,211071,False,low,DOWN in diabetic,False
3_23415589_T_C,rs13094957,0.3760546190055704,ENSG00000182247,UBE2E2,0.0018619696299235027,0.90346414,True,212569,False,low,UP in diabetic,False
3_24270963_C_G,rs75577395,0.2611810658052103,ENSG00000151090,THRB,3.244479497273763e-05,0.44169295,False,224793,False,low,UP in diabetic,True
3_25070399_C_A,rs6791983,0.2615698728769738,ENSG00000077092,RARB,-0.0014275709788004558,0.88665366,True,382512,False,low,DOWN in diabetic,True
3_25070539_C_A,rs199779326,0.9996027280054988,ENSG00000077092,RARB,0.0009210507074991862,0.90030324,False,382652,False,low,UP in diabetic,True
3_25070680_C_T,rs993804,0.4896645654758528,ENSG00000077092,RARB,0.0015731056531270344,0.9367681,True,382793,False,low,UP in diabetic,True
3_36659290_C_T,rs114653015,0.9138738113614532,ENSG00000163673,DCLK3,0.002920389175415039,0.9673817,True,105263,False,low,UP in diabetic,False
3_36848130_T_C,rs9985296,0.2528066613233885,ENSG00000163673,DCLK3,0.0010768572489420574,0.8183989,True,83577,False,low,UP in diabetic,False
3_36851226_T_C,rs4441609,0.2675299001782602,ENSG00000163673,DCLK3,-0.00041174888610839844,0.8444979,False,86673,False,low,DOWN in diabetic,False
3_36854779_C_T,rs4327336,0.3795850477343788,ENSG00000163673,DCLK3,0.0004935264587402344,0.862855,False,90226,False,low,UP in diabetic,False
3_44873476_G_A,rs57000741,0.477576045184828,ENSG00000163810,TGM4,-0.00022172927856445312,0.82391596,False,1132,False,low,DOWN in diabetic,False
3_47083271_T_A,rs35053471,0.430690530218255,ENSG00000181555,SETD2,-0.0010825494925181072,0.8344978,True,80842,False,low,DOWN in diabetic,False
3_48172008_A_T,rs3731529,0.9909235781438944,ENSG00000164045,CDC25A,-0.0004547623296578725,0.7313966,True,16409,False,low,DOWN in diabetic,False
3_48193002_G_A,rs9844505,0.9615364543252232,ENSG00000164045,CDC25A,-0.0008759864916404089,0.7313966,True,4585,False,low,DOWN in diabetic,False
3_49893910_A_T,rs9815930,0.2990615938058461,ENSG00000164078,MST1R,-0.0006806055704752604,0.8183989,True,9963,False,low,DOWN in diabetic,False
3_52082220_G_C,rs11707129,0.9988848730514468,ENSG00000164086,DUSP7,0.0005752046902974447,0.74676645,True,25649,False,low,UP in diabetic,False
3_52815862_T_G,rs2008680,0.7951195911647312,ENSG00000055955,ITIH4,0.0005293885866800944,0.9065298,False,14826,False,low,UP in diabetic,False
3_53659043_T_C,rs11713811,0.2416190757741077,ENSG00000016391,CHDH,-0.001589250440398852,0.9151803,False,187376,False,low,DOWN in diabetic,False
3_53799482_A_G,rs3796349,0.7288509685092458,ENSG00000016391,CHDH,0.0009262412786483765,0.7541656,True,46937,False,low,UP in diabetic,False
3_60241664_G_T,rs1496651,0.9786250101115782,ENSG00000189283,FHIT,0.0028241475423177085,0.9766461,True,1009795,False,low,UP in diabetic,False
3_61232096_A_C,rs13099397,0.2359466580301853,ENSG00000189283,FHIT,0.0009765426317850748,0.9601752,False,19363,False,low,UP in diabetic,False
3_61258684_A_G,rs55789544,0.4040914822836665,ENSG00000189283,FHIT,0.0020664135615030923,0.94456005,True,7225,False,low,UP in diabetic,False
3_62091166_A_G,rs79317000,0.9906147023649656,ENSG00000114405,CEP15,-0.0011789600054423015,0.8902224,True,227849,False,low,DOWN in diabetic,False
3_62474144_A_C,rs76824303,0.9239993412113808,ENSG00000153266,FEZF2,0.00031820933024088543,0.5440255,True,99820,False,low,UP in diabetic,True
3_63943005_C_A,rs7621544,0.9342185694119008,ENSG00000163634,THOC7,-0.000801051656405131,0.7541656,True,79137,False,low,DOWN in diabetic,False
3_64706516_G_A,rs12638892,0.2008018432341781,ENSG00000163638,ADAMTS9,0.0009258190790812174,0.8752832,False,18516,False,low,UP in diabetic,False
3_64707424_T_G,rs9828674,0.3676833009841332,ENSG00000163638,ADAMTS9,-0.0008888840675354004,0.76137805,True,19424,False,low,DOWN in diabetic,False
3_64729479_C_T,rs62247658,0.327733976253387,ENSG00000163638,ADAMTS9,0.0004783471425374349,0.67131925,True,41479,False,low,UP in diabetic,False
3_65618694_C_T,rs74560126,0.401878561037755,ENSG00000151276,MAGI1,1.099705696105957e-05,0.4685517,False,420224,False,low,UP in diabetic,False
3_65757026_A_G,rs116688980,0.374632006170199,ENSG00000151276,MAGI1,-0.0006905297438303629,0.7313966,True,281892,False,low,DOWN in diabetic,False
3_65763301_A_T,rs114338786,0.5451499752139659,ENSG00000151276,MAGI1,0.0005849798520406088,0.67131925,True,275617,False,low,UP in diabetic,False
3_71594145_G_A,rs11709906,0.2789833972899799,ENSG00000114861,FOXP1,-0.0007281700770060221,0.76137805,True,10167,False,low,DOWN in diabetic,True
3_72744561_C_T,rs13080180,0.9659932943248528,ENSG00000144736,SHQ1,-0.0022945404052734375,0.9514159,True,117353,False,low,DOWN in diabetic,False
3_72744926_G_C,rs114088367,0.9975571176810076,ENSG00000144736,SHQ1,-0.0006622026364008585,0.71524596,True,116988,False,low,DOWN in diabetic,False
3_86448702_G_A,rs62264007,0.4010595746526108,ENSG00000206538,VGLL3,-0.002080678939819336,0.93881017,True,542447,False,low,DOWN in diabetic,False
3_86490173_T_A,rs77574010,0.960247960668983,ENSG00000206538,VGLL3,-0.0012116928895314534,0.87126195,True,500976,False,low,DOWN in diabetic,False
3_93927137_A_C,rs61519199,0.7952313325893661,ENSG00000184500,PROS1,0.0006784147505337993,0.8183989,True,52866,False,low,UP in diabetic,False
3_94257367_A_G,rs10935412,0.4662450834638417,ENSG00000178700,DHFR2,0.0014048417409261067,0.839569,True,193978,False,low,UP in diabetic,False
3_9473172_G_A,rs3915844,0.2050010373692753,ENSG00000168137,SETD5,-0.0003324250380198161,0.67131925,False,75557,False,low,DOWN in diabetic,False
4_1003210_G_T,rs113289555,0.9772928706189716,ENSG00000127418,FGFRL1,7.0710356036822e-05,0.68051964,False,6726,False,low,UP in diabetic,False
4_105143597_C_T,rs17035310,0.4628737869644068,ENSG00000168769,TET2,0.0011872549851735432,0.94078827,False,2278,False,low,UP in diabetic,True
4_105145663_C_G,rs11729069,0.203494591691428,ENSG00000168769,TET2,0.006399919589360555,0.9974778,True,212,True,high,UP in diabetic,True
4_1065916_G_A,rs144654020,0.999440189543594,ENSG00000178222,RNF212,-0.00466616948445638,0.9988422,False,47648,True,medium,DOWN in diabetic,False
4_1266178_A_T,rs4974576,0.6741292704112513,ENSG00000159692,CTBP1,-0.0004736545185248057,0.64244115,True,15845,False,low,DOWN in diabetic,False
4_1371847_A_G,rs115880342,0.3125246735956361,ENSG00000163945,UVSSA,0.00130919615427653,0.79474694,True,26156,False,low,UP in diabetic,False
4_139937563_T_C,rs769668,0.420671054808589,ENSG00000196782,MAML3,0.0006474852561950684,0.78842187,False,216621,False,low,UP in diabetic,False
4_142565392_A_G,rs6811884,0.994249776661511,ENSG00000109452,INPP4B,7.641315460205078e-05,0.82391596,False,282040,False,low,UP in diabetic,False
4_152597821_A_G,rs4696137,0.2014923108689376,ENSG00000109670,FBXW7,0.00022152066230773926,0.64244115,False,61729,False,low,UP in diabetic,False
4_158228727_G_T,rs13150817,0.3132524730755577,ENSG00000164124,TMEM144,-0.0024628440539042154,0.94270426,True,27123,False,low,DOWN in diabetic,False
4_16886074_T_C,rs4698162,0.3006334492828512,ENSG00000169744,LDB2,-0.0006123383839925131,0.879187,False,12604,False,low,DOWN in diabetic,False
4_16886601_T_C,rs16894159,0.2059904262992527,ENSG00000169744,LDB2,-0.00023186206817626953,0.7313966,False,12077,False,low,DOWN in diabetic,False
4_1782484_C_G,rs35503308,0.230586000619416,ENSG00000068078,FGFR3,-0.002332280079523722,0.9662766,True,10809,False,low,DOWN in diabetic,False
4_1782676_C_T,rs56337234,0.5604581859111751,ENSG00000068078,FGFR3,5.637605985005697e-05,0.58996826,False,10617,False,low,UP in diabetic,False
4_1782878_G_C,rs6831006,0.4122095509823023,ENSG00000068078,FGFR3,0.0013072490692138672,0.8829762,True,10415,False,low,UP in diabetic,False
4_18010241_C_T,rs11936089,1.0,ENSG00000178177,LCORL,0.00030229489008585614,0.57881373,False,11635,False,low,UP in diabetic,True
4_184804262_A_G,rs6552828,0.417925544465493,ENSG00000151726,ACSL1,-4.571676254272461e-05,0.6116155,False,22556,False,low,DOWN in diabetic,False
4_184805394_C_T,rs4862423,0.432306981066935,ENSG00000151726,ACSL1,-0.0009448180596033732,0.8752832,True,21424,False,low,DOWN in diabetic,False
4_185651349_T_C,rs11724862,0.658268648053906,ENSG00000154553,PDLIM3,0.0012439886728922527,0.8292812,True,115842,False,low,UP in diabetic,False
4_2333537_T_C,rs73203395,0.3185202538501236,ENSG00000123933,MXD4,-0.0010050758719444275,0.7541656,True,71428,False,low,DOWN in diabetic,True
4_2338429_G_C,rs73203397,0.6619521495452405,ENSG00000123933,MXD4,-0.0005090236663818359,0.6619072,True,76320,False,low,DOWN in diabetic,True
4_24025010_A_G,rs13118156,0.2352938320761662,ENSG00000109819,PPARGC1A,-0.00023387869199117026,0.7819256,False,120921,False,low,DOWN in diabetic,False
4_24025208_T_C,rs13150929,0.253957541127437,ENSG00000109819,PPARGC1A,5.071361859639486e-05,0.72342026,False,121119,False,low,UP in diabetic,False
4_37124402_G_T,rs192382318,0.495334325570774,ENSG00000174145,NWD2,-0.0019440253575642903,0.91788995,True,120341,False,low,DOWN in diabetic,False
4_37128034_A_C,rs6815894,0.4637661113056546,ENSG00000174145,NWD2,0.0008598566055297852,0.8671202,False,116709,False,low,UP in diabetic,False
4_45179317_A_T,rs12507026,0.2954399626160436,ENSG00000163281,GNPDA2,-0.00042438507080078125,0.600902,False,452729,False,low,DOWN in diabetic,False
4_45180510_A_G,rs10938397,0.210114077822025,ENSG00000163281,GNPDA2,0.0007206996281941732,0.72342026,True,453922,False,low,UP in diabetic,False
4_48878610_C_G,rs62310934,0.511060627844801,ENSG00000145247,OCIAD2,0.0012263213284313679,0.8292812,True,28327,False,low,UP in diabetic,False
4_4988571_A_G,rs4450871,0.960908942029166,ENSG00000170891,CYTL1,0.002454270919164022,0.9651347,True,30887,False,low,UP in diabetic,False
4_6298187_A_G,rs4234731,0.5475101392017944,ENSG00000109501,WFS1,0.0019922408585747084,0.9627358,True,28338,False,low,UP in diabetic,False
4_6301295_C_T,rs1801214,0.2879157254514924,ENSG00000109501,WFS1,0.0028057054926951728,0.9815315,True,31446,False,low,UP in diabetic,False
4_6302360_A_G,rs1046316,0.423008699277943,ENSG00000109501,WFS1,-8.810559908548991e-05,0.9872408,False,32511,False,low,DOWN in diabetic,False
4_6302515_T_C,rs1046317,0.421039747775429,ENSG00000109501,WFS1,-0.005840830194453399,0.99756175,True,32666,True,high,DOWN in diabetic,False
4_76206873_A_G,rs12508223,0.414271193509843,ENSG00000189157,FAM47E,0.0018589893976847331,0.9788794,True,7167,False,low,UP in diabetic,False
4_82676564_C_T,rs139818301,0.9567620899048224,ENSG00000249242,TMEM150C,0.0016882286096612613,0.90030324,True,114207,False,low,UP in diabetic,False
4_93615701_C_G,rs17356371,0.2230367858212625,ENSG00000172238,ATOH1,-0.0004922151565551758,0.9123854,False,213052,False,low,DOWN in diabetic,True
4_93615922_C_G,rs75392378,0.3143999681832066,ENSG00000172238,ATOH1,-5.392233530680338e-05,0.76137805,False,212831,False,low,DOWN in diabetic,True
4_95224045_T_G,rs7661876,0.304706540458632,ENSG00000182168,UNC5C,0.0010463992754618328,0.8068961,True,325161,False,low,UP in diabetic,False
4_95228195_A_C,rs12513212,0.240725010235726,ENSG00000182168,UNC5C,6.705522537231445e-05,0.7313966,False,321011,False,low,UP in diabetic,False
4_95431216_C_T,rs149408363,0.358515981971827,ENSG00000182168,UNC5C,-0.0005699396133422852,0.79474694,False,117990,False,low,DOWN in diabetic,False
5_100959349_T_C,rs148449195,1.0,ENSG00000113532,ST8SIA4,0.0008983016014099121,0.8539419,True,56067,False,low,UP in diabetic,False
5_101194076_T_G,rs115087983,1.0,ENSG00000113532,ST8SIA4,0.001284201939900716,0.9514159,False,290794,False,low,UP in diabetic,False
5_101915286_A_G,rs77372998,0.9998526441420976,ENSG00000173930,SLCO4C1,-9.492039680480957e-05,0.9151803,False,380998,False,low,DOWN in diabetic,False
5_102117154_G_A,rs1392103,1.0,ENSG00000173930,SLCO4C1,0.0008447468280792236,0.7068712,True,179130,False,low,UP in diabetic,False
5_102501658_C_T,rs116454070,0.2462813677199597,ENSG00000205359,SLCO6A1,-0.0002867380777994792,0.600902,False,2642,False,low,DOWN in diabetic,False
5_102534436_G_A,rs145762933,0.2547076218425403,ENSG00000205359,SLCO6A1,0.0037270387013753257,0.991193,True,35420,True,high,UP in diabetic,False
5_103346444_A_G,rs76160968,0.5408346684451206,ENSG00000181751,MACIR,0.0004636049270629883,0.71524596,False,87681,False,low,UP in diabetic,False
5_134551620_A_G,rs2589408,0.502628610996786,ENSG00000043143,JADE2,0.00013899803161621094,0.7541656,False,27308,False,low,UP in diabetic,False
5_143854503_T_A,rs140884405,0.213898925420499,ENSG00000158497,HMHB1,-0.0004227956136067708,0.71524596,True,42342,False,low,DOWN in diabetic,False
5_14566096_G_C,rs189204683,0.7675210945957757,ENSG00000145569,OTULINL,-0.001299897829691569,0.8584633,True,15696,False,low,DOWN in diabetic,False
5_14567918_C_T,rs182906028,0.2324789054042194,ENSG00000145569,OTULINL,-0.0013158718744913738,0.89368504,True,13874,False,low,DOWN in diabetic,False
5_14606053_A_G,rs145302972,1.0,ENSG00000145569,OTULINL,0.0007453362147013346,0.775255,True,24261,False,low,UP in diabetic,False
5_14767806_T_C,rs4701619,0.2896428062702266,ENSG00000154124,OTULIN,0.0007595295707384745,0.69829345,True,103142,False,low,UP in diabetic,False
5_14768161_G_A,rs6889788,0.3948922461949309,ENSG00000154124,OTULIN,-0.0006585419178009033,0.87126195,True,103497,False,low,DOWN in diabetic,False
5_14799652_C_T,rs258221,0.2079993435669546,ENSG00000154122,ANKH,-0.00016299883524576822,0.9065298,False,72126,False,low,DOWN in diabetic,False
5_154096161_A_T,rs890799,0.2387507562043037,ENSG00000037749,MFAP3,0.0005591412385304769,0.71524596,True,57202,False,low,UP in diabetic,False
5_154111218_G_C,rs11948898,0.7002746520157155,ENSG00000037749,MFAP3,0.0005535682042439779,0.71524596,True,72259,False,low,UP in diabetic,False
5_174092957_G_A,rs146906321,0.480744325955789,ENSG00000170091,NSG2,0.0034825801849365234,0.9723945,True,47251,False,low,UP in diabetic,False
5_43032275_A_T,rs545300571,0.3273363202864352,ENSG00000177721,ANXA2R,-0.0007744232813517252,0.8127267,True,10895,False,low,DOWN in diabetic,False
5_43032276_A_T,rs563521453,0.3273378198995544,ENSG00000177721,ANXA2R,0.00037459532419840497,0.84928787,False,10894,False,low,UP in diabetic,False
5_43032299_A_T,rs372633538,0.327380798680415,ENSG00000177721,ANXA2R,0.0003662506739298503,0.6619072,True,10871,False,low,UP in diabetic,False
5_46207054_C_T,rs11748834,0.9820576793468884,ENSG00000164588,HCN1,-0.000253597895304362,0.6619072,False,510556,False,low,DOWN in diabetic,False
5_50771105_A_C,rs154139,0.5716914745384427,ENSG00000151883,PARP8,0.000713050365447998,0.72342026,True,105206,False,low,UP in diabetic,False
5_51299551_T_C,rs79303471,0.3131426713854642,ENSG00000016082,ISL1,0.00021186346809069315,0.9205166,False,83897,False,low,UP in diabetic,True
5_51323469_C_T,rs77973704,0.3272287130341164,ENSG00000016082,ISL1,3.0153741439183552e-05,0.7684068,False,59979,False,low,UP in diabetic,True
5_51323470_A_T,rs74744479,0.3237609372831963,ENSG00000016082,ISL1,-0.001230487289528052,0.839569,True,59978,False,low,DOWN in diabetic,True
5_53987800_T_A,rs1694068,0.8969310901462971,ENSG00000185305,ARL15,7.679065068562825e-05,0.5674383,False,322782,False,low,UP in diabetic,False
5_54172118_T_C,rs35105742,0.2811583870869263,ENSG00000185305,ARL15,-0.0032248497009277344,0.9694861,True,138464,False,low,DOWN in diabetic,False
5_56509812_C_T,rs467022,0.2068448335174278,ENSG00000164512,ANKRD55,-0.0018320083618164062,0.9514159,False,276482,False,low,DOWN in diabetic,False
5_56512010_T_C,rs458741,0.2004745387023006,ENSG00000164512,ANKRD55,0.0020848512649536133,0.94809806,True,278680,False,low,UP in diabetic,False
5_56565039_G_T,rs3936510,0.5906714080581364,ENSG00000095015,MAP3K1,-0.0005294230456153551,0.71524596,True,250510,False,low,DOWN in diabetic,False
5_56565637_C_T,rs28650790,0.235310102603806,ENSG00000095015,MAP3K1,6.99820617834727e-05,0.531989,False,249912,False,low,UP in diabetic,False
5_66007564_T_G,rs537292797,0.2484298925215611,ENSG00000112851,ERBIN,-0.0005654518802960714,0.68051964,True,124436,False,low,DOWN in diabetic,False
5_66096346_T_G,rs189760333,0.7266577029808636,ENSG00000153914,SREK1,0.00030302007993062335,0.63238406,True,43625,False,low,UP in diabetic,False
5_75714177_T_C,rs6864091,0.2258248026573777,ENSG00000152359,POC5,-0.0010261038939158122,0.8584633,True,3271,False,low,DOWN in diabetic,False
5_77131486_G_A,rs6878122,0.8538802260161228,ENSG00000132846,ZBED3,-0.0017106135686238606,0.9302391,True,44201,False,low,DOWN in diabetic,True
5_77139179_G_A,rs7732130,0.374547734724301,ENSG00000132846,ZBED3,-0.008019477128982544,0.9994119,True,51894,True,high,DOWN in diabetic,True
5_88768123_G_A,rs16903340,0.6642010149477914,ENSG00000081189,MEF2C,-0.0008630752563476562,0.7684068,True,136134,False,low,DOWN in diabetic,True
5_94862573_G_A,rs149237,0.92825938573805,ENSG00000133302,SLF1,-0.0006464918454488119,0.775255,True,243904,False,low,DOWN in diabetic,False
6_106592520_C_A,rs1215978370,0.395916230574852,ENSG00000130347,RTN4IP1,-0.0010230739911397297,0.78842187,True,36978,False,low,DOWN in diabetic,False
6_106847291_C_T,rs1554216927,0.517292228096409,ENSG00000272398,CD24,0.0008484646677970886,0.91788995,False,128336,False,low,UP in diabetic,False
6_107101035_G_C,rs2783019,0.21627935814772,ENSG00000178409,BEND3,-0.000897000233332316,0.79474694,True,14480,False,low,DOWN in diabetic,False
6_107102320_A_T,rs1665908,0.31296747086419,ENSG00000178409,BEND3,-0.0012115240097045898,0.8292812,True,13195,False,low,DOWN in diabetic,False
6_107112196_A_T,rs1665901,0.224857035020201,ENSG00000178409,BEND3,9.807944297790527e-05,0.74676645,False,3319,False,low,UP in diabetic,False
6_113825487_C_T,rs114279849,0.999968332465795,ENSG00000277443,MARCKS,-0.0004074970881144206,0.8127267,False,31858,False,low,DOWN in diabetic,False
6_114479311_C_T,rs541565767,0.792748117003685,ENSG00000249853,HS3ST5,-0.0012587308883666992,0.9514159,False,136288,False,low,DOWN in diabetic,False
6_116082954_G_C,rs553253710,0.99926146789542,ENSG00000178425,NT5DC1,0.0006900926431020101,0.68051964,True,17897,False,low,UP in diabetic,False
6_126470949_A_G,rs11759026,0.999999999999986,ENSG00000203760,CENPW,-0.001080542802810669,0.9065298,True,130834,False,low,DOWN in diabetic,False
6_126643364_A_G,rs4273712,0.9825529767919096,ENSG00000203760,CENPW,-0.00047471125920613605,0.8292812,False,303249,False,low,DOWN in diabetic,False
6_126747838_T_C,rs853974,0.366141120772557,ENSG00000146374,RSPO3,0.00031737486521402997,0.8009039,False,370833,False,low,UP in diabetic,False
6_127077233_A_G,rs7754405,1.0,ENSG00000146374,RSPO3,-0.0011369188626607258,0.8829762,False,41438,False,low,DOWN in diabetic,False
6_136984329_C_A,rs6917952,0.3590110450680855,ENSG00000016402,IL20RA,-0.0003395875295003255,0.88665366,False,60851,False,low,DOWN in diabetic,False
6_137293409_C_T,rs72979680,0.2337436595354752,ENSG00000027697,IFNGR1,-0.0014172792434692383,0.82391596,True,73960,False,low,DOWN in diabetic,False
6_142748178_T_C,rs197482,0.3547209825102751,ENSG00000010818,HIVEP2,0.0005776584148406982,0.6619072,True,208520,False,low,UP in diabetic,True
6_142777228_G_A,rs12527211,0.684338736755838,ENSG00000010818,HIVEP2,-0.0003490249315897624,0.69829345,False,179470,False,low,DOWN in diabetic,True
6_153050048_A_G,rs9479488,0.9875781070115234,ENSG00000112031,MTRF1L,-1.0381142298380533e-05,0.50726056,False,47339,False,low,DOWN in diabetic,False
6_160205517_G_A,rs78829656,0.4322368165386472,ENSG00000112499,SLC22A2,0.0016426245371500652,0.879187,True,72121,False,low,UP in diabetic,False
6_160513793_C_T,rs3127570,0.291728401972785,ENSG00000198670,LPA,-0.008251696825027466,0.99566686,True,150482,True,high,DOWN in diabetic,False
6_162577634_T_A,rs539054801,0.9937476907308508,ENSG00000112530,PACRG,-0.0011406739552815754,0.8539419,False,149498,False,low,DOWN in diabetic,False
6_163705201_C_A,rs73013411,0.2127461530485676,ENSG00000112531,QKI,-0.00013468414545059204,0.68951035,False,291201,False,low,DOWN in diabetic,False
6_19726327_A_C,rs10456002,0.2236488873796528,ENSG00000172201,ID4,-0.00403761367003123,0.9849032,True,111043,False,low,DOWN in diabetic,False
6_20641832_G_A,rs577649522,0.9999610047602836,ENSG00000145996,CDKAL1,-0.00011137997110684712,0.600902,False,107375,False,low,DOWN in diabetic,False
6_20651475_A_G,rs78153724,1.0,ENSG00000145996,CDKAL1,-7.342485090096791e-05,0.49457133,False,117018,False,low,DOWN in diabetic,False
6_20673649_T_C,rs7451008,0.213753708930711,ENSG00000145996,CDKAL1,0.0005285404622554779,0.68051964,True,139192,False,low,UP in diabetic,False
6_20686342_C_A,rs7766070,0.4018725840588391,ENSG00000145996,CDKAL1,-0.00021584114680687586,0.50726056,True,151885,False,low,DOWN in diabetic,False
6_20703721_A_G,rs6931514,0.3395720816727,ENSG00000145996,CDKAL1,0.001487910437087218,0.8344978,True,169264,False,low,UP in diabetic,False
6_37400586_C_T,rs11755329,0.7368558206990363,ENSG00000137200,CMTR1,0.0004272814840078354,0.71524596,False,32633,False,low,UP in diabetic,False
6_39057183_A_G,rs10305442,0.3201856622401042,ENSG00000112164,GLP1R,0.0008209149042765299,0.90346414,True,8402,False,low,UP in diabetic,False
6_39313680_A_C,rs34179517,0.501219657011712,ENSG00000124780,KCNK17,-0.017958919207255047,0.9998141,False,781,True,medium,DOWN in diabetic,False
6_39381754_G_A,rs721755,0.9442116087389342,ENSG00000095981,KCNK16,-0.001776734987894694,0.9733019,True,58786,False,low,DOWN in diabetic,False
6_40415794_C_T,rs62395884,0.8125684170433753,ENSG00000156564,LRFN2,9.5367431640625e-06,0.6619072,False,171570,False,low,UP in diabetic,False
6_43770093_A_G,rs1570360,0.9950827792018256,ENSG00000112715,VEGFA,0.0071713365614414215,0.9963409,True,91,True,high,UP in diabetic,False
6_43789345_T_A,rs4711750,0.7189334679186095,ENSG00000112715,VEGFA,0.0004752191404501597,0.62210923,True,19161,False,low,UP in diabetic,False
6_43852478_A_G,rs68137036,0.2209051546772835,ENSG00000112715,VEGFA,0.0003657247871160507,0.600902,True,82294,False,low,UP in diabetic,False
6_53237163_C_T,rs139683020,0.8984926690973138,ENSG00000137270,GCM1,0.0008598168690999349,0.9733019,False,88322,False,low,UP in diabetic,True
6_53611164_G_A,rs579318,0.3489998153235488,ENSG00000001084,GCLC,-0.0013256197174390156,0.82391596,True,5806,False,low,DOWN in diabetic,False
6_53731152_C_A,rs9357772,0.2282926104960332,ENSG00000137269,LRRC1,0.0009835362434387207,0.8584633,True,63345,False,low,UP in diabetic,False
6_56399929_T_C,rs643246,0.230360142395276,ENSG00000124749,COL21A1,0.029772748549779255,0.99982625,True,5835,True,high,UP in diabetic,False
6_56400623_A_C,rs669656,0.217312824921544,ENSG00000124749,COL21A1,0.0009119311968485514,0.84928787,False,6529,False,low,UP in diabetic,False
6_7231953_T_C,rs9505086,0.915562615446654,ENSG00000124783,SSR1,-0.0007615151504675547,0.6619072,True,115493,False,low,DOWN in diabetic,False
6_97499879_C_G,rs10499014,0.3052792568717434,ENSG00000146263,MMS22L,0.0001569986343383789,0.6116155,False,216662,False,low,UP in diabetic,False
7_100812129_G_A,rs147201808,0.3129664040596057,ENSG00000146828,SLC12A9,0.00019749999046325684,0.63238406,False,14691,False,low,UP in diabetic,False
7_100812130_C_T,rs182415904,0.3104117214070063,ENSG00000146828,SLC12A9,-0.00022991498311360678,0.6116155,False,14690,False,low,DOWN in diabetic,False
7_102288246_C_G,rs183413236,0.245003605874017,ENSG00000160999,SH2B2,0.003125349680582682,0.9651347,True,3155,False,low,UP in diabetic,False
7_102289389_G_T,rs187232969,0.243314583275566,ENSG00000160999,SH2B2,-0.007560531298319499,0.99911696,True,4298,True,high,DOWN in diabetic,False
7_102335749_G_A,rs139870714,0.357537467040733,ENSG00000260097,SPDYE6,-0.0003535747528076172,0.5558421,True,20695,False,low,DOWN in diabetic,False
7_102453272_C_T,rs117223012,0.320555811205595,ENSG00000160993,ALKBH4,0.00026435653368632,0.7541656,False,11591,False,low,UP in diabetic,False
7_102763061_G_A,rs62484877,0.9375533665880722,ENSG00000222011,FAM185A,0.0010268092155456543,0.9123854,True,14090,False,low,UP in diabetic,False
7_117577933_T_C,rs17450482,0.2444984927618816,ENSG00000154438,ASZ1,0.0007895628611246744,0.79474694,True,149810,False,low,UP in diabetic,False
7_123284485_T_C,rs17547318,0.3444052949870974,ENSG00000081800,SLC13A1,0.0010415911674499512,0.9151803,True,84513,False,low,UP in diabetic,False
7_123472334_A_G,rs117677620,0.3494954046099942,ENSG00000164675,IQUB,-0.0011452039082845051,0.8584633,True,62743,False,low,DOWN in diabetic,False
7_13838694_C_A,rs10230689,0.239365725832054,ENSG00000006468,ETV1,-0.0010023117065429688,0.8068961,True,152731,False,low,DOWN in diabetic,True
7_13943744_T_A,rs11981205,0.9467383581570408,ENSG00000006468,ETV1,0.0026540358861287436,0.98540246,True,47681,False,low,UP in diabetic,True
7_140292754_C_T,rs4726753,0.392031273268092,ENSG00000146955,RAB19,0.0015325148900349934,0.9255302,True,111304,False,low,UP in diabetic,False
7_140294333_G_A,rs62491836,0.344435682865836,ENSG00000146955,RAB19,0.000993172327677409,0.9367681,False,109725,False,low,UP in diabetic,False
7_14842803_G_A,rs11980500,0.853136368580268,ENSG00000136267,DGKB,0.0012751420338948567,0.9574425,False,131974,False,low,UP in diabetic,False
7_14849201_G_C,rs13235534,0.729682585148354,ENSG00000136267,DGKB,0.000491023063659668,0.7819256,True,125576,False,low,UP in diabetic,False
7_15024298_T_G,rs10950550,0.2522837051244377,ENSG00000136267,DGKB,-0.0014236768086751301,0.88665366,True,49521,False,low,DOWN in diabetic,False
7_150838818_T_C,rs6950447,0.2493822754810205,ENSG00000002726,AOC1,0.00033472975095113117,0.9205166,False,14191,False,low,UP in diabetic,False
7_150838895_T_C,rs12703104,0.2512907808215745,ENSG00000002726,AOC1,0.0012135157982508342,0.93881017,False,14268,False,low,UP in diabetic,False
7_150839499_T_C,rs4725960,0.251441442760043,ENSG00000002726,AOC1,-0.004232128461201985,0.994869,False,14872,True,medium,DOWN in diabetic,False
7_150839593_T_C,rs7788808,0.2445335443101909,ENSG00000002726,AOC1,-0.003994214038054149,0.9914851,True,14966,True,high,DOWN in diabetic,False
7_150844111_C_A,rs116972354,0.9840604968831992,ENSG00000002726,AOC1,-0.003329545259475708,0.9914851,False,19484,True,medium,DOWN in diabetic,False
7_156808813_G_A,rs185421075,0.357474166314924,ENSG00000105983,LMBR1,-0.0001839598019917806,0.67131925,False,84403,False,low,DOWN in diabetic,False
7_156946604_G_A,rs550090623,0.271266412445458,ENSG00000146909,NOM1,-0.000693132479985555,0.69829345,True,3108,False,low,DOWN in diabetic,False
7_157055634_C_T,rs111982182,0.207219171961194,ENSG00000130675,MNX1,0.0011821985244750977,0.8444979,True,44971,False,low,UP in diabetic,True
7_157142897_C_T,rs7790880,0.3608672949394392,ENSG00000009335,UBE3C,-0.0008784110347429911,0.73917776,True,3971,False,low,DOWN in diabetic,False
7_157184287_A_G,rs3815217,0.6212310478684638,ENSG00000009335,UBE3C,-0.000703095148007075,0.67131925,True,45361,False,low,DOWN in diabetic,False
7_15859396_C_T,rs38180,0.7166805246382711,ENSG00000106511,MEOX2,-7.681051890055339e-05,0.51973367,False,172713,False,low,DOWN in diabetic,True
7_22821419_A_G,rs4719715,1.0,ENSG00000196683,TOMM7,0.002918956180413564,0.9588311,True,1430,False,low,UP in diabetic,False
7_23473277_G_C,rs4279506,0.9734740562864744,ENSG00000136231,IGF2BP3,0.0012195315212011337,0.87126195,True,2786,False,low,UP in diabetic,False
7_24366900_A_C,rs1107376,0.8454935019329646,ENSG00000122585,NPY,-0.0002543628215789795,0.9639548,False,82712,False,low,DOWN in diabetic,False
7_25433242_G_A,rs7804262,0.2246110095251207,ENSG00000105954,NPVF,0.00011428197224934895,0.34146425,True,204756,False,low,UP in diabetic,False
7_27892574_T_C,rs214,0.3140448907755178,ENSG00000106052,TAX1BP1,-0.000811471293369929,0.7541656,True,153243,False,low,DOWN in diabetic,False
7_28132967_T_C,rs917115,0.2874575328048626,ENSG00000153814,JAZF1,-0.0001701513926188151,0.7313966,False,47828,False,low,DOWN in diabetic,True
7_28133120_T_G,rs917116,0.3444268893366307,ENSG00000153814,JAZF1,0.0006591478983561198,0.9095027,False,47675,False,low,UP in diabetic,True
7_28152661_C_T,rs849133,0.2039128678767201,ENSG00000153814,JAZF1,0.00033928950627644855,0.65228176,False,28134,False,low,UP in diabetic,True
7_28154778_C_A,rs860262,0.2516656093812225,ENSG00000153814,JAZF1,-0.001778264840443929,0.88665366,True,26017,False,low,DOWN in diabetic,True
7_28156794_G_A,rs849135,0.275418601474433,ENSG00000153814,JAZF1,0.00029647350311279297,0.600902,False,24001,False,low,UP in diabetic,True
7_28159058_C_T,rs1708302,0.349619237180884,ENSG00000153814,JAZF1,-0.0005838672320048014,0.72342026,True,21737,False,low,DOWN in diabetic,True
7_28160478_C_T,rs1513272,0.370505443618584,ENSG00000153814,JAZF1,-0.001345495382944743,0.9463574,False,20317,False,low,DOWN in diabetic,True
7_28165684_T_C,rs552707,0.2493496330149812,ENSG00000153814,JAZF1,8.763869603474934e-05,0.7313966,False,15111,False,low,UP in diabetic,True
7_28167681_G_T,rs481806,0.4927284662097586,ENSG00000153814,JAZF1,-0.00043396155039469403,0.63238406,True,13114,False,low,DOWN in diabetic,True
7_28174995_A_C,rs10226758,1.0,ENSG00000153814,JAZF1,0.006548086802164714,0.99858135,False,5800,True,medium,UP in diabetic,True
7_29982952_C_T,rs533350255,0.9461508843360186,ENSG00000136193,SCRN1,0.0015339391926924388,0.8902224,True,7337,False,low,UP in diabetic,False
7_30680351_G_C,rs1076293,0.30394336241668,ENSG00000241644,INMT,0.0014889240264892578,0.94456005,False,17634,False,low,UP in diabetic,False
7_30688836_C_T,rs917195,0.9808617680414043,ENSG00000241644,INMT,-0.0008802215258280436,0.94270426,False,9149,False,low,DOWN in diabetic,False
7_3829893_C_G,rs73310049,0.2006035211950073,ENSG00000146555,SDK1,-0.00372771422068278,0.9858853,True,528641,False,low,DOWN in diabetic,False
7_44176538_G_A,rs2908290,0.223027622820743,ENSG00000106633,GCK,-0.004089514414469401,0.99595016,True,21632,True,high,DOWN in diabetic,False
7_44177527_C_T,rs2244164,0.3156174122019854,ENSG00000106633,GCK,-0.0023729403813680014,0.97585106,True,20643,False,low,DOWN in diabetic,False
7_44216044_G_A,rs878521,0.802076915918152,ENSG00000106636,YKT6,0.0006943301608165106,0.7068712,True,15085,False,low,UP in diabetic,False
7_44322946_C_T,rs11772021,0.240151424588146,ENSG00000058404,CAMK2B,0.0002797444661458333,0.8584633,True,11631,False,low,UP in diabetic,False
7_44324927_G_A,rs149725176,0.200183315618767,ENSG00000058404,CAMK2B,0.032176971435546875,0.99973917,True,9650,True,high,UP in diabetic,False
7_44325263_C_G,rs111242776,0.2328364182811621,ENSG00000058404,CAMK2B,0.007494012514750163,0.998202,True,9314,True,high,UP in diabetic,False
7_72690844_T_C,rs139453187,0.9747576313771884,ENSG00000277149,TYW1B,0.0006270805994669596,0.7541656,True,137356,False,low,UP in diabetic,False
7_73560539_C_T,rs3763432,0.455935787806371,ENSG00000106635,BCL7B,-0.0009275053938229879,0.84928787,True,2849,False,low,DOWN in diabetic,False
7_73567553_A_C,rs12531884,0.529531102075169,ENSG00000106635,BCL7B,0.00035045792659123737,0.6619072,True,9863,False,low,UP in diabetic,False
7_73652599_C_T,rs148059419,0.952978983792451,ENSG00000176428,VPS37D,-0.0005704363187154134,0.94078827,False,15232,False,low,DOWN in diabetic,False
7_74781755_G_A,rs800979,0.608439145429268,ENSG00000158517,NCF1,0.002610365549723307,0.9741798,True,7744,False,low,UP in diabetic,False
7_74813118_C_T,rs202209188,0.9736436601174904,ENSG00000196275,GTF2IRD2,0.0027143160502115884,0.9545266,True,38487,False,low,UP in diabetic,True
7_74988189_G_A,rs35927458,0.3846265786429645,ENSG00000274070,CASTOR2,0.0008768439292907715,0.775255,True,23484,False,low,UP in diabetic,False
7_75072052_C_T,rs13238490,0.2155975754338151,ENSG00000274523,RCC1L,0.003343481570482254,0.9574425,True,2176,False,low,UP in diabetic,False
7_77085099_C_T,rs141203350,0.2226073383959594,ENSG00000205482,SPDYE18,0.0017743905385335286,0.862855,True,22541,False,low,UP in diabetic,False
7_77085875_C_A,rs201391447,0.2239193245939138,ENSG00000205482,SPDYE18,-0.0025244951248168945,0.9302391,True,23317,False,low,DOWN in diabetic,False
7_77097776_C_T,rs4727300,0.3101961370495564,ENSG00000135205,CCDC146,-0.002332409222920736,0.9123854,True,24658,False,low,DOWN in diabetic,False
7_78200451_G_A,rs1852006,0.8081352033693362,ENSG00000006576,PHTF2,-0.0010984539985656738,0.775255,True,401678,False,low,DOWN in diabetic,False
7_90449409_A_G,rs17867662,0.4208005371064554,ENSG00000058091,CDK14,0.000706175963083903,0.90030324,False,17015,False,low,UP in diabetic,False
7_90489966_T_C,rs17862206,0.4806359860311022,ENSG00000251154,PTTG1IP2,0.0040318965911865234,0.99089086,True,20327,True,high,UP in diabetic,False
7_98253757_G_A,rs12704978,1.0,ENSG00000164713,BRI3,0.0015561878681182861,0.89368504,True,1378,False,low,UP in diabetic,False
7_98253757_G_T,rs12704978,1.0,ENSG00000164713,BRI3,0.0002796848615010579,0.71524596,False,1378,False,low,UP in diabetic,False
7_98260985_C_A,rs7795059,1.0,ENSG00000164713,BRI3,-0.0001459568738937378,0.49457133,False,8606,False,low,DOWN in diabetic,False
7_98260985_C_T,rs7795059,1.0,ENSG00000164713,BRI3,0.0012756139039993286,0.9095027,True,8606,False,low,UP in diabetic,False
8_102041141_C_T,rs144805121,0.9777494826510374,ENSG00000104490,NCALD,0.0006803671518961588,0.7313966,False,83766,False,low,UP in diabetic,False
8_117173494_A_G,rs11558471,0.9321362090521224,ENSG00000164756,SLC30A8,0.011786897977193197,0.9994687,True,223221,True,high,UP in diabetic,False
8_120860224_A_C,rs10955992,0.3387179068739874,ENSG00000172164,SNTB1,0.0008955299854278564,0.8127267,True,46951,False,low,UP in diabetic,False
8_120863335_C_A,rs4871138,0.2124846969018828,ENSG00000172164,SNTB1,0.000969188908735911,0.82391596,True,50062,False,low,UP in diabetic,False
8_127699497_G_A,rs17772814,0.999999421509495,ENSG00000136997,MYC,0.0002787957588831584,0.82391596,False,35937,False,low,UP in diabetic,True
8_12935950_G_T,rs2977106,0.2342722678739371,ENSG00000250305,TRMT9B,0.0005128781000773112,0.69829345,True,9692,False,low,UP in diabetic,False
8_12936769_A_G,rs2947365,0.3719549562160257,ENSG00000250305,TRMT9B,-0.005468090375264485,0.9968039,True,8873,True,high,DOWN in diabetic,False
8_12936935_T_C,rs2977105,0.3787635675071596,ENSG00000250305,TRMT9B,0.0007840792338053385,0.7684068,True,8707,False,low,UP in diabetic,False
8_143325691_A_G,rs56021206,0.239232175897148,ENSG00000184428,TOP1MT,-0.0023346940676371255,0.9588311,True,34288,False,low,DOWN in diabetic,False
8_16330801_G_A,rs1030517,0.9988267105301056,ENSG00000038945,MSR1,-0.002013047536214193,0.9795758,True,236689,False,low,DOWN in diabetic,False
8_19892533_C_G,rs59347135,0.9929667774161842,ENSG00000175445,LPL,0.0029489596684773764,0.9741798,True,9184,False,low,UP in diabetic,False
8_26013834_C_T,rs7003404,0.3897009436388597,ENSG00000221818,EBF2,9.020169576009115e-06,0.67131925,False,31579,False,low,UP in diabetic,True
8_26015118_A_G,rs17818197,0.363334568989283,ENSG00000221818,EBF2,0.0013766686121622722,0.9367681,True,30295,False,low,UP in diabetic,True
8_26106463_T_A,rs56204345,0.348562213262314,ENSG00000221818,EBF2,0.00030612945556640625,0.65228176,True,61050,False,low,UP in diabetic,True
8_26344966_A_C,rs7816609,0.3068458826755363,ENSG00000104765,BNIP3L,-8.508407821257909e-05,0.62210923,False,38088,False,low,DOWN in diabetic,False
8_30998948_A_G,rs1362910,0.3255104789361207,ENSG00000172733,PURG,-0.0016785860061645508,0.879187,True,34767,False,low,DOWN in diabetic,True
8_31000152_T_C,rs12234936,0.3087931561040344,ENSG00000172733,PURG,-0.003389279047648112,0.9545266,True,33563,False,low,DOWN in diabetic,True
8_36997193_T_G,rs10092900,0.2188070813634749,ENSG00000215262,KCNU1,-0.0004793802897135417,0.68951035,False,212869,False,low,DOWN in diabetic,False
8_39202987_G_A,rs183541454,0.9378859483913116,ENSG00000197140,ADAM32,0.0007216930389404297,0.78842187,True,95997,False,low,UP in diabetic,False
8_41534069_A_G,rs10096250,0.9999999971261246,ENSG00000147536,GINS4,0.0009900927543640137,0.8444979,True,4851,False,low,UP in diabetic,False
8_41559008_T_C,rs74934014,0.9734197187806608,ENSG00000158669,GPAT4,0.0001207346407075723,0.64244115,False,18179,False,low,UP in diabetic,False
8_41631133_A_C,rs2977852,1.0,ENSG00000165066,NKX6-3,0.006949106852213542,0.99914634,False,19684,True,medium,UP in diabetic,True
8_41651058_C_A,rs13262861,0.996648272202022,ENSG00000165066,NKX6-3,-0.01445619265238444,0.9992545,True,241,True,high,DOWN in diabetic,True
8_56586145_C_A,rs6651357,0.2587754874268596,ENSG00000181195,PENK,-0.000161131223042806,0.67131925,False,139474,False,low,DOWN in diabetic,False
8_56816571_T_G,rs142110829,0.4197517336109685,ENSG00000104331,BPNT2,0.0005955506737033526,0.74676645,False,177296,False,low,UP in diabetic,False
8_56851234_A_G,rs188256949,0.4920727789179191,ENSG00000104331,BPNT2,-0.0003111311234533787,0.62210923,False,142633,False,low,DOWN in diabetic,False
8_64104447_C_T,rs148649055,0.9696661982859064,ENSG00000180828,BHLHE22,0.00133208433787028,0.9545266,False,475918,False,low,UP in diabetic,True
8_76312591_A_G,rs13262807,0.340749288963212,ENSG00000091656,ZFHX4,1.811981201171875e-05,0.8127267,False,368648,False,low,UP in diabetic,True
8_94808366_A_G,rs4734291,0.9999982953325348,ENSG00000164941,INTS8,-0.0007297346989313761,0.69829345,True,4945,False,low,DOWN in diabetic,False
8_94957029_G_A,rs4582532,0.2596124466754053,ENSG00000164938,TP53INP1,-0.0005663544870913029,0.8444979,True,7651,False,low,DOWN in diabetic,False
8_94957033_G_A,rs2340586,0.2611433104856466,ENSG00000164938,TP53INP1,-0.0014403519841531913,0.89368504,True,7655,False,low,DOWN in diabetic,False
9_104972433_A_G,rs4556142,0.3955996312736575,ENSG00000165029,ABCA1,0.0014935582876205444,0.90346414,True,44278,False,low,UP in diabetic,False
9_117612016_A_T,rs4837409,0.4857585633935988,ENSG00000285082,ENSG00000285082,-6.441275278727214e-05,0.69829345,False,92141,False,low,DOWN in diabetic,False
9_117628004_A_C,rs1887904,0.3657355219621964,ENSG00000285082,ENSG00000285082,-0.00011368592580159505,0.73917776,False,76153,False,low,DOWN in diabetic,False
9_133735079_T_C,rs493901,0.3138017407603969,ENSG00000123453,SARDH,0.0027115782722830772,0.9529964,True,4876,False,low,UP in diabetic,False
9_133735466_T_C,rs497622,0.6183967248452495,ENSG00000123453,SARDH,-4.867712656656901e-05,0.79474694,False,4489,False,low,DOWN in diabetic,False
9_134284486_G_A,rs72619339,0.8358487758723486,ENSG00000186350,RXRA,0.0003707210222880046,0.600902,True,32612,False,low,UP in diabetic,True
9_136352142_G_A,rs28679497,0.2438168536976119,ENSG00000213221,DNLZ,0.0015062491099039714,0.9095027,True,11602,False,low,UP in diabetic,False
9_136352316_G_A,rs61386106,0.2218667557720704,ENSG00000213221,DNLZ,0.0004708021879196167,0.72342026,False,11428,False,low,UP in diabetic,False
9_136353630_A_G,rs28642213,0.373534969078732,ENSG00000213221,DNLZ,-0.0012859006722768147,0.839569,True,10114,False,low,DOWN in diabetic,False
9_136606873_G_A,rs4880106,0.2502235320061317,ENSG00000172889,EGFL7,3.3405919869740806e-05,0.82391596,False,51983,False,low,UP in diabetic,False
9_136611268_C_T,rs7022365,0.638115489983925,ENSG00000172889,EGFL7,0.0022324249148368835,0.9863523,False,47588,False,low,UP in diabetic,False
9_136612314_G_A,rs7045408,0.231183063471588,ENSG00000172889,EGFL7,-0.00158345823486646,0.9627358,False,46542,False,low,DOWN in diabetic,False
9_137477733_C_T,rs2002003,0.2528538067316215,ENSG00000165802,NSMF,-0.001173230508963267,0.8752832,False,18399,False,low,DOWN in diabetic,False
9_20853164_C_T,rs117491935,0.9627951295605928,ENSG00000188921,HACD4,-4.04516855875651e-05,0.63238406,False,178476,False,low,DOWN in diabetic,False
9_21340787_C_A,rs10119678,0.5225060856497891,ENSG00000198642,KLHL9,-0.0007651249567667643,0.69829345,True,5383,False,low,DOWN in diabetic,False
9_21342333_G_A,rs4526448,0.4459006255822425,ENSG00000198642,KLHL9,-0.001057128111521403,0.879187,False,6929,False,low,DOWN in diabetic,False
9_22132699_T_C,rs10965246,0.298607222069384,ENSG00000147883,CDKN2B,0.0018606384595235188,0.93248457,True,123394,False,low,UP in diabetic,False
9_22132730_A_G,rs10965247,0.257291835578719,ENSG00000147883,CDKN2B,0.0008342266082763672,0.775255,True,123425,False,low,UP in diabetic,False
9_22132879_T_C,rs10965248,0.257004291295716,ENSG00000147883,CDKN2B,0.0024415155251820884,0.9302391,True,123574,False,low,UP in diabetic,False
9_22134069_G_A,rs10811660,0.3740876737204379,ENSG00000147883,CDKN2B,0.0010521312554677327,0.8539419,True,124764,False,low,UP in diabetic,False
9_22134095_T_C,rs10811661,0.5827731641795713,ENSG00000147883,CDKN2B,-0.0012961427370707195,0.9230626,True,124790,False,low,DOWN in diabetic,False
9_22136441_G_C,rs12555274,0.9969913931090796,ENSG00000147883,CDKN2B,-0.00047149260838826496,0.9205166,False,127136,False,low,DOWN in diabetic,False
9_22137686_T_G,rs7018475,0.768558208296345,ENSG00000147883,CDKN2B,-0.003293702999750773,0.9673817,True,128381,False,low,DOWN in diabetic,False
9_22288141_T_A,rs7030811,0.2087766406094091,ENSG00000176399,DMRTA1,0.0013228654861450195,0.90346414,False,158683,False,low,UP in diabetic,True
9_28414627_C_T,rs17770336,0.3819639321552545,ENSG00000174482,LINGO2,-0.001659075419108073,0.8671202,True,798974,False,low,DOWN in diabetic,False
9_33626825_C_A,rs562506882,1.0,ENSG00000230453,ANKRD18B,2.6464462280273438e-05,0.7068712,False,102574,False,low,UP in diabetic,False
9_4298589_G_A,rs35338539,0.552105072444569,ENSG00000107249,GLIS3,0.006409923235575358,0.99876106,False,49803,True,medium,UP in diabetic,True
9_4298955_G_C,rs10974444,0.226858385852816,ENSG00000107249,GLIS3,0.0024944146474202475,0.9781595,False,49437,False,low,UP in diabetic,True
9_81694033_G_A,rs2796441,0.5341580308526264,ENSG00000196781,TLE1,0.0007164500032862028,0.9151803,False,4486,False,low,UP in diabetic,False
9_81696885_T_C,rs9410573,0.4658383816584869,ENSG00000196781,TLE1,0.0003894846886396408,0.73917776,False,7338,False,low,UP in diabetic,False
9_82781722_C_G,rs72739155,0.9177953687529328,ENSG00000165105,RASEF,0.0003864169120788574,0.71524596,True,281455,False,low,UP in diabetic,False
9_94602354_C_T,rs148629173,0.7457858157806766,ENSG00000130957,FBP2,0.0022446314493815103,0.97048765,False,8530,False,low,UP in diabetic,False
9_94632527_G_A,rs118036821,0.2128914746508957,ENSG00000165140,FBP1,0.002553210904200872,0.94809806,True,7722,False,low,UP in diabetic,False
X_129980808_G_A,rs180956060,0.974788988086966,ENSG00000085185,BCORL1,-0.03216254711151123,0.9997112,True,299,True,high,DOWN in diabetic,False
X_153634467_A_G,rs5945326,0.201310670152668,ENSG00000130829,DUSP9,-0.00018501033385594687,0.63238406,True,8025,False,low,DOWN in diabetic,False
X_153635030_C_T,rs4898364,0.498686028327068,ENSG00000130829,DUSP9,0.008272296438614527,0.99962133,False,7462,True,medium,UP in diabetic,False
X_19285529_G_A,rs141809960,0.291968627300294,ENSG00000131828,PDHA1,0.0007548282543818156,0.65228176,True,58364,False,low,UP in diabetic,False
X_19339083_G_A,rs139130558,0.223373694980745,ENSG00000131828,PDHA1,7.128591338793437e-05,0.57881373,False,4810,False,low,UP in diabetic,False
X_19437376_C_T,rs182488212,0.410393345049393,ENSG00000180815,MAP3K15,0.03390397628148397,0.99973917,True,78132,True,high,UP in diabetic,False
X_53724159_A_G,rs5978188,0.952016957107223,ENSG00000086758,HUWE1,-0.00012135505676269531,0.45522588,False,37407,False,low,DOWN in diabetic,False
X_68415784_G_A,rs757732263,0.322402410910139,ENSG00000079482,OPHN1,0.001193682352701823,0.8829762,True,18129,False,low,UP in diabetic,False
X_68997505_G_A,rs995414642,0.442065643010028,ENSG00000181191,PJA1,0.0016854479908943176,0.8829762,True,168016,False,low,UP in diabetic,False
